state,district,market,crop,variety,date,min_price,max_price,price_per_kg
andhra pradesh,chittor,chittoor,gur(jaggery),no 2,19-08-2025,3000,3500,3500
andhra pradesh,chittor,palamaner,brinjal,brinjal,19-08-2025,2500,4000,3000
andhra pradesh,chittor,palamaner,ridgeguard(tori),ridgeguard(tori),19-08-2025,2000,3000,2500
andhra pradesh,east godavari,ravulapelem,banana,amruthapani,19-08-2025,2700,3400,3200
andhra pradesh,east godavari,ravulapelem,banana,bhushavali(pacha),19-08-2025,2100,2500,2300
andhra pradesh,east godavari,ravulapelem,banana,chakkarakeli(white),19-08-2025,1800,2800,2500
andhra pradesh,guntur,duggirala,turmeric,finger,19-08-2025,9811,10500,10300
andhra pradesh,guntur,tenali,black gram (urd beans)(whole),black gram (whole),19-08-2025,7400,7800,7600
andhra pradesh,guntur,tenali,black gram (urd beans)(whole),black gram (whole),19-08-2025,6500,7000,6800
andhra pradesh,kurnool,kurnool,groundnut,local,19-08-2025,2566,6819,4653
andhra pradesh,kurnool,yemmiganur,groundnut,tmv-2,19-08-2025,2680,7192,6810
andhra pradesh,nellore,atmakur(sps),cotton,local,19-08-2025,7121,7600,7521
andhra pradesh,visakhapatnam,chintapally,turmeric,finger,19-08-2025,7000,8000,7500
bihar,madhubani,jainagar,onion,medium,19-08-2025,2400,2600,2500
bihar,rohtas,natwar,potato,jyoti,19-08-2025,1200,1400,1300
chandigarh,chandigarh,chandigarh(grain/fruit),mousambi(sweet lime),other,19-08-2025,1500,3500,3000
chandigarh,chandigarh,chandigarh(grain/fruit),plum,other,19-08-2025,5000,7000,6000
chandigarh,chandigarh,chandigarh(grain/fruit),potato,other,19-08-2025,300,1600,1200
gujarat,ahmedabad,mandal,cummin seed(jeera),other,19-08-2025,17005,18375,17750
gujarat,ahmedabad,sanad,paddy(dhan)(common),other,19-08-2025,2116,2488,2302
gujarat,ahmedabad,viramgam,castor seed,castor seed,19-08-2025,6460,6475,6470
gujarat,ahmedabad,viramgam,"sesamum(sesame,gingelly,til)",other,19-08-2025,8590,8915,8750
gujarat,amreli,bagasara,arhar (tur/red gram)(whole),777 new ind,19-08-2025,5000,5200,5100
gujarat,amreli,bagasara,"sesamum(sesame,gingelly,til)",white,19-08-2025,7000,9000,8000
gujarat,amreli,bagasara,soyabean,yellow,19-08-2025,4250,4350,4300
gujarat,amreli,bagasara,wheat,lokwan gujrat,19-08-2025,2555,2615,2585
gujarat,amreli,damnagar,ginger(green),green ginger,19-08-2025,4500,6000,5500
gujarat,amreli,damnagar,guar,gwar,19-08-2025,2800,3500,3200
gujarat,amreli,damnagar,lemon,lemon,19-08-2025,1200,2000,1500
gujarat,amreli,damnagar,tomato,local,19-08-2025,2500,4200,3500
gujarat,amreli,savarkundla,wheat,lokwan,19-08-2025,2250,2825,2500
gujarat,anand,khambhat(veg yard khambhat),tomato,other,19-08-2025,4500,5000,4800
gujarat,banaskanth,vadgam,groundnut,other,19-08-2025,3905,4355,4150
gujarat,bharuch,jambusar(kaavi),castor seed,other,19-08-2025,5400,6200,5800
gujarat,bharuch,jambusar(kaavi),cotton,other,19-08-2025,5600,6200,5900
gujarat,bharuch,jambusar(kaavi),jowar(sorghum),other,19-08-2025,3300,3900,3600
gujarat,botad,botad,bengal gram(gram)(whole),other,19-08-2025,4375,5780,5050
gujarat,botad,botad,corriander seed,other,19-08-2025,4450,4450,4450
gujarat,botad,botad,jowar(sorghum),other,19-08-2025,3150,4055,3650
gujarat,botad,botad(haddad),cotton,shanker 6 (b) 30mm fine,19-08-2025,7000,7000,7000
gujarat,chhota udaipur,kalediya,cotton,shanker 6 (b) 30mm fine,19-08-2025,6800,6950,6900
gujarat,dahod,dahod,arhar (tur/red gram)(whole),other,19-08-2025,5300,5600,5400
gujarat,dahod,dahod,bengal gram(gram)(whole),other,19-08-2025,6125,6150,6135
gujarat,dahod,dahod(veg. market),bottle gourd,bottle gourd,19-08-2025,300,1500,900
gujarat,dahod,dahod(veg. market),brinjal,brinjal,19-08-2025,400,2500,1450
gujarat,dahod,dahod(veg. market),coriander(leaves),coriander,19-08-2025,1500,6000,3750
gujarat,dahod,dahod(veg. market),onion,onion,19-08-2025,800,1300,1050
gujarat,dahod,dahod(veg. market),potato,potato,19-08-2025,1400,1500,1450
gujarat,dahod,limkheda,maize,other,19-08-2025,2350,2400,2375
gujarat,gandhinagar,dehgam,castor seed,other,19-08-2025,6350,6400,6375
gujarat,gandhinagar,dehgam,paddy(dhan)(common),other,19-08-2025,1875,2250,2062
gujarat,gandhinagar,dehgam(rekhiyal),paddy(dhan)(common),other,19-08-2025,1825,2175,2000
gujarat,jamnagar,dhrol,wheat,other,19-08-2025,2105,2570,2340
gujarat,kheda,kapadvanj,tomato,other,19-08-2025,4000,4500,4200
gujarat,kheda,matar(limbasi),paddy(dhan)(common),other,19-08-2025,2315,2365,2345
gujarat,kheda,nadiad,potato,other,19-08-2025,1800,2000,1900
gujarat,kheda,nadiad,potato,other,19-08-2025,1300,1500,1400
gujarat,kheda,nadiyad(chaklasi),bhindi(ladies finger),bhindi,19-08-2025,1500,1800,1600
gujarat,kheda,nadiyad(chaklasi),potato,potato,19-08-2025,900,1000,950
gujarat,kheda,nadiyad(piplag),bhindi(ladies finger),bhindi,19-08-2025,1500,2000,1750
gujarat,kheda,nadiyad(piplag),tomato,tomato,19-08-2025,2000,2500,2200
gujarat,mehsana,unava,castor seed,other,19-08-2025,6500,6530,6525
gujarat,mehsana,vijapur(gojjariya),castor seed,other,19-08-2025,6480,6480,6480
gujarat,navsari,navsari,lemon,lemon,19-08-2025,5000,6000,5500
gujarat,panchmahals,morva hafad,wheat,other,19-08-2025,2400,2500,2450
gujarat,patan,siddhpur,castor seed,castor seed,19-08-2025,6250,6555,6402
gujarat,porbandar,porbandar,green chilli,green chilly,19-08-2025,3000,4000,3500
gujarat,porbandar,porbandar,water melon,other,19-08-2025,2000,2500,2250
gujarat,rajkot,dhoraji,soyabean,yellow,19-08-2025,4330,4405,4375
gujarat,rajkot,gondal(veg.market gondal),bhindi(ladies finger),bhindi,19-08-2025,500,2000,1250
gujarat,rajkot,gondal(veg.market gondal),carrot,carrot,19-08-2025,1500,3500,2500
gujarat,rajkot,gondal(veg.market gondal),cauliflower,cauliflower,19-08-2025,1000,2500,1750
gujarat,rajkot,gondal(veg.market gondal),cucumbar(kheera),cucumbar,19-08-2025,200,2000,1100
gujarat,rajkot,gondal(veg.market gondal),potato,potato,19-08-2025,200,330,265
gujarat,rajkot,gondal(veg.market gondal),tomato,tomato,19-08-2025,3000,6500,4750
gujarat,rajkot,rajkot,corriander seed,coriander seed,19-08-2025,6900,7300,7150
gujarat,rajkot,rajkot,groundnut,bold,19-08-2025,4500,5595,5125
gujarat,rajkot,rajkot,wheat,lokwan,19-08-2025,2525,2635,2605
gujarat,rajkot,rajkot,wheat,sharbati,19-08-2025,2555,2925,2700
gujarat,sabarkantha,malpur,wheat,other,19-08-2025,2350,2425,2387.5
gujarat,surat,bardoli(katod),brinjal,other,19-08-2025,1200,2500,1850
gujarat,surat,surat,bitter gourd,other,19-08-2025,1500,3000,2250
gujarat,surat,surat,bottle gourd,other,19-08-2025,2000,4000,3000
gujarat,surat,surat,cabbage,other,19-08-2025,500,1200,850
gujarat,surat,surat,capsicum,other,19-08-2025,2000,3500,2750
gujarat,surat,surat,french beans (frasbean),other,19-08-2025,3000,5000,4000
gujarat,surat,surat,pointed gourd (parval),other,19-08-2025,2000,4000,3000
gujarat,surat,surat,tomato,other,19-08-2025,2500,5500,4000
gujarat,surat,surat,yam (ratalu),other,19-08-2025,6000,17500,11750
gujarat,surendranagar,chotila,wheat,local,19-08-2025,2250,2650,2450
gujarat,surendranagar,vadhvan,banana,other,19-08-2025,2000,3000,2500
gujarat,surendranagar,vadhvan,cauliflower,cauliflower,19-08-2025,1500,2000,1750
gujarat,surendranagar,vadhvan,coriander(leaves),coriander,19-08-2025,500,1000,750
gujarat,surendranagar,vadhvan,peas wet,peas wet,19-08-2025,12500,13000,12750
gujarat,surendranagar,vadhvan,potato,potato,19-08-2025,1500,2000,1750
gujarat,surendranagar,vadhvan,spinach,spinach,19-08-2025,500,750,625
gujarat,vadodara(baroda),padra,cluster beans,other,19-08-2025,2000,2750,2400
gujarat,vadodara(baroda),padra,cucumbar(kheera),other,19-08-2025,1000,2500,1750
gujarat,vadodara(baroda),padra,drumstick,other,19-08-2025,3500,4000,3750
gujarat,vadodara(baroda),padra,tomato,other,19-08-2025,2000,5500,4000
haryana,ambala,ambala cantt.,banana,other,19-08-2025,2000,2600,2200
haryana,ambala,ambala cantt.,brinjal,brinjal,19-08-2025,1000,1500,1200
haryana,ambala,barara,banana,other,19-08-2025,2200,2500,2200
haryana,ambala,barara,bhindi(ladies finger),other,19-08-2025,1000,1200,1200
haryana,ambala,barara,cauliflower,other,19-08-2025,700,700,700
haryana,ambala,barara,coriander(leaves),coriander,19-08-2025,1200,2000,1500
haryana,ambala,barara,cucumbar(kheera),other,19-08-2025,700,700,700
haryana,ambala,barara,green chilli,other,19-08-2025,1500,2000,1500
haryana,ambala,barara,mango,other,19-08-2025,3500,4000,3500
haryana,ambala,barara,pineapple,other,19-08-2025,3000,3500,3000
haryana,gurgaon,gurgaon,mango,other,19-08-2025,5000,10000,7500
haryana,gurgaon,sohna,bhindi(ladies finger),bhindi,19-08-2025,1500,2500,1800
haryana,gurgaon,sohna,bottle gourd,bottle gourd,19-08-2025,1200,1800,1500
haryana,gurgaon,sohna,cucumbar(kheera),cucumbar,19-08-2025,1200,2000,1800
haryana,gurgaon,sohna,guava,guava,19-08-2025,1500,1500,1500
haryana,hissar,barwala(hisar),guava,other,19-08-2025,1500,1600,1550
haryana,hissar,barwala(hisar),pumpkin,other,19-08-2025,900,1000,950
haryana,hissar,hansi,bitter gourd,other,19-08-2025,3000,4000,3500
haryana,hissar,hansi,bottle gourd,other,19-08-2025,1500,2000,1800
haryana,hissar,hansi,brinjal,other,19-08-2025,2000,3000,2500
haryana,hissar,hansi,chikoos(sapota),other,19-08-2025,5000,7000,6000
haryana,hissar,hansi,lemon,other,19-08-2025,3000,5000,4000
haryana,hissar,hansi,potato,other,19-08-2025,1000,3500,1500
haryana,hissar,hansi,raddish,other,19-08-2025,3000,4000,3500
haryana,hissar,hansi,ridgeguard(tori),other,19-08-2025,3000,3500,3300
haryana,jhajar,bahadurgarh,apple,other,19-08-2025,7000,8000,7500
haryana,jhajar,bahadurgarh,bitter gourd,other,19-08-2025,3500,6000,5000
haryana,jhajar,bahadurgarh,bottle gourd,other,19-08-2025,1200,1300,1250
haryana,jhajar,bahadurgarh,brinjal,other,19-08-2025,1500,3500,3000
haryana,jhajar,bahadurgarh,tinda,other,19-08-2025,3000,7000,5000
haryana,karnal,indri,apple,other,19-08-2025,6000,6000,6000
haryana,karnal,indri,pomegranate,other,19-08-2025,9000,9000,9000
haryana,karnal,indri,tomato,other,19-08-2025,4400,4400,4400
haryana,kurukshetra,ladwa,bitter gourd,bitter gourd,19-08-2025,2500,2500,2500
haryana,kurukshetra,ladwa,bottle gourd,bottle gourd,19-08-2025,1000,1000,1000
haryana,kurukshetra,ladwa,pomegranate,pomogranate,19-08-2025,8000,8000,8000
haryana,mahendragarh-narnaul,narnaul,capsicum,capsicum,19-08-2025,4000,6000,6000
haryana,mahendragarh-narnaul,narnaul,coriander(leaves),coriander,19-08-2025,5000,5000,5000
haryana,mahendragarh-narnaul,narnaul,pear(marasebu),pears,19-08-2025,5000,5000,5000
haryana,mahendragarh-narnaul,narnaul,tender coconut,tender coconut,19-08-2025,5000,6000,6000
haryana,mewat,tauru,mousambi(sweet lime),other,19-08-2025,3500,3500,3500
haryana,panipat,panipat,banana,other,19-08-2025,2000,2400,2200
haryana,panipat,panipat,brinjal,arkasheela mattigulla,19-08-2025,700,1500,1100
haryana,panipat,panipat,cabbage,other,19-08-2025,800,1400,1100
haryana,panipat,samalkha,bhindi(ladies finger),bhindi,19-08-2025,1500,1500,1500
haryana,panipat,samalkha,colacasia,colacasia,19-08-2025,2400,2400,2400
haryana,panipat,samalkha,ginger(dry),other,19-08-2025,6000,6000,6000
haryana,panipat,samalkha,green chilli,green chilly,19-08-2025,6000,6000,6000
haryana,panipat,samalkha,lemon,lemon,19-08-2025,6000,6000,6000
haryana,panipat,samalkha,tomato,local,19-08-2025,2900,2900,2900
haryana,rewari,kosli,bottle gourd,bottle gourd,19-08-2025,1000,1000,1000
haryana,rewari,kosli,cucumbar(kheera),other,19-08-2025,1800,1800,1800
haryana,rewari,kosli,potato,other,19-08-2025,1000,1000,1000
haryana,rohtak,meham,apple,apple,19-08-2025,3000,5000,4000
haryana,rohtak,meham,banana,other,19-08-2025,1600,1600,1600
haryana,rohtak,meham,bhindi(ladies finger),bhindi,19-08-2025,2000,2000,2000
haryana,rohtak,meham,guava,guava,19-08-2025,500,1200,800
haryana,rohtak,meham,mousambi(sweet lime),mousambi,19-08-2025,2500,2800,2600
haryana,rohtak,meham,onion,other,19-08-2025,1700,1700,1700
haryana,rohtak,rohtak,mousambi(sweet lime),other,19-08-2025,2000,3500,2500
haryana,rohtak,rohtak,pineapple,other,19-08-2025,2000,3500,2500
haryana,sonipat,ganaur,capsicum,capsicum,19-08-2025,3500,4000,3800
haryana,sonipat,ganaur,carrot,carrot,19-08-2025,3500,4000,3800
haryana,sonipat,ganaur,cucumbar(kheera),cucumbar,19-08-2025,1500,2000,1800
haryana,sonipat,ganaur,raddish,raddish,19-08-2025,2000,2500,2200
haryana,sonipat,gohana,brinjal,other,19-08-2025,1200,3000,2000
haryana,sonipat,gohana,green chilli,other,19-08-2025,5000,7000,6000
haryana,sonipat,sonepat,apple,other,19-08-2025,4200,5200,4200
haryana,sonipat,sonepat,cucumbar(kheera),other,19-08-2025,1500,3200,1500
haryana,sonipat,sonepat,onion,other,19-08-2025,1200,1600,1200
haryana,yamuna nagar,chhachrauli,apple,apple,19-08-2025,12000,12000,12000
haryana,yamuna nagar,chhachrauli,onion,onion,19-08-2025,1900,2500,1900
haryana,yamuna nagar,chhachrauli,potato,potato,19-08-2025,1100,1200,1100
haryana,yamuna nagar,chhachrauli,ridgeguard(tori),ridgeguard(tori),19-08-2025,1800,2000,1800
haryana,yamuna nagar,jagadhri,apple,other,19-08-2025,4000,8000,7000
haryana,yamuna nagar,jagadhri,cabbage,other,19-08-2025,1000,1200,1100
haryana,yamuna nagar,jagadhri,onion,other,19-08-2025,1400,1800,1600
haryana,yamuna nagar,jagadhri,potato,other,19-08-2025,900,1040,1025
haryana,yamuna nagar,jagadhri,raddish,other,19-08-2025,1500,1800,1650
haryana,yamuna nagar,sadhaura,capsicum,capsicum,19-08-2025,3000,5000,4000
haryana,yamuna nagar,sadhaura,onion,onion,19-08-2025,1600,1800,1700
himachal pradesh,bilaspur,bilaspur,cauliflower,other,19-08-2025,3500,5000,4800
himachal pradesh,bilaspur,bilaspur,potato,local,19-08-2025,1200,2400,1600
himachal pradesh,bilaspur,bilaspur,tomato,local,19-08-2025,4000,6200,4800
himachal pradesh,chamba,chamba,cauliflower,other,19-08-2025,5000,5500,5250
himachal pradesh,chamba,chamba,green chilli,other,19-08-2025,6000,7000,6500
himachal pradesh,chamba,chamba,onion,other,19-08-2025,2300,2500,2400
himachal pradesh,chamba,chamba,tomato,other,19-08-2025,6000,6500,6250
himachal pradesh,kangra,dharamshala,brinjal,other,19-08-2025,2600,3000,2800
himachal pradesh,kangra,dharamshala,french beans (frasbean),other,19-08-2025,9000,10000,9500
himachal pradesh,kangra,dharamshala,green chilli,other,19-08-2025,6000,7000,6500
himachal pradesh,kangra,kangra,banana,other,19-08-2025,4000,5000,4500
himachal pradesh,kangra,kangra,bottle gourd,other,19-08-2025,2500,4000,3500
himachal pradesh,kangra,kangra,ginger(green),other,19-08-2025,7800,8000,7900
himachal pradesh,kangra,kangra,guava,other,19-08-2025,5000,6000,5500
himachal pradesh,kangra,kangra,onion,other,19-08-2025,2200,2400,2300
himachal pradesh,kangra,kangra,pumpkin,other,19-08-2025,1500,2200,1800
himachal pradesh,kangra,kangra,tomato,other,19-08-2025,5600,6000,5800
himachal pradesh,kangra,kangra(baijnath),bottle gourd,bottle gourd,19-08-2025,3400,4500,4000
himachal pradesh,kangra,kangra(baijnath),capsicum,capsicum,19-08-2025,7400,7500,7500
himachal pradesh,kangra,kangra(baijnath),lemon,lemon,19-08-2025,6500,7000,6800
himachal pradesh,kangra,kangra(baijnath),peas wet,other,19-08-2025,10800,11000,10900
himachal pradesh,kangra,kangra(jaisinghpur),bottle gourd,bottle gourd,19-08-2025,2800,3500,3100
himachal pradesh,kangra,kangra(jaisinghpur),papaya,other,19-08-2025,3300,3400,3350
himachal pradesh,kangra,kangra(nagrota bagwan),banana,amruthapani,19-08-2025,4000,4800,4500
himachal pradesh,kangra,kangra(nagrota bagwan),brinjal,arkasheela mattigulla,19-08-2025,2000,2800,2400
himachal pradesh,kangra,kangra(nagrota bagwan),french beans (frasbean),french beans (frasbean),19-08-2025,8000,9000,8500
himachal pradesh,kangra,kangra(nagrota bagwan),green chilli,green chilly,19-08-2025,5000,5500,5200
himachal pradesh,kangra,kangra(nagrota bagwan),lemon,lemon,19-08-2025,5000,6000,5500
himachal pradesh,kangra,palampur,bitter gourd,other,19-08-2025,3800,4000,3900
himachal pradesh,kangra,palampur,bottle gourd,bottle gourd,19-08-2025,2500,3000,2700
himachal pradesh,kangra,palampur,colacasia,colacasia,19-08-2025,2500,3000,2700
himachal pradesh,kangra,palampur,lemon,other,19-08-2025,7000,8000,7500
himachal pradesh,kangra,palampur,pumpkin,other,19-08-2025,1500,2000,1700
himachal pradesh,kangra,palampur,raddish,raddish,19-08-2025,2000,2500,2200
himachal pradesh,kullu,bandrol,cauliflower,other,19-08-2025,1000,1500,1200
himachal pradesh,kullu,bhuntar,cauliflower,other,19-08-2025,1000,2000,1500
himachal pradesh,kullu,bhuntar,garlic,other,19-08-2025,4000,10000,7000
himachal pradesh,kullu,bhuntar,potato,other,19-08-2025,2500,2800,2600
himachal pradesh,kullu,bhuntar,tomato,other,19-08-2025,1000,3000,2000
himachal pradesh,kullu,kullu(chauri bihal),cucumbar(kheera),other,19-08-2025,500,1200,1000
himachal pradesh,mandi,mandi(mandi),bottle gourd,bottle gourd,19-08-2025,2000,2800,2500
himachal pradesh,mandi,mandi(mandi),brinjal,other,19-08-2025,1000,2500,1500
himachal pradesh,mandi,mandi(mandi),colacasia,colacasia,19-08-2025,2000,3000,2500
himachal pradesh,mandi,mandi(mandi),garlic,other,19-08-2025,10000,10000,10000
himachal pradesh,mandi,mandi(mandi),onion,onion,19-08-2025,2000,2500,2200
himachal pradesh,mandi,mandi(mandi),peas cod,peas cod,19-08-2025,2000,6000,6000
himachal pradesh,mandi,mandi(mandi),spinach,other,19-08-2025,3000,4000,4000
himachal pradesh,sirmore,nahan,bitter gourd,bitter gourd,19-08-2025,2000,2500,2200
himachal pradesh,sirmore,nahan,bottle gourd,bottle gourd,19-08-2025,1500,2000,1800
himachal pradesh,sirmore,nahan,green chilli,other,19-08-2025,4000,5000,4500
himachal pradesh,sirmore,paonta sahib,french beans (frasbean),other,19-08-2025,5000,6000,5500
himachal pradesh,sirmore,paonta sahib,green chilli,other,19-08-2025,4000,5000,4500
himachal pradesh,sirmore,paonta sahib,potato,other,19-08-2025,1000,1500,1200
himachal pradesh,sirmore,paonta sahib,pumpkin,other,19-08-2025,1500,2000,1800
himachal pradesh,solan,waknaghat,capsicum,capsicum,19-08-2025,1000,3000,3000
himachal pradesh,solan,waknaghat,french beans (frasbean),french beans (frasbean),19-08-2025,4000,5000,5000
himachal pradesh,solan,waknaghat,tomato,deshi,19-08-2025,1000,3400,3400
jammu and kashmir,anantnag,kulgam,apple,other,19-08-2025,3529.41,5352.94,5294.12
jammu and kashmir,anantnag,kulgam,pear(marasebu),other,19-08-2025,2250,4000,3750
jammu and kashmir,baramulla,nowpora,pear(marasebu),other,19-08-2025,2900,5900,4400
jammu and kashmir,jammu,narwal jammu (f&v),apple,delicious,19-08-2025,3000,7000,5000
jammu and kashmir,jammu,narwal jammu (f&v),cauliflower,other,19-08-2025,2000,2600,2300
jammu and kashmir,jammu,narwal jammu (f&v),french beans (frasbean),french beans (frasbean),19-08-2025,4000,5000,4500
jammu and kashmir,jammu,narwal jammu (f&v),ginger(green),other,19-08-2025,4000,5000,4500
jammu and kashmir,jammu,narwal jammu (f&v),green chilli,other,19-08-2025,3500,4500,4000
jammu and kashmir,jammu,narwal jammu (f&v),knool khol,other,19-08-2025,2500,3000,2750
jammu and kashmir,jammu,narwal jammu (f&v),papaya,other,19-08-2025,3000,3400,3200
jammu and kashmir,jammu,narwal jammu (f&v),plum,other,19-08-2025,4000,5000,4500
jammu and kashmir,jammu,narwal jammu (f&v),pomegranate,other,19-08-2025,8000,14000,11000
jammu and kashmir,jammu,narwal jammu (f&v),ridgeguard(tori),other,19-08-2025,2300,2500,2400
jammu and kashmir,kathua,kathua,apple,delicious,19-08-2025,10000,12000,11000
jammu and kashmir,kathua,kathua,bitter gourd,other,19-08-2025,2500,3000,2750
jammu and kashmir,kathua,kathua,cabbage,other,19-08-2025,2000,2200,2100
jammu and kashmir,kathua,kathua,cucumbar(kheera),other,19-08-2025,2000,2200,2100
jammu and kashmir,kathua,kathua,garlic,garlic,19-08-2025,12000,13000,12500
jammu and kashmir,kathua,kathua,ginger(green),other,19-08-2025,6000,6500,6250
jammu and kashmir,kathua,kathua,guava,other,19-08-2025,8000,8500,8250
jammu and kashmir,kathua,kathua,mashrooms,mashrooms,19-08-2025,13000,14000,13500
jammu and kashmir,kathua,kathua,mousambi(sweet lime),other,19-08-2025,6000,7000,6500
jammu and kashmir,rajouri,rajouri (f&v),bhindi(ladies finger),other,19-08-2025,3500,3700,3600
jammu and kashmir,rajouri,rajouri (f&v),green chilli,other,19-08-2025,6000,6200,6100
jammu and kashmir,rajouri,rajouri (f&v),tomato,other,19-08-2025,6000,6200,6100
jammu and kashmir,srinagar,parimpore,apple,other,19-08-2025,4500,5500,5000
jammu and kashmir,srinagar,parimpore,cabbage,other,19-08-2025,1800,2000,1900
jammu and kashmir,srinagar,parimpore,mango,other,19-08-2025,11000,13000,12000
jammu and kashmir,srinagar,parimpore,pineapple,pine apple,19-08-2025,9500,10000,9750
jammu and kashmir,srinagar,parimpore,tomato,other,19-08-2025,4500,5000,4750
jammu and kashmir,udhampur,udhampur,cucumbar(kheera),other,19-08-2025,2000,2500,2250
jammu and kashmir,udhampur,udhampur,indian beans (seam),other,19-08-2025,5500,6000,5750
jammu and kashmir,udhampur,udhampur,papaya,papaya,19-08-2025,4000,4500,4250
karnataka,bangalore,ramanagara,ashgourd,ashgourd,19-08-2025,1600,2400,2000
karnataka,bangalore,ramanagara,beans,beans (whole),19-08-2025,2400,3500,3000
karnataka,bangalore,ramanagara,cabbage,cabbage,19-08-2025,800,1000,900
karnataka,bangalore,ramanagara,carrot,carrot,19-08-2025,4000,5600,5000
karnataka,bangalore,ramanagara,knool khol,knool khol,19-08-2025,3000,4400,4000
karnataka,bangalore,ramanagara,ridgeguard(tori),ridgeguard(tori),19-08-2025,2800,4000,3500
karnataka,chamrajnagar,chamaraj nagar,coconut,grade-i,19-08-2025,14000,31000,20800
karnataka,chamrajnagar,chamaraj nagar,ridgeguard(tori),ridgeguard(tori),19-08-2025,2000,2600,2300
karnataka,davangere,davangere,banana,elakki bale,19-08-2025,5000,5500,5200
karnataka,davangere,davangere,brinjal,round/long,19-08-2025,1800,2300,2100
karnataka,davangere,davangere,cabbage,cabbage,19-08-2025,1600,2000,1800
karnataka,davangere,davangere,garlic,garlic,19-08-2025,1500,3900,2700
karnataka,davangere,davangere,green avare (w),green avare (w),19-08-2025,1900,2300,2000
karnataka,davangere,davangere,green chilli,green chilly,19-08-2025,2100,2500,2300
karnataka,davangere,davangere,pomegranate,pomogranate,19-08-2025,4000,5000,4500
karnataka,davangere,davangere,ridgeguard(tori),ridgeguard(tori),19-08-2025,2000,2500,2300
karnataka,davangere,davangere,suvarna gadde,suvarnagadde,19-08-2025,1600,2000,1900
karnataka,kolar,malur,beans,beans (whole),19-08-2025,3000,6000,5000
karnataka,shimoga,shimoga,black gram dal (urd dal),black gram dal,19-08-2025,9500,12000,10750
karnataka,shimoga,shimoga,drumstick,drumstick,19-08-2025,1800,2000,1900
karnataka,shimoga,shimoga,rice,fine,19-08-2025,4600,6500,5590
karnataka,shimoga,shimoga,thondekai,thondekai,19-08-2025,3800,4000,3900
karnataka,shimoga,shimoga,wheat,super fine,19-08-2025,3200,4600,3900
kerala,alappuzha,aroor,cabbage,other,19-08-2025,3400,3600,3500
kerala,alappuzha,aroor,carrot,other,19-08-2025,7800,8000,7900
kerala,alappuzha,aroor,cauliflower,other,19-08-2025,5000,5200,5100
kerala,alappuzha,chengannur,ashgourd,other,19-08-2025,1900,2200,2000
kerala,alappuzha,chengannur,bottle gourd,other,19-08-2025,1900,2200,2000
kerala,alappuzha,chengannur,brinjal,brinjal,19-08-2025,3900,4200,4000
kerala,alappuzha,chengannur,coconut,big,19-08-2025,6400,6800,6500
kerala,alappuzha,chengannur,mango (raw-ripe),mango - raw-ripe,19-08-2025,6800,7200,7000
kerala,alappuzha,chengannur,pumpkin,other,19-08-2025,2300,2600,2400
kerala,alappuzha,chengannur,tomato,tomato,19-08-2025,3800,4000,4000
kerala,alappuzha,cherthala,ashgourd,other,19-08-2025,3200,3400,3300
kerala,alappuzha,cherthala,bitter gourd,other,19-08-2025,4800,5000,4900
kerala,alappuzha,cherthala,cauliflower,cauliflower,19-08-2025,4200,4400,4300
kerala,alappuzha,cherthala,green chilli,green chilly,19-08-2025,6000,6200,6100
kerala,alappuzha,cherthala,ridgeguard(tori),other,19-08-2025,4200,4400,4300
kerala,alappuzha,harippad,banana,nendra bale,19-08-2025,5000,5500,5000
kerala,alappuzha,kayamkulam,amphophalus,other,19-08-2025,4600,4800,4700
kerala,alappuzha,kayamkulam,ashgourd,other,19-08-2025,1300,1500,1400
kerala,alappuzha,kayamkulam,banana,palayamthodan,19-08-2025,2200,2400,2300
kerala,alappuzha,kayamkulam,cabbage,other,19-08-2025,1700,1900,1800
kerala,alappuzha,kayamkulam,onion,small,19-08-2025,3400,3600,3500
kerala,alappuzha,kayamkulam,snakeguard,other,19-08-2025,4200,4400,4300
kerala,ernakulam,aluva,banana,palayamthodan,19-08-2025,2500,2700,2600
kerala,ernakulam,aluva,cucumbar(kheera),cucumbar,19-08-2025,3500,5000,4300
kerala,ernakulam,aluva,elephant yam (suran),other,19-08-2025,4000,5000,4500
kerala,ernakulam,mazhuvannur vfpck,elephant yam (suran),elephant yam (suran),19-08-2025,3400,4400,4000
kerala,ernakulam,north paravur,amphophalus,amphophalus,19-08-2025,4500,5000,4800
kerala,ernakulam,north paravur,banana - green,banana - green,19-08-2025,3800,4500,4000
kerala,ernakulam,north paravur,carrot,carrot,19-08-2025,7200,8000,7500
kerala,ernakulam,north paravur,cauliflower,african sarson,19-08-2025,3000,4000,3500
kerala,ernakulam,north paravur,coconut,big,19-08-2025,7200,8000,7500
kerala,ernakulam,north paravur,colacasia,colacasia,19-08-2025,4000,5000,4500
kerala,ernakulam,north paravur,cucumbar(kheera),cucumbar,19-08-2025,3800,4500,4000
kerala,ernakulam,north paravur,garlic,average,19-08-2025,9500,10000,9800
kerala,ernakulam,north paravur,pumpkin,other,19-08-2025,2000,2400,2200
kerala,ernakulam,perumbavoor,amaranthus,amaranthus,19-08-2025,2000,3000,2500
kerala,ernakulam,perumbavoor,cucumbar(kheera),cucumbar,19-08-2025,1600,2600,2000
kerala,ernakulam,perumbavoor,field pea,field pea,19-08-2025,2600,3600,3000
kerala,ernakulam,perumbavoor,tomato,tomato,19-08-2025,3500,4500,4000
kerala,ernakulam,piravam,ashgourd,other,19-08-2025,3000,4000,3500
kerala,ernakulam,piravam,carrot,other,19-08-2025,7500,8500,8000
kerala,ernakulam,piravam,drumstick,other,19-08-2025,4000,5000,4500
kerala,ernakulam,piravam,green chilli,other,19-08-2025,8000,9000,8500
kerala,ernakulam,piravam,mango (raw-ripe),other,19-08-2025,4000,5000,4500
kerala,ernakulam,piravam,orange,other,19-08-2025,12000,13000,12500
kerala,ernakulam,piravam,papaya (raw),other,19-08-2025,3000,4000,3500
kerala,ernakulam,piravam,pumpkin,other,19-08-2025,2000,3000,2500
kerala,ernakulam,piravam,sweet potato,other,19-08-2025,4500,5500,5000
kerala,ernakulam,piravam,tomato,other,19-08-2025,5000,6000,5500
kerala,ernakulam,piravam,water melon,water melon,19-08-2025,3000,4000,3500
kerala,ernakulam,pothanikkadu vfpck,banana,nendra bale,19-08-2025,4500,5500,5000
kerala,ernakulam,pothanikkadu vfpck,pineapple,other,19-08-2025,2000,2500,2200
kerala,ernakulam,puthenvelikkara  vfpck,banana - green,banana - green,19-08-2025,4700,4900,4800
kerala,ernakulam,thrippunithura,bhindi(ladies finger),bhindi,19-08-2025,5500,6500,5700
kerala,ernakulam,thrippunithura,bottle gourd,bottle gourd,19-08-2025,5000,6000,5200
kerala,ernakulam,thrippunithura,carrot,carrot,19-08-2025,8500,9400,8700
kerala,ernakulam,thrippunithura,colacasia,other,19-08-2025,5000,7000,5500
kerala,ernakulam,thrippunithura,pineapple,pine apple,19-08-2025,5000,6000,5200
kerala,idukki,adimali,carrot,carrot,19-08-2025,6000,6000,6000
kerala,idukki,adimali,green chilli,green chilly,19-08-2025,6000,6000,6000
kerala,idukki,adimali,snakeguard,snakeguard,19-08-2025,4000,4000,4000
kerala,kannur,kannur,bitter gourd,bitter gourd,19-08-2025,5800,6200,6000
kerala,kannur,kannur,coconut oil,other,19-08-2025,37000,38000,37500
kerala,kannur,kannur,cucumbar(kheera),cucumbar,19-08-2025,2400,2600,2500
kerala,kannur,payyannur,copra,other,19-08-2025,19000,19200,19100
kerala,kannur,payyannur,tapioca,other,19-08-2025,4000,4200,4100
kerala,kannur,taliparamba,cucumbar(kheera),other,19-08-2025,3300,3500,3400
kerala,kannur,taliparamba,onion,onion,19-08-2025,2500,2700,2600
kerala,kannur,thalasserry,coconut oil,other,19-08-2025,37600,38000,37800
kerala,kannur,thalasserry,tomato,other,19-08-2025,2800,3200,3000
kerala,kasargod,kasargod,paddy(dhan)(common),other,19-08-2025,2300,2500,2400
kerala,kollam,anchal,amaranthus,other,19-08-2025,3200,3400,3300
kerala,kollam,anchal,ashgourd,other,19-08-2025,5500,5700,5600
kerala,kollam,anchal,cauliflower,cauliflower,19-08-2025,5000,5200,5100
kerala,kollam,anchal,tomato,hybrid,19-08-2025,4500,4700,4600
kerala,kollam,kottarakkara,bhindi(ladies finger),other,19-08-2025,3000,4000,3500
kerala,kollam,kottarakkara,bitter gourd,other,19-08-2025,7000,8500,8000
kerala,kollam,kottarakkara,drumstick,drumstick,19-08-2025,3000,3500,3200
kerala,kollam,kottarakkara,elephant yam (suran),other,19-08-2025,6500,8500,7000
kerala,kollam,kottarakkara,green chilli,other,19-08-2025,10000,11000,11000
kerala,kollam,kottarakkara,little gourd (kundru),other,19-08-2025,5000,6000,5500
kerala,kollam,kottarakkara,potato,other,19-08-2025,4000,4500,4200
kerala,kollam,kottarakkara,snakeguard,other,19-08-2025,4500,5000,5000
kerala,kottayam,athirampuzha,brinjal,brinjal,19-08-2025,4400,4600,4500
kerala,kottayam,athirampuzha,capsicum,capsicum,19-08-2025,6400,6600,6500
kerala,kottayam,athirampuzha,cauliflower,cauliflower,19-08-2025,5000,5200,5100
kerala,kottayam,athirampuzha,green chilli,green chilly,19-08-2025,5000,5200,5100
kerala,kottayam,athirampuzha,lemon,other,19-08-2025,4000,4200,4100
kerala,kottayam,athirampuzha,onion,big,19-08-2025,2300,2500,2400
kerala,kottayam,athirampuzha,potato,potato,19-08-2025,2800,3000,2900
kerala,kottayam,athirampuzha,snakeguard,snakeguard,19-08-2025,4400,4600,4500
kerala,kottayam,kuruppanthura,amphophalus,amphophalus,19-08-2025,5400,6000,5800
kerala,kottayam,kuruppanthura,beetroot,beetroot,19-08-2025,4000,6000,5000
kerala,kottayam,kuruppanthura,bitter gourd,bitter gourd,19-08-2025,4400,8000,6000
kerala,kottayam,kuruppanthura,little gourd (kundru),other,19-08-2025,5000,6000,5500
kerala,kottayam,kuruppanthura,potato,potato,19-08-2025,4000,4000,4000
kerala,kottayam,pampady,banana,medium,19-08-2025,6500,7500,7000
kerala,kottayam,pampady,banana - green,banana - green,19-08-2025,6300,7500,7000
kerala,kottayam,pampady,cabbage,other,19-08-2025,3000,4200,4000
kerala,kottayam,pampady,cauliflower,other,19-08-2025,4100,5600,5000
kerala,kottayam,pampady,colacasia,other,19-08-2025,4600,6600,6000
kerala,kottayam,pampady,drumstick,other,19-08-2025,3200,4600,4000
kerala,kottayam,pampady,indian beans (seam),other,19-08-2025,3800,5000,4500
kerala,kottayam,pampady,onion,big,19-08-2025,2300,3000,2500
kerala,kottayam,thalayolaparambu,bhindi(ladies finger),bhindi,19-08-2025,3500,3800,3600
kerala,kottayam,thalayolaparambu,colacasia,other,19-08-2025,7000,7300,7100
kerala,kottayam,thalayolaparambu,elephant yam (suran),other,19-08-2025,4000,4400,4200
kerala,kottayam,thalayolaparambu,ginger(green),green ginger,19-08-2025,7400,7700,7500
kerala,kottayam,thalayolaparambu,pineapple,pine apple,19-08-2025,3700,4000,3800
kerala,kottayam,thalayolaparambu,potato,other,19-08-2025,3000,3300,3100
kerala,kozhikode(calicut),kallachi,ashgourd,ashgourd,19-08-2025,2400,2800,2600
kerala,kozhikode(calicut),kallachi,banana,nendra bale,19-08-2025,4800,5200,5000
kerala,kozhikode(calicut),kallachi,banana,palayamthodan,19-08-2025,3800,4200,4000
kerala,kozhikode(calicut),kallachi,cluster beans,cluster beans,19-08-2025,5300,5700,5500
kerala,kozhikode(calicut),kallachi,ginger(green),green ginger,19-08-2025,6800,7200,7000
kerala,kozhikode(calicut),kallachi,pumpkin,pumpkin,19-08-2025,2400,2800,2600
kerala,kozhikode(calicut),mukkom,amaranthus,amaranthus,19-08-2025,3200,3500,3300
kerala,kozhikode(calicut),mukkom,carrot,carrot,19-08-2025,6500,6800,6600
kerala,kozhikode(calicut),mukkom,pineapple,other,19-08-2025,6500,7500,7000
kerala,kozhikode(calicut),mukkom,pumpkin,pumpkin,19-08-2025,1800,2300,2000
kerala,kozhikode(calicut),palayam,amphophalus,other,19-08-2025,3900,3900,3900
kerala,kozhikode(calicut),palayam,banana - green,other,19-08-2025,3700,3700,3700
kerala,kozhikode(calicut),palayam,cluster beans,other,19-08-2025,4300,4300,4300
kerala,kozhikode(calicut),palayam,cucumbar(kheera),other,19-08-2025,3500,3500,3500
kerala,kozhikode(calicut),palayam,green chilli,other,19-08-2025,4200,4200,4200
kerala,kozhikode(calicut),palayam,raddish,other,19-08-2025,2300,2300,2300
kerala,kozhikode(calicut),palayam,snakeguard,other,19-08-2025,3500,3500,3500
kerala,kozhikode(calicut),perambra,french beans (frasbean),other,19-08-2025,4000,6000,5500
kerala,kozhikode(calicut),perambra,onion,other,19-08-2025,2400,2600,2600
kerala,kozhikode(calicut),perambra,potato,other,19-08-2025,2600,3000,2700
kerala,kozhikode(calicut),perambra,snakeguard,other,19-08-2025,4500,5000,4500
kerala,kozhikode(calicut),quilandy,amaranthus,other,19-08-2025,3400,3500,3400
kerala,kozhikode(calicut),quilandy,ashgourd,other,19-08-2025,2200,2300,2200
kerala,kozhikode(calicut),quilandy,cowpea(veg),other,19-08-2025,4500,4800,4600
kerala,kozhikode(calicut),quilandy,french beans (frasbean),other,19-08-2025,5000,5200,5200
kerala,kozhikode(calicut),quilandy,tomato,other,19-08-2025,3200,3300,3200
kerala,kozhikode(calicut),thamarassery,ashgourd,other,19-08-2025,2100,2900,2400
kerala,kozhikode(calicut),thamarassery,bhindi(ladies finger),other,19-08-2025,3200,3900,3400
kerala,kozhikode(calicut),thamarassery,cabbage,other,19-08-2025,1200,1900,1600
kerala,kozhikode(calicut),thamarassery,carrot,other,19-08-2025,6600,7500,7000
kerala,kozhikode(calicut),thamarassery,colacasia,colacasia,19-08-2025,5800,7500,6300
kerala,kozhikode(calicut),thamarassery,cowpea(veg),other,19-08-2025,3800,5000,4400
kerala,kozhikode(calicut),thamarassery,green chilli,other,19-08-2025,4400,6000,4600
kerala,kozhikode(calicut),vengeri(kozhikode),ashgourd,ashgourd,19-08-2025,2000,2300,2300
kerala,malappuram,kottakkal,beans,other,19-08-2025,4600,4800,4700
kerala,malappuram,kottakkal,bhindi(ladies finger),other,19-08-2025,3400,3600,3500
kerala,malappuram,kottakkal,chikoos(sapota),other,19-08-2025,3300,3500,3400
kerala,malappuram,kottakkal,mango,amrapali,19-08-2025,4300,4500,4400
kerala,malappuram,kottakkal,mousambi(sweet lime),mosambi-organic,19-08-2025,5300,5500,5400
kerala,malappuram,kottakkal,orange,other,19-08-2025,8800,9000,8900
kerala,malappuram,kottakkal,potato,other,19-08-2025,2400,2600,2500
kerala,palakad,koduvayoor,beetroot,other,19-08-2025,3600,4000,3800
kerala,palakad,koduvayoor,drumstick,other,19-08-2025,6500,6900,6700
kerala,palakad,koduvayoor,elephant yam (suran),other,19-08-2025,5600,6000,5800
kerala,palakad,koduvayoor,lemon,other,19-08-2025,6500,6900,6700
kerala,palakad,koduvayoor,pineapple,other,19-08-2025,3000,3400,3200
kerala,palakad,palakkad,amaranthus,amaranthus,19-08-2025,2000,3000,2600
kerala,palakad,palakkad,amaranthus,other,19-08-2025,2000,3000,2600
kerala,palakad,palakkad,arhar (tur/red gram)(whole),arhar dal(tur),19-08-2025,10000,12000,11100
kerala,palakad,palakkad,cabbage,cabbage,19-08-2025,1600,2600,2200
kerala,palakad,palakkad,cucumbar(kheera),cucumbar,19-08-2025,3500,4500,4100
kerala,palakad,palakkad,green avare (w),green avare (w),19-08-2025,5000,6000,5600
kerala,palakad,palakkad,little gourd (kundru),other,19-08-2025,5000,6000,5600
kerala,palakad,palakkad,tomato,tomato,19-08-2025,4200,5000,4700
kerala,pathanamthitta,kuttoor,brinjal,brinjal,19-08-2025,4600,5000,4800
kerala,pathanamthitta,kuttoor,elephant yam (suran),other,19-08-2025,9400,9800,9600
kerala,pathanamthitta,kuttoor,snakeguard,other,19-08-2025,4600,5000,4800
kerala,pathanamthitta,kuttoor,tapioca,other,19-08-2025,2600,3000,2800
kerala,pathanamthitta,mezhuveli  vfpck,banana,nendra bale,19-08-2025,2000,8000,6000
kerala,pathanamthitta,mezhuveli  vfpck,yam (ratalu),yam (ratalu),19-08-2025,7500,9000,8500
kerala,pathanamthitta,pandalam,coconut oil,copra oil,19-08-2025,48000,50000,48000
kerala,thirssur,chavakkad,banana,poovan,19-08-2025,5000,6500,6500
kerala,thirssur,chavakkad,banana,robusta,19-08-2025,3000,4000,4000
kerala,thirssur,chavakkad,bhindi(ladies finger),other,19-08-2025,4000,5000,5000
kerala,thirssur,chavakkad,cluster beans,cluster beans,19-08-2025,6000,6800,6800
kerala,thirssur,chavakkad,cowpea(veg),other,19-08-2025,4000,4800,4800
kerala,thirssur,chavakkad,elephant yam (suran),other,19-08-2025,4400,5600,5600
kerala,thirssur,chavakkad,ginger(green),other,19-08-2025,6000,8000,8000
kerala,thirssur,chavakkad,potato,other,19-08-2025,3200,4000,4000
kerala,thirssur,chelakkara,brinjal,other,19-08-2025,3000,3500,3200
kerala,thirssur,chelakkara,cabbage,other,19-08-2025,2800,3000,2900
kerala,thirssur,chelakkara,carrot,other,19-08-2025,7000,7500,7200
kerala,thirssur,chelakkara,pumpkin,other,19-08-2025,2800,3000,2900
kerala,thirssur,chelakkara,tomato,other,19-08-2025,3000,3500,3200
kerala,thirssur,kadukutty vfpck,banana,rasakathai,19-08-2025,5500,6500,6000
kerala,thirssur,kodungalloor,tapioca,other,19-08-2025,2800,3200,2900
kerala,wayanad,pulpally,cowpea(veg),other,19-08-2025,2400,2600,2500
madhya pradesh,badwani,badwani(f&v),cluster beans,cluster beans,19-08-2025,2100,2100,2100
madhya pradesh,badwani,badwani(f&v),cucumbar(kheera),cucumbar,19-08-2025,700,700,700
madhya pradesh,badwani,badwani(f&v),potato,potato,19-08-2025,1700,1700,1700
madhya pradesh,badwani,badwani(f&v),sponge gourd,sponge gourd,19-08-2025,1200,1200,1200
madhya pradesh,badwani,sendhwa(f&v),bitter gourd,bitter gourd,19-08-2025,800,1600,1200
madhya pradesh,badwani,sendhwa(f&v),cauliflower,local,19-08-2025,700,1200,900
madhya pradesh,badwani,sendhwa(f&v),green chilli,green chilly,19-08-2025,1200,1900,1500
madhya pradesh,badwani,sendhwa(f&v),spinach,spinach,19-08-2025,600,1000,800
madhya pradesh,badwani,sendhwa(f&v),tomato,hybrid,19-08-2025,1100,1900,1500
madhya pradesh,balaghat,balaghat,paddy(dhan)(common),dhan,19-08-2025,1650,1700,1650
madhya pradesh,balaghat,khairlangi,paddy(dhan)(common),paddy,19-08-2025,2000,2000,2000
madhya pradesh,bhind,gohad,wheat,wheat,19-08-2025,2600,2695,2695
madhya pradesh,bhopal,berasia,bengal gram(gram)(whole),gram,19-08-2025,5180,5685,5500
madhya pradesh,chhindwara,pandhurna,soyabean,soyabeen,19-08-2025,4500,4500,4500
madhya pradesh,damoh,damoh,gulli,gulli,19-08-2025,4610,4610,4610
madhya pradesh,damoh,damoh,soyabean,soyabeen,19-08-2025,4275,4590,4590
madhya pradesh,damoh,patharia,wheat,wheat,19-08-2025,2580,2633,2633
madhya pradesh,dewas,dewas,soyabean,soyabeen,19-08-2025,3800,4750,4600
madhya pradesh,dewas,dewas,wheat,wheat,19-08-2025,2585,2782,2714
madhya pradesh,dewas,haatpipliya,wheat,wheat,19-08-2025,2410,2931,2931
madhya pradesh,dewas,khategaon,kabuli chana(chickpeas-white),dollar gram,19-08-2025,3900,9391,9391
madhya pradesh,dewas,sonkatch,mustard,mustard,19-08-2025,6450,6450,6450
madhya pradesh,dewas,sonkatch,wheat,wheat,19-08-2025,2451,2721,2721
madhya pradesh,dhar,badnawar,onion,onion,19-08-2025,600,825,700
madhya pradesh,dhar,dhamnod,maize,local,19-08-2025,1900,2285,2261
madhya pradesh,dhar,dhamnod,maize,yellow,19-08-2025,2150,2500,2400
madhya pradesh,dhar,dhamnod,soyabean,soyabeen,19-08-2025,3525,4700,4700
madhya pradesh,dhar,manawar,soyabean,soyabeen,19-08-2025,4100,4100,4100
madhya pradesh,dhar,manawar(f&v),bottle gourd,bottle gourd,19-08-2025,596,796,696
madhya pradesh,dhar,manawar(f&v),brinjal,brinjal,19-08-2025,800,1000,900
madhya pradesh,dhar,manawar(f&v),cauliflower,cauliflower,19-08-2025,850,1050,950
madhya pradesh,guna,kumbhraj,wheat,wheat,19-08-2025,2630,2665,2645
madhya pradesh,harda,harda,kabuli chana(chickpeas-white),dollar gram,19-08-2025,4001,4001,4001
madhya pradesh,harda,khirakiya,soyabean,yellow,19-08-2025,4230,4422,4422
madhya pradesh,harda,khirakiya,wheat,mill quality,19-08-2025,2688,2724,2711
madhya pradesh,harda,sirali,wheat,mill quality,19-08-2025,2628,2731,2731
madhya pradesh,harda,sirali(f&v),sponge gourd,sponge gourd,19-08-2025,2000,2000,2000
madhya pradesh,hoshangabad,banapura,green gram (moong)(whole),green (whole),19-08-2025,1111,7600,7600
madhya pradesh,hoshangabad,banapura,wheat,local,19-08-2025,2664,2760,2760
madhya pradesh,hoshangabad,itarsi,wheat,wheat,19-08-2025,2606,2606,2606
madhya pradesh,hoshangabad,pipariya,green gram (moong)(whole),green (whole),19-08-2025,1000,7400,6950
madhya pradesh,indore,gautampura,wheat,malwa shakti,19-08-2025,2430,2540,2540
madhya pradesh,indore,indore,maize,local,19-08-2025,2290,2290,2290
madhya pradesh,indore,indore,wheat,mill quality,19-08-2025,2541,2926,2740
madhya pradesh,indore,indore(f&v),mango,other,19-08-2025,1500,5000,3500
madhya pradesh,indore,mhow,kabuli chana(chickpeas-white),bitkey,19-08-2025,4850,5001,5001
madhya pradesh,indore,sanwer,soyabean,soyabeen,19-08-2025,4022,4600,4471
madhya pradesh,jabalpur,sehora,bengal gram(gram)(whole),desi (f.a.q. split),19-08-2025,5595,5595,5595
madhya pradesh,jabalpur,sehora,buttery,buttery,19-08-2025,3240,3240,3240
madhya pradesh,jabalpur,shahpura bhitoni (f&v),wheat,mill quality,19-08-2025,2560,2605,2595
madhya pradesh,katni,katni,wheat,mill quality,19-08-2025,2432,2545,2540
madhya pradesh,khandwa,harsood,green gram (moong)(whole),green (whole),19-08-2025,6302,6900,6900
madhya pradesh,khandwa,khandwa,bengal gram(gram)(whole),gram,19-08-2025,4201,5425,5425
madhya pradesh,khandwa,pandhana,wheat,wheat,19-08-2025,2605,2605,2605
madhya pradesh,khandwa,sanawad(f&v),bhindi(ladies finger),bhindi,19-08-2025,1100,1500,1300
madhya pradesh,khandwa,sanawad(f&v),bitter gourd,bitter gourd,19-08-2025,2500,3000,2800
madhya pradesh,khandwa,sanawad(f&v),onion,onion,19-08-2025,1500,2000,1800
madhya pradesh,khargone,karhi,maize,local,19-08-2025,2275,2275,2275
madhya pradesh,khargone,khargone,maize,local,19-08-2025,1500,2171,2171
madhya pradesh,khargone,khargone,wheat,wheat,19-08-2025,2640,2757,2757
madhya pradesh,khargone,sanawad,green gram (moong)(whole),green (whole),19-08-2025,4790,6800,6800
madhya pradesh,khargone,sanawad,kabuli chana(chickpeas-white),bitkey,19-08-2025,5330,5330,5330
madhya pradesh,khargone,sanawad,kabuli chana(chickpeas-white),dollar gram,19-08-2025,4700,9605,9605
madhya pradesh,mandsaur,mandsaur,onion,onion,19-08-2025,652,1300,1300
madhya pradesh,mandsaur,mandsaur,wheat,wheat,19-08-2025,2615,2836,2836
madhya pradesh,mandsaur,shamgarh,linseed,flaxseed,19-08-2025,7569,9290,9290
madhya pradesh,mandsaur,sitmau,wheat,wheat,19-08-2025,2505,2640,2640
madhya pradesh,morena,kailaras,mustard,mustard,19-08-2025,6901,6901,6901
madhya pradesh,morena,porsa,onion,local,19-08-2025,800,800,800
madhya pradesh,morena,porsa,pumpkin,pumpkin,19-08-2025,700,700,700
madhya pradesh,morena,porsa,wheat,wheat,19-08-2025,2530,2535,2535
madhya pradesh,narsinghpur,gadarwada,soyabean,soyabeen,19-08-2025,4600,4652,4652
madhya pradesh,neemuch,neemuch,bengal gram(gram)(whole),chana kanta,19-08-2025,5821,5821,5821
madhya pradesh,raisen,gairatganj,soyabean,soyabeen,19-08-2025,4500,4600,4600
madhya pradesh,raisen,silvani,green gram (moong)(whole),green (whole),19-08-2025,6050,7300,7300
madhya pradesh,raisen,udaipura,soyabean,soyabeen,19-08-2025,4355,4525,4525
madhya pradesh,rajgarh,biaora,green gram (moong)(whole),green (whole),19-08-2025,6900,6900,6900
madhya pradesh,rajgarh,biaora,onion,onion-organic,19-08-2025,100,1800,1200
madhya pradesh,rajgarh,biaora,soyabean,soyabeen,19-08-2025,3480,4675,4550
madhya pradesh,rajgarh,jeerapur,soyabean,soyabeen,19-08-2025,4430,4675,4675
madhya pradesh,rajgarh,kurawar,soyabean,soybean-organic,19-08-2025,4210,4665,4665
madhya pradesh,rajgarh,kurawar,wheat,wheat,19-08-2025,2625,2650,2650
madhya pradesh,rajgarh,sarangpur,soyabean,yellow,19-08-2025,4340,4680,4680
madhya pradesh,ratlam,jawra(f&v),brinjal,brinjal,19-08-2025,1000,1500,1200
madhya pradesh,ratlam,jawra(f&v),cucumbar(kheera),cucumbar,19-08-2025,1000,2000,1600
madhya pradesh,ratlam,jawra(f&v),pumpkin,pumpkin,19-08-2025,800,1500,1200
madhya pradesh,ratlam,ratlam,soyabean,soyabeen,19-08-2025,3900,4796,4601
madhya pradesh,ratlam,sailana,soyabean,soyabeen,19-08-2025,4470,4615,4615
madhya pradesh,rewa,rewa,gur(jaggery),jaggery,19-08-2025,4685,4685,4685
madhya pradesh,sagar,banda,soyabean,soyabeen,19-08-2025,4200,4300,4200
madhya pradesh,sagar,bina,mustard,mustard,19-08-2025,6361,8400,8400
madhya pradesh,sagar,bina,wheat,wheat,19-08-2025,2500,2840,2682
madhya pradesh,sagar,khurai,bengal gram(gram)(whole),gram,19-08-2025,5340,6016,6016
madhya pradesh,sagar,khurai,lentil (masur)(whole),masur dal,19-08-2025,6050,6471,6471
madhya pradesh,sagar,khurai,mustard,mustard,19-08-2025,8000,8110,8110
madhya pradesh,sagar,khurai(f&v),apple,apple,19-08-2025,6000,6600,6300
madhya pradesh,sagar,khurai(f&v),bottle gourd,bottle gourd,19-08-2025,1000,1200,1100
madhya pradesh,sagar,khurai(f&v),brinjal,brinjal,19-08-2025,1600,2000,1800
madhya pradesh,sagar,khurai(f&v),cucumbar(kheera),cucumbar,19-08-2025,700,900,800
madhya pradesh,satna,satna,wheat,wheat,19-08-2025,2500,2512,2500
madhya pradesh,sehore,ichhawar,wheat,wheat,19-08-2025,2670,2881,2881
madhya pradesh,sehore,sehore,wheat,wheat mix,19-08-2025,2700,2700,2700
madhya pradesh,seoni,ghansour,buttery,buttery,19-08-2025,3000,3000,3000
madhya pradesh,seoni,palari,wheat,mill quality,19-08-2025,2580,2615,2615
madhya pradesh,seoni,seoni,maize,yellow,19-08-2025,2151,2200,2200
madhya pradesh,seoni,seoni,wheat,local,19-08-2025,2426,2470,2470
madhya pradesh,shajapur,agar,coriander(leaves),coriander,19-08-2025,6400,7391,7100
madhya pradesh,shajapur,agar,mustard,mustard,19-08-2025,5750,6081,6081
madhya pradesh,shajapur,nalkehda,lentil (masur)(whole),masur dal,19-08-2025,6700,6700,6700
madhya pradesh,shajapur,shajapur,soyabean,soyabeen,19-08-2025,4000,4580,4580
madhya pradesh,shajapur,soyatkalan,wheat,wheat,19-08-2025,2510,2530,2530
madhya pradesh,shehdol,beohari,mahua,mahua flower,19-08-2025,4000,4000,4000
madhya pradesh,shehdol,beohari,paddy(dhan)(common),common,19-08-2025,2000,2000,2000
madhya pradesh,shehdol,beohari,wheat,mill quality,19-08-2025,2475,2475,2475
madhya pradesh,shehdol,beohari,wheat,wheat,19-08-2025,2501,2511,2511
madhya pradesh,shivpuri,badarwas,mustard,mustard,19-08-2025,6855,6855,6855
madhya pradesh,shivpuri,karera,wheat,wheat,19-08-2025,2510,2530,2510
madhya pradesh,ujjain,tarana,wheat,wheat,19-08-2025,2651,2800,2800
madhya pradesh,ujjain,ujjain,wheat,wheat,19-08-2025,2605,2859,2755
madhya pradesh,ujjain,unhel,soyabean,soyabeen,19-08-2025,3496,4650,4650
madhya pradesh,ujjain,unhel,wheat,wheat,19-08-2025,2658,2738,2738
madhya pradesh,umariya,umariya,wheat,local,19-08-2025,2500,2500,2500
madhya pradesh,vidisha,ganjbasoda,lentil (masur)(whole),kala masoor new,19-08-2025,6655,6655,6655
madhya pradesh,vidisha,ganjbasoda,paddy(dhan)(common),paddy,19-08-2025,2399,2500,2500
madhya pradesh,vidisha,ganjbasoda,wheat,sharbati,19-08-2025,3072,3211,3211
madhya pradesh,vidisha,sironj,bengal gram(gram)(whole),gram,19-08-2025,5810,6000,6000
maharashtra,ahmednagar,rahata,chilly capsicum,other,19-08-2025,1000,3500,2500
maharashtra,amarawati,amarawati,black gram (urd beans)(whole),other,19-08-2025,6300,6850,6575
maharashtra,amarawati,amarawati,groundnut,other,19-08-2025,5150,5350,5250
maharashtra,amarawati,amarawati,"sesamum(sesame,gingelly,til)",white,19-08-2025,8300,9350,8825
maharashtra,amarawati,amarawati,wheat,other,19-08-2025,2800,3000,2900
maharashtra,chandrapur,chandrapur(ganjwad),garlic,other,19-08-2025,7000,10000,8000
maharashtra,chattrapati sambhajinagar,chattrapati sambhajinagar,brinjal,other,19-08-2025,700,900,800
maharashtra,chattrapati sambhajinagar,chattrapati sambhajinagar,cucumbar(kheera),other,19-08-2025,600,1200,900
maharashtra,chattrapati sambhajinagar,chattrapati sambhajinagar,pineapple,other,19-08-2025,1500,3700,2600
maharashtra,chattrapati sambhajinagar,chattrapati sambhajinagar,ridgeguard(tori),other,19-08-2025,1500,2500,2000
maharashtra,dharashiv(usmanabad),murum,arhar (tur/red gram)(whole),other,19-08-2025,6000,6348,6225
maharashtra,dharashiv(usmanabad),murum,green gram (moong)(whole),green (whole),19-08-2025,7000,8602,7577
maharashtra,dharashiv(usmanabad),murum,jowar(sorghum),jowar ( white),19-08-2025,2100,2100,2100
maharashtra,dharashiv(usmanabad),tuljapur,green gram (moong)(whole),green (whole),19-08-2025,6500,7200,7100
maharashtra,dharashiv(usmanabad),tuljapur,soyabean,other,19-08-2025,4550,4550,4550
maharashtra,dharashiv(usmanabad),umarga,green gram (moong)(whole),green (whole),19-08-2025,6100,6100,6100
maharashtra,jalgaon,bhusaval,cauliflower,other,19-08-2025,1000,1500,1500
maharashtra,kolhapur,kolhapur,onion,other,19-08-2025,500,1800,1000
maharashtra,mumbai,mumbai,bottle gourd,other,19-08-2025,1000,2000,1500
maharashtra,mumbai,mumbai,cabbage,other,19-08-2025,600,1200,900
maharashtra,mumbai,mumbai,cardamoms,other,19-08-2025,145000,240000,192500
maharashtra,mumbai,mumbai,chilly capsicum,other,19-08-2025,2000,3000,2500
maharashtra,mumbai,mumbai,cummin seed(jeera),other,19-08-2025,18100,35100,26600
maharashtra,mumbai,mumbai,elephant yam (suran),other,19-08-2025,3000,4000,3500
maharashtra,mumbai,mumbai,green gram (moong)(whole),other,19-08-2025,8800,11000,10000
maharashtra,mumbai,mumbai,guar,other,19-08-2025,3000,4000,3500
maharashtra,mumbai,mumbai,lime,other,19-08-2025,1200,1800,1500
maharashtra,mumbai,mumbai,little gourd (kundru),other,19-08-2025,2000,3000,2500
maharashtra,mumbai,mumbai,masur dal,other,19-08-2025,7500,8700,8200
maharashtra,mumbai,mumbai,spinach,other,19-08-2025,700,1000,850
maharashtra,mumbai,mumbai,tamarind fruit,other,19-08-2025,8500,16000,12250
maharashtra,mumbai,mumbai- fruit market,pineapple,other,19-08-2025,3000,6000,4500
maharashtra,mumbai,mumbai- fruit market,seetapal,other,19-08-2025,6000,9000,7500
maharashtra,mumbai,mumbai- fruit market,water melon,other,19-08-2025,1200,1500,1350
maharashtra,nashik,malegaon,jowar(sorghum),jowar ( white),19-08-2025,1800,2152,2012
maharashtra,nashik,malegaon,wheat,other,19-08-2025,2452,2880,2630
maharashtra,pune,khed,cabbage,other,19-08-2025,500,1000,800
maharashtra,pune,khed,coriander(leaves),other,19-08-2025,300,600,400
maharashtra,pune,khed,methi(leaves),other,19-08-2025,500,1000,800
maharashtra,pune,pune,lentil (masur)(whole),other,19-08-2025,7000,7400,7200
maharashtra,pune,pune(moshi),banana,other,19-08-2025,3000,8000,5500
maharashtra,pune,pune(moshi),bitter gourd,other,19-08-2025,2000,3000,2500
maharashtra,pune,pune(moshi),bottle gourd,other,19-08-2025,1500,2500,2000
maharashtra,pune,pune(moshi),cauliflower,other,19-08-2025,1000,1500,1250
maharashtra,pune,pune(moshi),green chilli,other,19-08-2025,4000,5000,4500
maharashtra,pune,pune(moshi),onion,local,19-08-2025,700,1500,1100
maharashtra,pune,pune(moshi),pear(marasebu),other,19-08-2025,10000,10000,10000
maharashtra,pune,pune(moshi),pineapple,other,19-08-2025,5000,5000,5000
maharashtra,pune,pune(moshi),pointed gourd (parval),other,19-08-2025,4000,4000,4000
maharashtra,pune,pune(moshi),potato,local,19-08-2025,1200,1500,1350
maharashtra,pune,pune(pimpri),brinjal,other,19-08-2025,3000,3000,3000
maharashtra,pune,pune(pimpri),tomato,local,19-08-2025,1000,1000,1000
maharashtra,raigad,panvel,beans,other,19-08-2025,5000,6000,5500
maharashtra,raigad,panvel,bitter gourd,other,19-08-2025,3000,4000,3500
maharashtra,raigad,panvel,cabbage,other,19-08-2025,2000,2500,2250
maharashtra,raigad,panvel,cucumbar(kheera),other,19-08-2025,2500,3000,2750
maharashtra,ratnagiri,ratnagiri (nachane),bhindi(ladies finger),other,19-08-2025,4000,5000,4200
maharashtra,sangli,sangli,kulthi(horse gram),other,19-08-2025,7000,7500,7250
maharashtra,sangli,sangli,rice,other,19-08-2025,4500,9000,6750
maharashtra,sangli,"sangli(phale, bhajipura market)",apple,other,19-08-2025,5000,14000,9500
maharashtra,sangli,"sangli(phale, bhajipura market)",garlic,other,19-08-2025,4000,7000,5500
maharashtra,sangli,"sangli(phale, bhajipura market)",onion,local,19-08-2025,600,2000,1300
maharashtra,satara,karad,bhindi(ladies finger),other,19-08-2025,2500,3500,3500
maharashtra,satara,karad,green chilli,other,19-08-2025,4000,5000,5000
maharashtra,satara,karad,ridgeguard(tori),other,19-08-2025,2000,3000,3000
maharashtra,satara,patan,coriander(leaves),other,19-08-2025,8,12,10
maharashtra,satara,patan,green chilli,other,19-08-2025,2000,3000,2500
maharashtra,satara,satara,bhindi(ladies finger),other,19-08-2025,2000,3000,2500
maharashtra,satara,satara,carrot,other,19-08-2025,2000,3000,2500
maharashtra,satara,satara,cauliflower,other,19-08-2025,1000,2000,1500
maharashtra,satara,satara,chilly capsicum,other,19-08-2025,3000,4000,3500
maharashtra,satara,satara,onion,other,19-08-2025,1000,1700,1350
maharashtra,satara,satara,potato,other,19-08-2025,1000,1800,1400
maharashtra,satara,vai,bhindi(ladies finger),other,19-08-2025,3000,4000,3500
maharashtra,sholapur,solapur,arhar (tur/red gram)(whole),other,19-08-2025,5800,5800,5800
maharashtra,sholapur,solapur,brinjal,other,19-08-2025,500,4000,1800
maharashtra,sholapur,solapur,chikoos(sapota),other,19-08-2025,800,1000,900
maharashtra,sholapur,solapur,pineapple,other,19-08-2025,1000,3000,2000
maharashtra,sholapur,solapur,potato,local,19-08-2025,1000,1600,1300
nagaland,dimapur,dimapur,bhindi(ladies finger),other,19-08-2025,4000,5000,4500
nagaland,kohima,kohima,cabbage,cabbage,19-08-2025,4000,4200,4100
nagaland,kohima,kohima,pumpkin,other,19-08-2025,4500,4700,4600
nct of delhi,delhi,"flower market,gazipur",jarbara,other,19-08-2025,6,8,7
nct of delhi,delhi,"flower market,gazipur",lotus,other,19-08-2025,12,18,15
odisha,bargarh,bargarh,brinjal,other,19-08-2025,2400,2600,2500
odisha,bargarh,godabhaga,paddy(dhan)(common),other,19-08-2025,2300,2320,2300
odisha,bolangir,kantabaji,cabbage,cabbage,19-08-2025,1800,2000,1900
odisha,boudh,khunthabandha,onion,other,19-08-2025,2800,4000,3000
odisha,cuttack,banki,bitter gourd,other,19-08-2025,2500,2700,2650
odisha,cuttack,banki,brinjal,other,19-08-2025,2500,2800,2650
odisha,cuttack,banki,pointed gourd (parval),other,19-08-2025,4000,4200,4100
odisha,dhenkanal,kamakhyanagar,pointed gourd (parval),other,19-08-2025,5800,6200,6000
odisha,gajapati,parlakhemundi,ridgeguard(tori),other,19-08-2025,1800,2000,1900
odisha,sonepur,dungurapalli,onion,other,19-08-2025,1850,2000,2000
odisha,sonepur,dungurapalli,tomato,other,19-08-2025,3500,3800,3600
odisha,sundergarh,panposh,bottle gourd,other,19-08-2025,2000,2500,2300
odisha,sundergarh,panposh,cabbage,other,19-08-2025,3000,3500,3200
odisha,sundergarh,sargipali,bhindi(ladies finger),other,19-08-2025,4000,4500,4200
odisha,sundergarh,sargipali,brinjal,other,19-08-2025,4200,4800,4500
odisha,sundergarh,sargipali,cucumbar(kheera),other,19-08-2025,2000,2500,2200
odisha,sundergarh,sargipali,potato,other,19-08-2025,1000,1500,1200
punjab,bhatinda,bhagta bhai ka,green chilli,other,19-08-2025,3300,3300,3300
punjab,fatehgarh,bassi pathana,brinjal,brinjal,19-08-2025,1500,1800,1600
punjab,fatehgarh,bassi pathana,cabbage,cabbage,19-08-2025,2000,2800,2500
punjab,fatehgarh,bassi pathana,pumpkin,pumpkin,19-08-2025,1000,1200,1100
punjab,fatehgarh,bassi pathana,spinach,spinach,19-08-2025,3000,3000,3000
punjab,fatehgarh,sirhind,french beans (frasbean),other,19-08-2025,5000,7200,6000
punjab,fatehgarh,sirhind,garlic,other,19-08-2025,5000,6000,5500
punjab,fatehgarh,sirhind,mango,other,19-08-2025,6000,8000,7000
punjab,fatehgarh,sirhind,papaya,other,19-08-2025,2600,3000,2800
punjab,fatehgarh,sirhind,pomegranate,other,19-08-2025,5000,9000,7000
punjab,fatehgarh,sirhind,tomato,other,19-08-2025,3500,5700,4800
punjab,fazilka,fazilka,apple,other,19-08-2025,10000,20000,15000
punjab,fazilka,fazilka,banana,other,19-08-2025,3000,5000,4000
punjab,fazilka,fazilka,bhindi(ladies finger),other,19-08-2025,3000,5000,4000
punjab,fazilka,fazilka,ginger(green),other,19-08-2025,5000,7000,6000
punjab,fazilka,fazilka,tomato,other,19-08-2025,5000,7000,6000
punjab,fazilka,jalalabad,beetroot,beetroot,19-08-2025,3000,3000,3000
punjab,fazilka,jalalabad,ginger(green),other,19-08-2025,5000,5000,5000
punjab,fazilka,jalalabad,guava,other,19-08-2025,2000,2200,2100
punjab,fazilka,jalalabad,mango,other,19-08-2025,8500,9000,8700
punjab,fazilka,jalalabad,pomegranate,other,19-08-2025,10500,10500,10500
punjab,gurdaspur,gurdaspur,banana,other,19-08-2025,2000,2400,2200
punjab,gurdaspur,gurdaspur,carrot,other,19-08-2025,1000,1200,1100
punjab,gurdaspur,gurdaspur,garlic,other,19-08-2025,5000,6000,5500
punjab,gurdaspur,gurdaspur,lemon,other,19-08-2025,3500,4000,3700
punjab,gurdaspur,gurdaspur,pomegranate,other,19-08-2025,7000,7500,7200
punjab,gurdaspur,gurdaspur,tomato,other,19-08-2025,4000,5000,4500
punjab,gurdaspur,kalanaur,capsicum,capsicum,19-08-2025,5500,5500,5500
punjab,gurdaspur,kalanaur,green chilli,green chilly,19-08-2025,4000,4000,4000
punjab,hoshiarpur,garh shankar,apple,other,19-08-2025,4000,6500,4500
punjab,hoshiarpur,garh shankar,bhindi(ladies finger),bhindi,19-08-2025,2500,3500,3000
punjab,hoshiarpur,garh shankar,cabbage,cabbage,19-08-2025,1800,2500,2300
punjab,hoshiarpur,garh shankar,cucumbar(kheera),cucumbar,19-08-2025,1200,2500,1800
punjab,hoshiarpur,garh shankar,potato,other,19-08-2025,900,1100,1000
punjab,hoshiarpur,garhshankar (kotfatuhi),banana,other,19-08-2025,3000,4000,3500
punjab,hoshiarpur,garhshankar (kotfatuhi),tomato,other,19-08-2025,4500,5500,5000
punjab,jalandhar,bhogpur,brinjal,other,19-08-2025,1000,1000,1000
punjab,jalandhar,lohian khas,brinjal,other,19-08-2025,2500,2700,2600
punjab,jalandhar,lohian khas,potato,other,19-08-2025,500,700,600
punjab,jalandhar,mehatpur,brinjal,other,19-08-2025,2000,3000,3000
punjab,jalandhar,mehatpur,tomato,deshi,19-08-2025,6000,6000,6000
punjab,jalandhar,nakodar,brinjal,other,19-08-2025,700,900,800
punjab,ludhiana,doraha,cucumbar(kheera),cucumbar,19-08-2025,1500,1500,1500
punjab,ludhiana,doraha,ridgeguard(tori),other,19-08-2025,2500,2500,2500
punjab,ludhiana,doraha,sponge gourd,other,19-08-2025,1000,1000,1000
punjab,ludhiana,khanna,apple,other,19-08-2025,4000,10000,8000
punjab,ludhiana,khanna,bottle gourd,other,19-08-2025,1000,2000,1500
punjab,ludhiana,khanna,green chilli,other,19-08-2025,1500,2500,2000
punjab,ludhiana,khanna,lemon,other,19-08-2025,2000,3000,2500
punjab,ludhiana,khanna,mango,other,19-08-2025,4000,6000,5000
punjab,ludhiana,khanna,onion,other,19-08-2025,1200,1700,1400
punjab,ludhiana,khanna,pumpkin,other,19-08-2025,400,1000,800
punjab,ludhiana,ludhiana,apple,other,19-08-2025,2500,8000,3000
punjab,ludhiana,ludhiana,ashgourd,other,19-08-2025,400,1700,1000
punjab,ludhiana,ludhiana,bhindi(ladies finger),other,19-08-2025,1500,2000,1800
punjab,ludhiana,ludhiana,lemon,other,19-08-2025,2000,2800,2500
punjab,ludhiana,ludhiana,peas wet,other,19-08-2025,2000,7000,5500
punjab,ludhiana,ludhiana,potato,other,19-08-2025,300,800,600
punjab,ludhiana,sahnewal,brinjal,brinjal,19-08-2025,1800,2000,2000
punjab,ludhiana,sahnewal,ridgeguard(tori),ridgeguard(tori),19-08-2025,1500,1500,1500
punjab,moga,baghapurana,apple,apple,19-08-2025,3500,4500,4000
punjab,moga,baghapurana,cabbage,cabbage,19-08-2025,700,900,800
punjab,moga,baghapurana,papaya,other,19-08-2025,3000,3500,3200
punjab,moga,baghapurana,potato,local,19-08-2025,800,1200,1000
punjab,moga,kot ise khan,brinjal,other,19-08-2025,800,1000,900
punjab,moga,kot ise khan,cucumbar(kheera),other,19-08-2025,500,700,600
punjab,moga,kot ise khan,squash(chappal kadoo),other,19-08-2025,1000,1200,1100
punjab,moga,nihal singh wala,capsicum,other,19-08-2025,5000,6000,5500
punjab,mohali,kurali,bottle gourd,other,19-08-2025,1950,2130,2000
punjab,mohali,kurali,colacasia,arabi,19-08-2025,1500,1700,1600
punjab,mohali,kurali,onion,other,19-08-2025,1800,2000,1900
punjab,nawanshahr,nawan shahar(subzi mandi),bitter gourd,other,19-08-2025,3500,4000,3800
punjab,nawanshahr,nawan shahar(subzi mandi),cauliflower,other,19-08-2025,7000,7500,7350
punjab,nawanshahr,nawan shahar(subzi mandi),pumpkin,other,19-08-2025,700,800,730
punjab,nawanshahr,nawan shahar(subzi mandi),round gourd,other,19-08-2025,1500,1600,1530
punjab,pathankot,pathankot,bottle gourd,bottle gourd,19-08-2025,1200,1400,1400
punjab,pathankot,pathankot,cabbage,cabbage,19-08-2025,1900,2100,2100
punjab,pathankot,pathankot,raddish,raddish,19-08-2025,1700,1900,1900
punjab,patiala,nabha,cucumbar(kheera),other,19-08-2025,1200,2000,1500
punjab,patiala,nabha,karbuja(musk melon),karbhuja,19-08-2025,3100,3100,3100
punjab,patiala,rajpura,apple,other,19-08-2025,11500,16500,14500
punjab,patiala,rajpura,cauliflower,other,19-08-2025,3200,4200,3800
punjab,patiala,rajpura,green chilli,other,19-08-2025,2800,3500,3200
punjab,patiala,samana,apple,american,19-08-2025,8000,13000,12000
punjab,ropar (rupnagar),chamkaur sahib,onion,other,19-08-2025,2050,2200,2100
punjab,ropar (rupnagar),chamkaur sahib,papaya,other,19-08-2025,3350,3500,3400
punjab,ropar (rupnagar),chamkaur sahib,pomegranate,other,19-08-2025,7350,7500,7400
punjab,ropar (rupnagar),chamkaur sahib,potato,other,19-08-2025,850,1000,900
punjab,ropar (rupnagar),chamkaur sahib,pumpkin,other,19-08-2025,1350,1500,1400
punjab,sangrur,dhuri,apple,apple,19-08-2025,7100,10000,8500
punjab,tarntaran,patti,banana,other,19-08-2025,2500,3000,2800
punjab,tarntaran,patti,pumpkin,other,19-08-2025,1200,1600,1400
punjab,tarntaran,patti,tomato,other,19-08-2025,1500,2000,1800
rajasthan,baran,nahargarh,wheat,other,19-08-2025,2625,2625,2625
rajasthan,barmer,barmer,guar seed(cluster beans seed),other,19-08-2025,4950,5050,5000
rajasthan,barmer,dhorimanna,isabgul (psyllium),isabgul (psyllium),19-08-2025,10000,11000,10500
rajasthan,beawar,beawar,guar,other,19-08-2025,4700,4800,4750
rajasthan,bikaner,bikaner (f&v),cabbage,other,19-08-2025,1300,1500,1400
rajasthan,bikaner,bikaner (f&v),capsicum,other,19-08-2025,2900,3100,3000
rajasthan,bikaner,bikaner (f&v),carrot,other,19-08-2025,1500,1700,1600
rajasthan,bikaner,bikaner (f&v),pineapple,other,19-08-2025,4900,5100,5000
rajasthan,bikaner,bikaner (f&v),water melon,other,19-08-2025,1900,2100,2000
rajasthan,dausa,lalsot,bajra(pearl millet/cumbu),other,19-08-2025,2250,2300,2270
rajasthan,ganganagar,sriganganagar (f&v),apple,apple,19-08-2025,8300,8700,8500
rajasthan,ganganagar,sriganganagar (f&v),green chilli,green chilly,19-08-2025,2800,3200,3000
rajasthan,ganganagar,sriganganagar (f&v),mousambi(sweet lime),mosambi-organic,19-08-2025,3800,4200,4000
rajasthan,ganganagar,sriganganagar (f&v),pumpkin,other,19-08-2025,900,1100,1000
rajasthan,ganganagar,sriganganagar (f&v),tinda,other,19-08-2025,2300,2700,2500
rajasthan,ganganagar,sriganganagar (f&v),tomato,other,19-08-2025,3800,4200,4000
rajasthan,ganganagar,suratgarh,mustard,other,19-08-2025,6766,6766,6766
rajasthan,ganganagar,suratgarh,tomato,deshi,19-08-2025,3500,4200,4100
rajasthan,hanumangarh,rawatsar,tomato,deshi,19-08-2025,4100,4100,4100
rajasthan,jaipur,jaipur (f&v),bottle gourd,bottle gourd,19-08-2025,1000,1500,1250
rajasthan,jaipur,jaipur (f&v),brinjal,other,19-08-2025,1500,2000,1750
rajasthan,jaipur,jaipur (f&v),cauliflower,african sarson,19-08-2025,2500,3000,2750
rajasthan,jaipur,jaipur (f&v),spinach,other,19-08-2025,500,1000,750
rajasthan,jaipur,jaipur (f&v),tomato,other,19-08-2025,4200,5000,4600
rajasthan,jaipur rural,bassi,guar seed(cluster beans seed),other,19-08-2025,4700,4781,4740
rajasthan,jaipur rural,bassi,onion,other,19-08-2025,1500,1800,1650
rajasthan,jalore,bhinmal,tomato,other,19-08-2025,1650,1700,1675
rajasthan,jalore,jalore,bottle gourd,other,19-08-2025,800,1000,900
rajasthan,jalore,jalore,coriander(leaves),other,19-08-2025,3000,3500,3300
rajasthan,jalore,jalore,tomato,other,19-08-2025,4000,4500,4300
rajasthan,jodhpur,jodhpur (f&v),pineapple,other,19-08-2025,1000,2500,1700
rajasthan,jodhpur,jodhpur (f&v),pomegranate,other,19-08-2025,4000,7000,5500
rajasthan,jodhpur,jodhpur(f&v)(paota),bottle gourd,other,19-08-2025,800,1500,1200
rajasthan,jodhpur,jodhpur(f&v)(paota),colacasia,other,19-08-2025,1500,2000,1800
rajasthan,jodhpur,jodhpur(f&v)(paota),ginger(green),other,19-08-2025,3000,4000,3500
rajasthan,jodhpur rural,ositan mathania,cummin seed(jeera),other,19-08-2025,16000,18000,17000
rajasthan,jodhpur rural,ositan mathania,isabgul (psyllium),isabgul (psyllium),19-08-2025,7000,8000,7500
rajasthan,sanchore,sanchore,onion,other,19-08-2025,1000,1200,1150
telangana,hyderabad,l b nagar,banana - green,banana - green,19-08-2025,3000,4000,3500
telangana,hyderabad,l b nagar,beetroot,beetroot,19-08-2025,2000,3000,2500
telangana,hyderabad,l b nagar,bitter gourd,bitter gourd,19-08-2025,2000,3000,2500
telangana,hyderabad,l b nagar,bottle gourd,bottle gourd,19-08-2025,600,1000,800
telangana,hyderabad,l b nagar,capsicum,capsicum,19-08-2025,3000,4000,3500
telangana,hyderabad,l b nagar,snakeguard,other,19-08-2025,1000,1000,1000
telangana,hyderabad,l b nagar,tomato,deshi,19-08-2025,1600,3200,2400
telangana,hyderabad,mahboob manison,ginger(dry),big/thick,19-08-2025,1100,6300,3400
telangana,hyderabad,mahboob manison,onion,2nd sort,19-08-2025,300,1700,1000
telangana,karimnagar,pudur,paddy(dhan)(common),mtu-1010,19-08-2025,2320,2320,2320
telangana,nalgonda,suryapeta,paddy(dhan)(common),hmt,19-08-2025,1866,2089,1866
telangana,ranga reddy,chevella,cabbage,cabbage,19-08-2025,2000,2000,2000
telangana,ranga reddy,kukatpally(rythu bazar),brinjal,arkasheela mattigulla,19-08-2025,2300,2300,2300
telangana,ranga reddy,kukatpally(rythu bazar),cucumbar(kheera),cucumbar,19-08-2025,1300,1300,1300
telangana,ranga reddy,kukatpally(rythu bazar),potato,(red nanital),19-08-2025,2300,2300,2300
telangana,warangal,warangal,beetroot,beetroot,19-08-2025,2200,2600,2400
telangana,warangal,warangal,brinjal,brinjal,19-08-2025,1000,1200,1100
telangana,warangal,warangal,cluster beans,cluster beans,19-08-2025,3000,3200,3100
telangana,warangal,warangal,ridgeguard(tori),ridgeguard(tori),19-08-2025,3500,4000,3750
tripura,north tripura,dasda,brinjal,round/long,19-08-2025,1500,2000,1750
tripura,sepahijala,melaghar,bitter gourd,bitter gourd,19-08-2025,5000,6000,5400
tripura,sepahijala,melaghar,fish,katla(big),19-08-2025,31000,34000,32000
tripura,sepahijala,melaghar,ginger(green),other,19-08-2025,6300,6600,6500
tripura,sepahijala,melaghar,potato,jalander,19-08-2025,1600,1800,1700
uttar pradesh,agra,achnera,banana,banana - ripe,19-08-2025,2500,2580,2540
uttar pradesh,agra,achnera,cauliflower,cauliflower,19-08-2025,3360,3440,3400
uttar pradesh,agra,achnera,pumpkin,pumpkin,19-08-2025,1100,1200,1150
uttar pradesh,agra,achnera,tomato,deshi,19-08-2025,4000,4100,4050
uttar pradesh,agra,fatehabad,bhindi(ladies finger),bhindi,19-08-2025,800,1200,1000
uttar pradesh,agra,khairagarh,mustard,sarson(black),19-08-2025,6500,6700,6600
uttar pradesh,agra,khairagarh,wheat,dara,19-08-2025,2550,2570,2560
uttar pradesh,aligarh,aligarh,bajra(pearl millet/cumbu),hybrid,19-08-2025,2300,2400,2340
uttar pradesh,aligarh,aligarh,banana,banana - ripe,19-08-2025,2580,2670,2620
uttar pradesh,aligarh,aligarh,capsicum,capsicum,19-08-2025,4610,4750,4680
uttar pradesh,aligarh,aligarh,cauliflower,cauliflower,19-08-2025,3150,3250,3200
uttar pradesh,aligarh,aligarh,green chilli,green chilly,19-08-2025,4200,4300,4260
uttar pradesh,aligarh,aligarh,maize,hybrid,19-08-2025,2080,2200,2130
uttar pradesh,aligarh,aligarh,mustard oil,mustard oil,19-08-2025,13800,13910,13850
uttar pradesh,aligarh,aligarh,potato,desi,19-08-2025,900,1000,950
uttar pradesh,aligarh,aligarh,pumpkin,pumpkin,19-08-2025,1050,1200,1120
uttar pradesh,aligarh,aligarh,raddish,raddish,19-08-2025,2140,2260,2200
uttar pradesh,aligarh,charra,potato,desi,19-08-2025,1000,1200,1100
uttar pradesh,aligarh,khair,bitter gourd,bitter gourd,19-08-2025,1800,2500,2000
uttar pradesh,aligarh,khair,cauliflower,cauliflower,19-08-2025,3000,4500,3500
uttar pradesh,aligarh,khair,maize,hybrid/local,19-08-2025,1650,1900,1850
uttar pradesh,aligarh,khair,potato,desi,19-08-2025,750,900,850
uttar pradesh,aligarh,khair,tomato,hybrid,19-08-2025,3500,5000,4500
uttar pradesh,amethi,sultanpur,capsicum,capsicum,19-08-2025,5480,5525,5500
uttar pradesh,amethi,sultanpur,ginger(green),green ginger,19-08-2025,4180,4235,4200
uttar pradesh,amroha,hasanpur,apple,delicious,19-08-2025,4210,5000,4520
uttar pradesh,amroha,hasanpur,bottle gourd,bottle gourd,19-08-2025,1410,1500,1450
uttar pradesh,amroha,hasanpur,mousambi(sweet lime),mousambi,19-08-2025,1810,2000,1850
uttar pradesh,amroha,hasanpur,papaya,papaya,19-08-2025,1410,1500,1450
uttar pradesh,amroha,hasanpur,raddish,other,19-08-2025,1410,1500,1450
uttar pradesh,ayodhya,faizabad,gur(jaggery),red,19-08-2025,4400,4540,4485
uttar pradesh,ayodhya,faizabad,mustard,sarson(black),19-08-2025,6270,6450,6400
uttar pradesh,ayodhya,faizabad,onion,red,19-08-2025,1380,1500,1420
uttar pradesh,ayodhya,faizabad,papaya,papaya,19-08-2025,2770,2900,2860
uttar pradesh,ayodhya,faizabad,rice,coarse,19-08-2025,3050,3260,3190
uttar pradesh,ayodhya,faizabad,sugar,chini,19-08-2025,4100,4200,4160
uttar pradesh,ayodhya,faizabad,tomato,deshi,19-08-2025,4180,4300,4230
uttar pradesh,ayodhya,faizabad,wheat,dara,19-08-2025,2500,2630,2585
uttar pradesh,badaun,badayoun,banana - green,banana - green,19-08-2025,1770,1880,1810
uttar pradesh,badaun,badayoun,garlic,garlic,19-08-2025,6400,6520,6445
uttar pradesh,badaun,badayoun,lemon,lemon,19-08-2025,4300,4480,4400
uttar pradesh,badaun,badayoun,pumpkin,pumpkin,19-08-2025,1300,1440,1370
uttar pradesh,badaun,badayoun,rice,iii,19-08-2025,3370,3460,3400
uttar pradesh,badaun,badayoun,ridgeguard(tori),ridgeguard(tori),19-08-2025,1740,1870,1800
uttar pradesh,badaun,dataganj,wheat,dara,19-08-2025,2450,2490,2470
uttar pradesh,badaun,shahaswan,green chilli,green chilly,19-08-2025,4000,5000,4500
uttar pradesh,badaun,visoli,maize,yellow,19-08-2025,2000,2005,2000
uttar pradesh,badaun,wazirganj,bottle gourd,bottle gourd,19-08-2025,1325,1385,1350
uttar pradesh,badaun,wazirganj,brinjal,round/long,19-08-2025,1650,1700,1675
uttar pradesh,badaun,wazirganj,potato,desi,19-08-2025,900,950,925
uttar pradesh,baghpat,baraut,cabbage,cabbage,19-08-2025,1600,1725,1670
uttar pradesh,baghpat,baraut,cucumbar(kheera),cucumbar,19-08-2025,1870,2000,1925
uttar pradesh,baghpat,baraut,mustard oil,mustard oil,19-08-2025,14600,14800,14700
uttar pradesh,baghpat,baraut,onion,red,19-08-2025,1320,1450,1390
uttar pradesh,baghpat,baraut,tomato,hybrid,19-08-2025,3900,4100,4000
uttar pradesh,balrampur,tulsipur,bottle gourd,bottle gourd,19-08-2025,1520,1580,1550
uttar pradesh,balrampur,tulsipur,tomato,hybrid,19-08-2025,4030,4080,4050
uttar pradesh,banda,banda,onion,red,19-08-2025,1320,1470,1400
uttar pradesh,banda,banda,potato,desi,19-08-2025,1050,1200,1125
uttar pradesh,barabanki,barabanki,bengal gram(gram)(whole),desi (whole),19-08-2025,6630,6710,6675
uttar pradesh,barabanki,barabanki,bitter gourd,bitter gourd,19-08-2025,2410,2500,2465
uttar pradesh,barabanki,barabanki,garlic,garlic,19-08-2025,6410,6500,6460
uttar pradesh,barabanki,barabanki,gur(jaggery),yellow,19-08-2025,4510,4600,4565
uttar pradesh,barabanki,barabanki,jack fruit,jack fruit,19-08-2025,1610,1700,1660
uttar pradesh,barabanki,barabanki,mousambi(sweet lime),mousambi,19-08-2025,3360,3460,3410
uttar pradesh,barabanki,barabanki,ridgeguard(tori),ridgeguard(tori),19-08-2025,1710,1800,1760
uttar pradesh,bareilly,anwala,green chilli,green chilly,19-08-2025,3500,4000,3800
uttar pradesh,bareilly,anwala,tomato,deshi,19-08-2025,4000,4500,4200
uttar pradesh,bareilly,bareilly,banana,other,19-08-2025,2750,2800,2775
uttar pradesh,bareilly,bareilly,bitter gourd,bitter gourd,19-08-2025,2175,2200,2185
uttar pradesh,bareilly,bareilly,bottle gourd,bottle gourd,19-08-2025,1325,1350,1340
uttar pradesh,bareilly,bareilly,garlic,garlic,19-08-2025,6400,6425,6415
uttar pradesh,bareilly,bareilly,gur(jaggery),red,19-08-2025,4075,4150,4100
uttar pradesh,bareilly,bareilly,tomato,local,19-08-2025,4125,4200,4150
uttar pradesh,basti,basti,bottle gourd,bottle gourd,19-08-2025,1420,1620,1520
uttar pradesh,basti,basti,garlic,garlic,19-08-2025,6300,6500,6400
uttar pradesh,basti,basti,green chilli,green chilly,19-08-2025,4550,4750,4650
uttar pradesh,basti,basti,gur(jaggery),red,19-08-2025,4385,4485,4435
uttar pradesh,basti,basti,potato,desi,19-08-2025,1020,1120,1070
uttar pradesh,bulandshahar,buland shahr,bhindi(ladies finger),bhindi,19-08-2025,1425,1725,1625
uttar pradesh,bulandshahar,buland shahr,gur(jaggery),pathari,19-08-2025,4200,4400,4280
uttar pradesh,bulandshahar,buland shahr,mustard oil,mustard oil,19-08-2025,14600,14900,14700
uttar pradesh,bulandshahar,buland shahr,onion,red,19-08-2025,1250,1500,1385
uttar pradesh,bulandshahar,buland shahr,sponge gourd,sponge gourd,19-08-2025,1700,2000,1900
uttar pradesh,bulandshahar,divai,potato,f.a.q.,19-08-2025,800,1000,900
uttar pradesh,bulandshahar,gulavati,garlic,desi,19-08-2025,5100,5300,5200
uttar pradesh,bulandshahar,jahangirabad,banana - green,banana - green,19-08-2025,1668,1875,1770
uttar pradesh,bulandshahar,jahangirabad,bhindi(ladies finger),bhindi,19-08-2025,1518,1715,1620
uttar pradesh,bulandshahar,jahangirabad,black gram dal (urd dal),black gram dal,19-08-2025,9910,10150,10030
uttar pradesh,bulandshahar,jahangirabad,masur dal,masur dal,19-08-2025,7630,7870,7750
uttar pradesh,bulandshahar,jahangirabad,potato,desi,19-08-2025,980,1160,1070
uttar pradesh,bulandshahar,khurja,cucumbar(kheera),cucumbar,19-08-2025,1800,2000,1900
uttar pradesh,bulandshahar,khurja,mustard,sarson(black),19-08-2025,6650,6950,6850
uttar pradesh,bulandshahar,khurja,mustard oil,mustard oil,19-08-2025,14400,15000,14700
uttar pradesh,bulandshahar,khurja,potato,desi,19-08-2025,1025,1125,1075
uttar pradesh,bulandshahar,sikarpur,pumpkin,pumpkin,19-08-2025,1400,1600,1500
uttar pradesh,etawah,etawah,bitter gourd,bitter gourd,19-08-2025,2100,2400,2300
uttar pradesh,etawah,etawah,cauliflower,cauliflower,19-08-2025,3950,4250,4150
uttar pradesh,etawah,etawah,green chilli,green chilly,19-08-2025,4200,4500,4400
uttar pradesh,etawah,etawah,maize,yellow,19-08-2025,2100,2350,2260
uttar pradesh,etawah,etawah,papaya,papaya,19-08-2025,2500,2800,2700
uttar pradesh,etawah,etawah,raddish,raddish,19-08-2025,2050,2350,2250
uttar pradesh,farukhabad,farukhabad,bottle gourd,bottle gourd,19-08-2025,1100,1225,1200
uttar pradesh,farukhabad,farukhabad,brinjal,round/long,19-08-2025,1500,1700,1625
uttar pradesh,farukhabad,farukhabad,colacasia,colacasia,19-08-2025,1500,1700,1600
uttar pradesh,farukhabad,farukhabad,lemon,lemon,19-08-2025,3700,3900,3800
uttar pradesh,farukhabad,kamlaganj,brinjal,round/long,19-08-2025,1200,1250,1240
uttar pradesh,farukhabad,kamlaganj,green chilli,green chilly,19-08-2025,800,820,810
uttar pradesh,farukhabad,kamlaganj,onion,red,19-08-2025,1200,1250,1230
uttar pradesh,fatehpur,fatehpur,apple,delicious,19-08-2025,8800,9200,9020
uttar pradesh,fatehpur,fatehpur,brinjal,brinjal,19-08-2025,1600,1750,1680
uttar pradesh,fatehpur,fatehpur,colacasia,colacasia,19-08-2025,1800,1900,1850
uttar pradesh,fatehpur,fatehpur,onion,red,19-08-2025,1350,1500,1425
uttar pradesh,fatehpur,fatehpur,papaya,papaya,19-08-2025,2700,2940,2830
uttar pradesh,fatehpur,fatehpur,pumpkin,pumpkin,19-08-2025,1460,1600,1530
uttar pradesh,fatehpur,fatehpur,sponge gourd,sponge gourd,19-08-2025,1700,1900,1810
uttar pradesh,fatehpur,fatehpur,tomato,deshi,19-08-2025,4050,4300,4170
uttar pradesh,fatehpur,fatehpur,wheat,dara,19-08-2025,2425,2630,2555
uttar pradesh,fatehpur,khaga,brinjal,round/long,19-08-2025,1700,1865,1800
uttar pradesh,fatehpur,khaga,garlic,desi,19-08-2025,6400,6535,6480
uttar pradesh,firozabad,sirsaganj,tomato,hybrid,19-08-2025,2000,2200,2100
uttar pradesh,firozabad,tundla,banana,banana - ripe,19-08-2025,2375,2425,2400
uttar pradesh,firozabad,tundla,maize,local,19-08-2025,2200,2250,2235
uttar pradesh,firozabad,tundla,potato,local,19-08-2025,965,1000,985
uttar pradesh,firozabad,tundla,rice,iii,19-08-2025,3425,3475,3450
uttar pradesh,gorakhpur,chorichora,rice,iii,19-08-2025,2450,2580,2550
uttar pradesh,gorakhpur,gorakhpur,bhindi(ladies finger),bhindi,19-08-2025,1700,1900,1800
uttar pradesh,hathras,haathras,brinjal,round,19-08-2025,1250,1450,1380
uttar pradesh,hathras,haathras,cucumbar(kheera),cucumbar,19-08-2025,1600,1800,1700
uttar pradesh,hathras,haathras,mousambi(sweet lime),mousambi,19-08-2025,3400,3600,3540
uttar pradesh,hathras,haathras,pomegranate,pomogranate,19-08-2025,6900,7100,7000
uttar pradesh,hathras,haathras,pumpkin,pumpkin,19-08-2025,950,1150,1070
uttar pradesh,hathras,sikandraraau,maize,yellow,19-08-2025,1740,1925,1790
uttar pradesh,jaunpur,mugrabaadshahpur,garlic,average,19-08-2025,6360,6560,6460
uttar pradesh,jhansi,jhansi,banana,banana - ripe,19-08-2025,1700,1950,1780
uttar pradesh,jhansi,jhansi,bottle gourd,bottle gourd,19-08-2025,1800,1950,1850
uttar pradesh,jhansi,jhansi,cauliflower,local,19-08-2025,2400,2800,2460
uttar pradesh,kannuj,chhibramau,maize,yellow,19-08-2025,2150,2200,2170
uttar pradesh,kannuj,chhibramau,pomegranate,pomogranate,19-08-2025,5700,5900,5800
uttar pradesh,kannuj,chhibramau,rice,iii,19-08-2025,3000,3100,3050
uttar pradesh,kanpur,choubepur,ginger(green),green ginger,19-08-2025,3800,4000,3900
uttar pradesh,kanpur,choubepur,green chilli,green chilly,19-08-2025,4800,5000,4900
uttar pradesh,kanpur,choubepur,raddish,raddish,19-08-2025,2150,2350,2250
uttar pradesh,kanpur,kanpur(grain),apple,delicious,19-08-2025,8700,8900,8800
uttar pradesh,kanpur,kanpur(grain),bajra(pearl millet/cumbu),hybrid,19-08-2025,2190,2290,2240
uttar pradesh,kanpur,kanpur(grain),green gram (moong)(whole),green (whole),19-08-2025,8632,8732,8682
uttar pradesh,kanpur,kanpur(grain),jowar(sorghum),jowar ( white),19-08-2025,2690,2790,2740
uttar pradesh,kanpur,kanpur(grain),mustard,sarson(black),19-08-2025,7010,7110,7060
uttar pradesh,kanpur,kanpur(grain),wheat,dara,19-08-2025,2490,2590,2540
uttar pradesh,kaushambi,manjhanpur,onion,red,19-08-2025,1350,1540,1445
uttar pradesh,khiri (lakhimpur),maigalganj,bhindi(ladies finger),other,19-08-2025,2400,2475,2430
uttar pradesh,khiri (lakhimpur),maigalganj,bottle gourd,bottle gourd,19-08-2025,1700,1789,1739
uttar pradesh,khiri (lakhimpur),maigalganj,pointed gourd (parval),other,19-08-2025,2190,2275,2235
uttar pradesh,khiri (lakhimpur),maigalganj,potato,desi,19-08-2025,1500,1565,1540
uttar pradesh,lalitpur,lalitpur,bottle gourd,bottle gourd,19-08-2025,1630,1700,1660
uttar pradesh,lalitpur,mehrauni,barley (jau),dara,19-08-2025,1900,2100,2000
uttar pradesh,lucknow,lucknow,banana - green,banana - green,19-08-2025,1750,1850,1800
uttar pradesh,lucknow,lucknow,bhindi(ladies finger),bhindi,19-08-2025,1700,1800,1750
uttar pradesh,lucknow,lucknow,capsicum,capsicum,19-08-2025,5250,5450,5350
uttar pradesh,lucknow,lucknow,cucumbar(kheera),cucumbar,19-08-2025,2100,2230,2170
uttar pradesh,lucknow,lucknow,gur(jaggery),yellow,19-08-2025,4500,4600,4560
uttar pradesh,lucknow,lucknow,mousambi(sweet lime),mousambi,19-08-2025,3350,3480,3420
uttar pradesh,lucknow,lucknow,mustard,lohi black,19-08-2025,6550,6750,6650
uttar pradesh,lucknow,lucknow,sponge gourd,sponge gourd,19-08-2025,1750,1850,1800
uttar pradesh,maharajganj,anandnagar,green chilli,green chilly,19-08-2025,4500,5000,4700
uttar pradesh,maharajganj,gadaura,bhindi(ladies finger),bhindi,19-08-2025,1200,1400,1300
uttar pradesh,maharajganj,gadaura,tomato,hybrid,19-08-2025,3000,3200,3100
uttar pradesh,maharajganj,nautnava,brinjal,round/long,19-08-2025,1300,1500,1400
uttar pradesh,maharajganj,nautnava,gur(jaggery),red,19-08-2025,3100,3300,3200
uttar pradesh,mainpuri,ghiraur,arhar dal(tur dal),arhar dal(tur),19-08-2025,9655,9855,9755
uttar pradesh,mainpuri,ghiraur,brinjal,round/long,19-08-2025,1350,1550,1450
uttar pradesh,mainpuri,ghiraur,colacasia,colacasia,19-08-2025,1600,1800,1700
uttar pradesh,mainpuri,ghiraur,garlic,garlic,19-08-2025,3600,6500,5000
uttar pradesh,mainpuri,ghiraur,maize,yellow,19-08-2025,2130,2320,2226
uttar pradesh,mainpuri,ghiraur,rice,iii,19-08-2025,3340,3540,3440
uttar pradesh,mainpuri,mainpuri,banana,banana - ripe,19-08-2025,2600,2800,2700
uttar pradesh,mainpuri,mainpuri,bottle gourd,bottle gourd,19-08-2025,1150,1300,1200
uttar pradesh,mainpuri,mainpuri,brinjal,round/long,19-08-2025,1460,1600,1500
uttar pradesh,mainpuri,mainpuri,cucumbar(kheera),cucumbar,19-08-2025,1600,1800,1700
uttar pradesh,mainpuri,mainpuri,pumpkin,pumpkin,19-08-2025,1050,1200,1160
uttar pradesh,mathura,kosikalan,bhindi(ladies finger),bhindi,19-08-2025,1400,1500,1460
uttar pradesh,mathura,kosikalan,onion,red,19-08-2025,1300,1400,1350
uttar pradesh,mathura,kosikalan,rice,iii,19-08-2025,3300,3400,3360
uttar pradesh,mathura,kosikalan,tomato,deshi,19-08-2025,3900,3975,3965
uttar pradesh,mathura,mathura,bajra(pearl millet/cumbu),hybrid,19-08-2025,2100,2200,2180
uttar pradesh,mathura,mathura,banana,banana - ripe,19-08-2025,2500,2800,2700
uttar pradesh,mathura,mathura,brinjal,round,19-08-2025,1300,1500,1400
uttar pradesh,mathura,mathura,lemon,lemon,19-08-2025,3400,3800,3600
uttar pradesh,mathura,mathura,rice,iii,19-08-2025,3300,3480,3400
uttar pradesh,mathura,mathura,spinach,spinach,19-08-2025,1900,2100,2000
uttar pradesh,mathura,mathura,wheat,dara,19-08-2025,2530,2580,2550
uttar pradesh,meerut,meerut,lentil (masur)(whole),masur dal,19-08-2025,6950,7050,7000
uttar pradesh,meerut,meerut,mustard oil,mustard oil,19-08-2025,15000,15100,15050
uttar pradesh,mirzapur,mirzapur,arhar (tur/red gram)(whole),arhar (whole),19-08-2025,7585,7675,7635
uttar pradesh,mirzapur,mirzapur,bhindi(ladies finger),bhindi,19-08-2025,1645,1725,1685
uttar pradesh,mirzapur,mirzapur,bottle gourd,bottle gourd,19-08-2025,1415,1500,1460
uttar pradesh,mirzapur,mirzapur,mousambi(sweet lime),mousambi,19-08-2025,3500,3600,3565
uttar pradesh,mirzapur,mirzapur,pomegranate,pomogranate,19-08-2025,6550,6650,6600
uttar pradesh,mirzapur,mirzapur,rice,coarse,19-08-2025,3375,3445,3400
uttar pradesh,pillibhit,puranpur,cucumbar(kheera),cucumbar,19-08-2025,1910,1990,1959
uttar pradesh,pillibhit,puranpur,lemon,lemon,19-08-2025,4430,4500,4470
uttar pradesh,pillibhit,puranpur,mousambi(sweet lime),mousambi,19-08-2025,3600,3670,3635
uttar pradesh,pillibhit,puranpur,tomato,local,19-08-2025,4070,4150,4110
uttar pradesh,pillibhit,puranpur,wheat,dara,19-08-2025,2460,2540,2500
uttar pradesh,pillibhit,vishalpur,onion,red,19-08-2025,1340,1385,1360
uttar pradesh,pillibhit,vishalpur,pumpkin,pumpkin,19-08-2025,1315,1368,1340
uttar pradesh,pillibhit,vishalpur,tomato,deshi,19-08-2025,4080,4150,4100
uttar pradesh,pratapgarh,pratapgarh,bottle gourd,bottle gourd,19-08-2025,1500,1750,1600
uttar pradesh,pratapgarh,pratapgarh,mousambi(sweet lime),mousambi,19-08-2025,3400,3650,3500
uttar pradesh,pratapgarh,pratapgarh,pointed gourd (parval),pointed gourd (parval),19-08-2025,3700,4000,3800
uttar pradesh,pratapgarh,pratapgarh,pumpkin,pumpkin,19-08-2025,1500,1650,1550
uttar pradesh,pratapgarh,pratapgarh,raddish,raddish,19-08-2025,2200,2600,2400
uttar pradesh,prayagraj,lediyari,green gram (moong)(whole),local (whole),19-08-2025,8500,8700,8682
uttar pradesh,prayagraj,sirsa,green chilli,green chilly,19-08-2025,3300,3500,3400
uttar pradesh,prayagraj,sirsa,tomato,deshi,19-08-2025,3100,3300,3200
uttar pradesh,raebarelli,bachranwa,green chilli,green chilly,19-08-2025,4500,4600,4550
uttar pradesh,raebarelli,bachranwa,potato,desi,19-08-2025,1125,1165,1150
uttar pradesh,raebarelli,jayas,arhar dal(tur dal),arhar dal(tur),19-08-2025,10250,10300,10270
uttar pradesh,raebarelli,jayas,bhindi(ladies finger),bhindi,19-08-2025,1630,1660,1650
uttar pradesh,raebarelli,jayas,paddy(dhan)(common),common,19-08-2025,2275,2300,2285
uttar pradesh,raebarelli,lalganj,colacasia,colacasia,19-08-2025,1900,2100,2000
uttar pradesh,raebarelli,lalganj,onion,red,19-08-2025,1150,1250,1200
uttar pradesh,raebarelli,raibareilly,bengal gram(gram)(whole),desi (whole),19-08-2025,6680,6720,6700
uttar pradesh,raebarelli,raibareilly,cauliflower,cauliflower,19-08-2025,3250,3360,3300
uttar pradesh,raebarelli,raibareilly,colacasia,colacasia,19-08-2025,1925,1975,1950
uttar pradesh,raebarelli,raibareilly,garlic,garlic,19-08-2025,5950,6060,6000
uttar pradesh,raebarelli,raibareilly,mousambi(sweet lime),mousambi,19-08-2025,3100,3200,3160
uttar pradesh,raebarelli,raibareilly,onion,red,19-08-2025,1425,1475,1450
uttar pradesh,raebarelli,raibareilly,pointed gourd (parval),pointed gourd (parval),19-08-2025,3300,3350,3325
uttar pradesh,raebarelli,salon,potato,desi,19-08-2025,1120,1130,1125
uttar pradesh,raebarelli,salon,wheat,dara,19-08-2025,2490,2500,2495
uttar pradesh,rampur,rampur,apple,delicious,19-08-2025,9450,9560,9500
uttar pradesh,rampur,rampur,onion,red,19-08-2025,1325,1425,1375
uttar pradesh,rampur,rampur,papaya,papaya,19-08-2025,2800,2900,2850
uttar pradesh,saharanpur,chutmalpur,bottle gourd,bottle gourd,19-08-2025,1300,1500,1400
uttar pradesh,saharanpur,chutmalpur,cucumbar(kheera),cucumbar,19-08-2025,1300,1500,1400
uttar pradesh,saharanpur,chutmalpur,lemon,lemon,19-08-2025,3000,3300,3200
uttar pradesh,saharanpur,saharanpur,bottle gourd,bottle gourd,19-08-2025,1400,1800,1600
uttar pradesh,saharanpur,saharanpur,brinjal,round/long,19-08-2025,1600,2000,1800
uttar pradesh,saharanpur,saharanpur,cucumbar(kheera),cucumbar,19-08-2025,1600,2000,1800
uttar pradesh,saharanpur,saharanpur,potato,desi,19-08-2025,950,1300,1100
uttar pradesh,saharanpur,saharanpur,rice,iii,19-08-2025,3350,3630,3500
uttar pradesh,sambhal,sambhal,onion,red,19-08-2025,1200,1680,1500
uttar pradesh,sambhal,sambhal,tomato,deshi,19-08-2025,1000,1500,1400
uttar pradesh,shahjahanpur,puwaha,banana - green,banana - green,19-08-2025,1700,1900,1800
uttar pradesh,shahjahanpur,puwaha,bottle gourd,bottle gourd,19-08-2025,1350,1400,1370
uttar pradesh,shahjahanpur,puwaha,cabbage,cabbage,19-08-2025,1600,1700,1625
uttar pradesh,shahjahanpur,puwaha,cauliflower,cauliflower,19-08-2025,3300,3500,3400
uttar pradesh,shahjahanpur,puwaha,cucumbar(kheera),cucumbar,19-08-2025,1900,2000,1950
uttar pradesh,shahjahanpur,puwaha,ginger(green),green ginger,19-08-2025,4200,4300,4250
uttar pradesh,shahjahanpur,puwaha,onion,red,19-08-2025,1350,1400,1370
uttar pradesh,shahjahanpur,shahjahanpur,banana,banana - ripe,19-08-2025,2680,2800,2740
uttar pradesh,shahjahanpur,shahjahanpur,banana - green,banana - green,19-08-2025,1800,1900,1850
uttar pradesh,shahjahanpur,shahjahanpur,bottle gourd,bottle gourd,19-08-2025,1315,1400,1360
uttar pradesh,shahjahanpur,shahjahanpur,brinjal,brinjal,19-08-2025,1700,1800,1750
uttar pradesh,shahjahanpur,shahjahanpur,green chilli,green chilly,19-08-2025,4300,4400,4350
uttar pradesh,shahjahanpur,shahjahanpur,ridgeguard(tori),ridgeguard(tori),19-08-2025,1600,1700,1650
uttar pradesh,shahjahanpur,tilhar,banana,banana - ripe,19-08-2025,2730,2830,2780
uttar pradesh,shahjahanpur,tilhar,bhindi(ladies finger),bhindi,19-08-2025,1680,1780,1730
uttar pradesh,shahjahanpur,tilhar,cauliflower,cauliflower,19-08-2025,3290,3390,3340
uttar pradesh,shahjahanpur,tilhar,ginger(green),green ginger,19-08-2025,4180,4290,4240
uttar pradesh,shahjahanpur,tilhar,maize,yellow,19-08-2025,1930,1975,1960
uttar pradesh,shahjahanpur,tilhar,pumpkin,pumpkin,19-08-2025,1270,1370,1320
uttar pradesh,shahjahanpur,tilhar,ridgeguard(tori),ridgeguard(tori),19-08-2025,1620,1720,1670
uttar pradesh,shamli,kairana,apple,delicious,19-08-2025,1800,1900,1850
uttar pradesh,shamli,kairana,bhindi(ladies finger),bhindi,19-08-2025,1000,1100,1050
uttar pradesh,shamli,kairana,garlic,garlic,19-08-2025,5400,5500,5450
uttar pradesh,shamli,kairana,lemon,lemon,19-08-2025,3600,3700,3650
uttar pradesh,shamli,kairana,potato,desi,19-08-2025,1000,1100,1050
uttar pradesh,shamli,khandhla,bhindi(ladies finger),bhindi,19-08-2025,3700,3800,3750
uttar pradesh,shamli,khandhla,cucumbar(kheera),cucumbar,19-08-2025,1400,1500,1450
uttar pradesh,shamli,khandhla,lemon,lemon,19-08-2025,5400,5500,5450
uttar pradesh,shamli,shamli,bottle gourd,bottle gourd,19-08-2025,1570,1670,1620
uttar pradesh,shamli,shamli,cucumbar(kheera),cucumbar,19-08-2025,1850,1950,1900
uttar pradesh,shamli,shamli,garlic,garlic,19-08-2025,6150,6250,6200
uttar pradesh,shamli,shamli,masur dal,masur dal,19-08-2025,7750,7840,7800
uttar pradesh,shamli,shamli,potato,desi,19-08-2025,850,950,900
uttar pradesh,shamli,shamli,wheat,dara,19-08-2025,2550,2650,2600
uttar pradesh,shravasti,payagpur,green chilli,green chilly,19-08-2025,6700,7000,6800
uttar pradesh,sitapur,hargaon (laharpur),firewood,other,19-08-2025,300,340,330
uttar pradesh,sitapur,sitapur,ginger(green),green ginger,19-08-2025,3700,4000,3850
uttar pradesh,sitapur,sitapur,green chilli,green chilly,19-08-2025,4200,4800,4570
uttar pradesh,sitapur,sitapur,mustard,sarson(black),19-08-2025,6200,7200,6650
uttar pradesh,sitapur,sitapur,wheat,dara,19-08-2025,2480,2540,2510
uttar pradesh,unnao,bangarmau,brinjal,round/long,19-08-2025,1650,1750,1700
uttar pradesh,unnao,bangarmau,ginger(green),green ginger,19-08-2025,3770,3870,3820
uttar pradesh,unnao,bangarmau,rice,iii,19-08-2025,3130,3230,3180
uttar pradesh,unnao,bangarmau,tomato,hybrid,19-08-2025,3720,3820,3770
uttrakhand,dehradoon,chakrata,potato,other,19-08-2025,1800,2200,2000
uttrakhand,dehradoon,dehradoon,apple,apple,19-08-2025,5500,8500,6500
uttrakhand,dehradoon,dehradoon,bottle gourd,other,19-08-2025,800,1205,950
uttrakhand,dehradoon,dehradoon,cauliflower,other,19-08-2025,1000,2000,1500
uttrakhand,dehradoon,dehradoon,onion,nasik,19-08-2025,1500,2500,2000
uttrakhand,dehradoon,dehradoon,papaya,other,19-08-2025,1500,2000,1800
uttrakhand,dehradoon,rishikesh,bottle gourd,bottle gourd,19-08-2025,1000,1600,1400
uttrakhand,dehradoon,rishikesh,onion,other,19-08-2025,1600,2100,1700
uttrakhand,dehradoon,rishikesh,papaya,other,19-08-2025,1800,2500,2000
uttrakhand,haridwar,bhagwanpur(naveen mandi sthal),potato,other,19-08-2025,500,800,600
uttrakhand,haridwar,haridwar union,capsicum,capsicum,19-08-2025,3000,3500,3200
uttrakhand,haridwar,haridwar union,pumpkin,pumpkin,19-08-2025,500,800,600
uttrakhand,haridwar,roorkee,brinjal,other,19-08-2025,450,700,550
uttrakhand,haridwar,roorkee,cauliflower,other,19-08-2025,700,1100,900
uttrakhand,haridwar,roorkee,pumpkin,other,19-08-2025,450,700,550
uttrakhand,nanital,haldwani,onion,other,19-08-2025,1000,2000,1500
uttrakhand,nanital,haldwani,pear(marasebu),other,19-08-2025,800,1200,1000
uttrakhand,nanital,haldwani,potato,other,19-08-2025,700,1500,1100
uttrakhand,nanital,haldwani,tomato,other,19-08-2025,1600,3000,2500
uttrakhand,nanital,ramnagar,potato,other,19-08-2025,800,1000,900
uttrakhand,udhamsinghnagar,bazpur,brinjal,other,19-08-2025,1200,1200,1200
uttrakhand,udhamsinghnagar,bazpur,carrot,other,19-08-2025,1800,1800,1800
uttrakhand,udhamsinghnagar,bazpur,guava,other,19-08-2025,2000,2000,2000
uttrakhand,udhamsinghnagar,rudrapur,bottle gourd,other,19-08-2025,2000,3000,2500
uttrakhand,udhamsinghnagar,rudrapur,garlic,average,19-08-2025,6000,8000,7000
uttrakhand,udhamsinghnagar,rudrapur,lemon,other,19-08-2025,4000,6000,5000
uttrakhand,udhamsinghnagar,rudrapur,pomegranate,other,19-08-2025,7000,8000,7500
west bengal,bankura,bankura sadar,brinjal,round/long,19-08-2025,4800,5200,5000
west bengal,bankura,bishnupur(bankura),bottle gourd,bottle gourd,19-08-2025,2500,3300,3000
west bengal,bankura,bishnupur(bankura),mustard,mustard,19-08-2025,5800,6200,6000
west bengal,bankura,bishnupur(bankura),potato,jyoti,19-08-2025,1060,1120,1080
west bengal,bankura,bishnupur(bankura),rice,fine,19-08-2025,4300,4500,4400
west bengal,bankura,indus(bankura sadar),green chilli,green chilly,19-08-2025,8500,9500,9000
west bengal,bankura,indus(bankura sadar),paddy(dhan)(common),common,19-08-2025,2150,2320,2300
west bengal,bankura,khatra,cucumbar(kheera),cucumbar,19-08-2025,3500,4800,4000
west bengal,bankura,khatra,wheat,sonalika,19-08-2025,2800,3200,3000
west bengal,birbhum,rampurhat,rice,common,19-08-2025,3400,3500,3450
west bengal,birbhum,rampurhat,wheat,sonalika,19-08-2025,2500,2600,2550
west bengal,coochbehar,baxirhat,brinjal,brinjal,19-08-2025,2800,3100,2900
west bengal,coochbehar,baxirhat,green chilli,other,19-08-2025,10000,11000,10500
west bengal,coochbehar,haldibari,potato,jyoti,19-08-2025,1100,1150,1130
west bengal,coochbehar,mathabhanga,bitter gourd,bitter gourd,19-08-2025,3700,4100,3900
west bengal,coochbehar,mathabhanga,green chilli,green chilly,19-08-2025,10000,11000,10500
west bengal,darjeeling,darjeeling,ginger(green),other,19-08-2025,7400,7600,7500
west bengal,darjeeling,karsiyang(matigara),potato,jyoti,19-08-2025,1900,2100,2000
west bengal,darjeeling,siliguri,black gram dal (urd dal),black gram dal,19-08-2025,10900,11100,11000
west bengal,malda,english bazar,onion,other,19-08-2025,1600,1800,1700
west bengal,malda,samsi,onion,onion,19-08-2025,1600,1800,1700
west bengal,medinipur(w),ghatal,brinjal,brinjal,19-08-2025,7000,7200,7100
west bengal,medinipur(w),ghatal,carrot,carrot,19-08-2025,3500,3700,3600
west bengal,medinipur(w),ghatal,cucumbar(kheera),cucumbar,19-08-2025,3000,3200,3100
west bengal,medinipur(w),ghatal,jute,td-5,19-08-2025,6700,6900,6800
west bengal,paschim bardhaman,asansol,green gram dal (moong dal),green gram dal,19-08-2025,11250,11500,11400
west bengal,paschim bardhaman,asansol,onion,nasik,19-08-2025,1700,1850,1800
west bengal,paschim bardhaman,asansol,rice,fine,19-08-2025,4350,4550,4450
west bengal,paschim bardhaman,asansol,sweet pumpkin,other,19-08-2025,1150,1250,1200
west bengal,paschim bardhaman,asansol,tomato,hybrid,19-08-2025,4350,4500,4450
west bengal,paschim bardhaman,asansol,tomato,hybrid,19-08-2025,4000,4250,4200
west bengal,paschim bardhaman,durgapur,potato,jyoti,19-08-2025,1050,1150,1100
west bengal,paschim bardhaman,durgapur,rice,other,19-08-2025,3000,3200,3100
west bengal,uttar dinajpur,kaliaganj,wheat,local,19-08-2025,2500,2700,2600
west bengal,uttar dinajpur,raiganj,wheat,local,19-08-2025,2500,2800,2600
andhra pradesh,chittor,kalikiri,tomato,hybrid,19-08-2025,3500,4300,3930
andhra pradesh,chittor,madanapalli,tomato,local,19-08-2025,4300,5400,5000
andhra pradesh,chittor,madanapalli,tomato,other,19-08-2025,3000,4200,3800
andhra pradesh,chittor,mulakalacheruvu,tomato,local,19-08-2025,2600,4400,3500
andhra pradesh,chittor,palamaner,cluster beans,cluster beans,19-08-2025,3000,5000,4000
andhra pradesh,chittor,punganur,tomato,hybrid,19-08-2025,3000,4470,3740
andhra pradesh,chittor,tirupati,banana,bhushavali(pacha),19-08-2025,7500,10000,8500
andhra pradesh,cuddapah,cuddapah,turmeric,bulb,19-08-2025,7045,10085,7045
andhra pradesh,east godavari,ravulapelem,banana,karpura,19-08-2025,2700,3900,3600
andhra pradesh,krishna,tiruvuru,paddy(dhan)(common),sona,19-08-2025,2500,2900,2700
andhra pradesh,krishna,tiruvuru,paddy(dhan)(common),sona,19-08-2025,2300,2500,2400
andhra pradesh,kurnool,kurnool,onion,local,19-08-2025,589,1529,1389
andhra pradesh,kurnool,pattikonda,tomato,local,19-08-2025,2200,3800,3000
andhra pradesh,visakhapatnam,anakapally,gur(jaggery),no 3,19-08-2025,3000,3350,3175
andhra pradesh,west godavari,denduluru,lime,lime,19-08-2025,2500,3300,3000
chandigarh,chandigarh,chandigarh(grain/fruit),apple,apple,19-08-2025,5000,10000,8000
chandigarh,chandigarh,chandigarh(grain/fruit),carrot,carrot,19-08-2025,1000,1800,1500
chandigarh,chandigarh,chandigarh(grain/fruit),green chilli,other,19-08-2025,1500,2600,2200
chandigarh,chandigarh,chandigarh(grain/fruit),tomato,other,19-08-2025,2400,6800,6000
gujarat,ahmedabad,mandal,ajwan,ajwan,19-08-2025,6505,11605,9500
gujarat,amreli,babra,wheat,other,19-08-2025,2350,2500,2435
gujarat,amreli,bagasara,green gram (moong)(whole),other,19-08-2025,5500,6450,5975
gujarat,amreli,damnagar,cauliflower,cauliflower,19-08-2025,2500,3500,2800
gujarat,amreli,savarkundla,arhar (tur/red gram)(whole),small (whole),19-08-2025,5000,5750,5500
gujarat,amreli,savarkundla,"sesamum(sesame,gingelly,til)",white,19-08-2025,7500,9915,8750
gujarat,anand,khambhat(veg yard khambhat),banana,amruthapani,19-08-2025,1700,1700,1700
gujarat,anand,khambhat(veg yard khambhat),brinjal,other,19-08-2025,1000,2000,1500
gujarat,anand,khambhat(veg yard khambhat),cabbage,other,19-08-2025,500,1000,500
gujarat,anand,khambhat(veg yard khambhat),onion,other,19-08-2025,2000,2500,2200
gujarat,anand,khambhat(veg yard khambhat),potato,other,19-08-2025,1400,1700,1600
gujarat,bharuch,jambusar,arhar (tur/red gram)(whole),other,19-08-2025,6500,7100,6800
gujarat,bharuch,jambusar,bajra(pearl millet/cumbu),other,19-08-2025,2100,2500,2300
gujarat,bharuch,jambusar(kaavi),arhar (tur/red gram)(whole),other,19-08-2025,6600,7000,6800
gujarat,chhota udaipur,bodeliu,maize,deshi red,19-08-2025,2040,2085,2068
gujarat,chhota udaipur,modasar        ,cotton,shanker 6 (b) 30mm fine,19-08-2025,6800,6950,6900
gujarat,dahod,dahod,arhar (tur/red gram)(whole),arhar (whole),19-08-2025,5200,5550,5365
gujarat,dahod,dahod,maize,white (safed),19-08-2025,2200,3100,2425
gujarat,dahod,dahod,maize,yellow,19-08-2025,2275,2390,2320
gujarat,dahod,dahod,wheat,147 average,19-08-2025,2800,2850,2825
gujarat,dahod,dahod,wheat,lokwan,19-08-2025,2850,2900,2875
gujarat,dahod,dahod(veg. market),bitter gourd,bitter gourd,19-08-2025,500,1500,1000
gujarat,dahod,dahod(veg. market),cauliflower,cauliflower,19-08-2025,500,3000,1850
gujarat,dahod,dahod(veg. market),lemon,other,19-08-2025,600,3000,1900
gujarat,dahod,dahod(veg. market),pumpkin,pumpkin,19-08-2025,500,1500,1000
gujarat,dahod,davgadbaria(piplod),paddy(dhan)(common),common,19-08-2025,1580,1600,1590
gujarat,devbhumi dwarka,jam khambalia,cummin seed(jeera),other,19-08-2025,15500,17825,16500
gujarat,devbhumi dwarka,jam khambalia,green gram (moong)(whole),other,19-08-2025,6500,7355,6750
gujarat,devbhumi dwarka,jam khambalia,"sesamum(sesame,gingelly,til)",other,19-08-2025,6500,8150,7000
gujarat,gandhinagar,dehgam,bajra(pearl millet/cumbu),other,19-08-2025,2425,2645,2535
gujarat,gandhinagar,dehgam,guar,other,19-08-2025,4375,4675,4525
gujarat,gandhinagar,dehgam(rekhiyal),castor seed,other,19-08-2025,6300,6375,6337
gujarat,gandhinagar,dehgam(rekhiyal),guar,other,19-08-2025,4350,4600,4475
gujarat,gandhinagar,dehgam(rekhiyal),wheat,other,19-08-2025,2525,2625,2575
gujarat,gandhinagar,kalol,bajra(pearl millet/cumbu),other,19-08-2025,2200,2350,2250
gujarat,jamnagar,dhrol,cotton,other,19-08-2025,6250,7675,6965
gujarat,jamnagar,dhrol,cummin seed(jeera),other,19-08-2025,10500,16950,13725
gujarat,jamnagar,kalawad,green gram (moong)(whole),other,19-08-2025,6400,7750,7125
gujarat,jamnagar,kalawad,groundnut,other,19-08-2025,4500,5555,5120
gujarat,jamnagar,kalawad,wheat,other,19-08-2025,2345,2665,2450
gujarat,kheda,kapadvanj,cauliflower,other,19-08-2025,2000,3000,2500
gujarat,kheda,kapadvanj,onion,other,19-08-2025,1000,1900,1400
gujarat,kheda,kapadvanj,wheat,other,19-08-2025,2550,2625,2587
gujarat,kheda,nadiyad(chaklasi),cauliflower,cauliflower,19-08-2025,1900,2300,2200
gujarat,kheda,nadiyad(chaklasi),tomato,tomato,19-08-2025,1700,1800,1750
gujarat,kheda,nadiyad(piplag),cowpea(veg),cowpea (veg),19-08-2025,2000,2500,2300
gujarat,kheda,nadiyad(piplag),lemon,lemon,19-08-2025,5000,6000,5400
gujarat,kheda,nadiyad(piplag),onion,onion,19-08-2025,1600,2000,1800
gujarat,kheda,nadiyad(piplag),potato,potato,19-08-2025,1100,1500,1200
gujarat,kheda,nadiyad(piplag),potato,potato,19-08-2025,700,900,800
gujarat,mehsana,kadi,castor seed,caster,19-08-2025,6415,6560,6500
gujarat,mehsana,kadi,guar seed(cluster beans seed),whole,19-08-2025,4500,4500,4500
gujarat,mehsana,kadi,soanf,other,19-08-2025,5805,6750,6400
gujarat,mehsana,vijapur,mustard,other,19-08-2025,6380,6380,6380
gujarat,mehsana,vijapur,wheat,other,19-08-2025,2625,2725,2650
gujarat,navsari,navsari,banana,amruthapani,19-08-2025,1250,2000,1625
gujarat,navsari,navsari,bottle gourd,bottle gourd,19-08-2025,500,1500,1000
gujarat,navsari,navsari,cluster beans,cluster beans,19-08-2025,3500,4000,3750
gujarat,navsari,navsari,coriander(leaves),coriander,19-08-2025,3500,4000,3750
gujarat,navsari,navsari,cowpea(veg),cowpea (veg),19-08-2025,3000,3750,3375
gujarat,navsari,navsari,green chilli,green chilly,19-08-2025,2500,5000,3750
gujarat,navsari,navsari,pointed gourd (parval),other,19-08-2025,2000,3000,2500
gujarat,panchmahals,morva hafad,paddy(dhan)(common),paddy,19-08-2025,1500,2100,1800
gujarat,porbandar,porbandar,apple,apple,19-08-2025,5000,10000,7500
gujarat,porbandar,porbandar,cabbage,cabbage,19-08-2025,1000,1750,1500
gujarat,porbandar,porbandar,guar,gwar,19-08-2025,5000,6000,5500
gujarat,porbandar,porbandar,guava,guava,19-08-2025,3500,4500,4000
gujarat,porbandar,porbandar,onion,other,19-08-2025,1000,1500,1250
gujarat,porbandar,porbandar,potato,(red nanital),19-08-2025,1250,1750,1500
gujarat,porbandar,porbandar,tomato,deshi,19-08-2025,4000,5000,4500
gujarat,rajkot,gondal(veg.market gondal),guava,guava,19-08-2025,3000,8000,5500
gujarat,rajkot,gondal(veg.market gondal),pumpkin,pumpkin,19-08-2025,500,1000,750
gujarat,rajkot,rajkot,bengal gram(gram)(whole),desi (whole),19-08-2025,4500,5960,5875
gujarat,rajkot,rajkot,jowar(sorghum),jowar ( white),19-08-2025,3600,3975,3840
gujarat,rajkot,rajkot,mustard,mustard,19-08-2025,5750,6250,6150
gujarat,rajkot,rajkot(veg.sub yard),coriander(leaves),coriander,19-08-2025,500,1000,750
gujarat,rajkot,rajkot(veg.sub yard),lemon,lemon,19-08-2025,1000,4000,2500
gujarat,rajkot,rajkot(veg.sub yard),potato,desi,19-08-2025,750,1750,1250
gujarat,surat,surat,cucumbar(kheera),other,19-08-2025,1000,2500,1750
gujarat,surat,surat,groundnut pods (raw),other,19-08-2025,3000,4000,3500
gujarat,surat,surat,little gourd (kundru),other,19-08-2025,3000,6000,4500
gujarat,surat,surat,surat beans (papadi),other,19-08-2025,4500,9500,7000
gujarat,surat,surat,sweet potato,other,19-08-2025,2500,3500,3000
gujarat,surendranagar,vadhvan,amaranthus,amaranthus,19-08-2025,1000,1500,1250
gujarat,surendranagar,vadhvan,banana - green,banana - green,19-08-2025,500,1000,750
gujarat,surendranagar,vadhvan,bitter gourd,bitter gourd,19-08-2025,500,1000,750
gujarat,surendranagar,vadhvan,garlic,garlic,19-08-2025,10500,11000,10750
gujarat,surendranagar,vadhvan,guar,gwar,19-08-2025,1500,2000,1750
gujarat,vadodara(baroda),padra,cabbage,other,19-08-2025,1000,1250,1125
gujarat,vadodara(baroda),padra,cowpea(veg),other,19-08-2025,3500,4000,3750
gujarat,vadodara(baroda),padra,ginger(green),other,19-08-2025,3000,4000,3500
gujarat,vadodara(baroda),padra,pointed gourd (parval),other,19-08-2025,3250,3500,3400
gujarat,vadodara(baroda),padra,spinach,other,19-08-2025,2000,2250,2125
haryana,ambala,ambala cantt.,bitter gourd,bitter gourd,19-08-2025,1000,1500,1200
haryana,ambala,barara,apple,apple,19-08-2025,5000,6000,5000
haryana,ambala,barara,carrot,other,19-08-2025,800,1500,800
haryana,ambala,barara,garlic,average,19-08-2025,2000,2500,2000
haryana,ambala,barara,ginger(green),green ginger,19-08-2025,3000,3500,3000
haryana,ambala,barara,lemon,other,19-08-2025,2800,2800,2800
haryana,ambala,barara,papaya,other,19-08-2025,2300,3000,2300
haryana,ambala,barara,pomegranate,other,19-08-2025,8000,8000,8000
haryana,ambala,barara,pumpkin,other,19-08-2025,700,1000,700
haryana,ambala,barara,raddish,other,19-08-2025,400,800,700
haryana,ambala,barara,sponge gourd,other,19-08-2025,1000,1500,1200
haryana,fatehabad,jakhal,bottle gourd,bottle gourd,19-08-2025,1000,1000,1000
haryana,fatehabad,jakhal,brinjal,other,19-08-2025,1000,1000,1000
haryana,fatehabad,jakhal,cucumbar(kheera),other,19-08-2025,1200,2300,2300
haryana,gurgaon,gurgaon,banana,other,19-08-2025,2000,3000,2500
haryana,gurgaon,gurgaon,bottle gourd,bottle gourd,19-08-2025,1000,1400,1200
haryana,gurgaon,gurgaon,onion,other,19-08-2025,1000,2000,1500
haryana,gurgaon,gurgaon,tomato,other,19-08-2025,1500,2000,1750
haryana,gurgaon,sohna,guava,guava,19-08-2025,1500,1500,1500
haryana,hissar,barwala(hisar),potato,other,19-08-2025,800,1000,900
haryana,hissar,hansi,apple,other,19-08-2025,5000,15000,10000
haryana,hissar,hansi,bhindi(ladies finger),other,19-08-2025,2000,2500,2300
haryana,hissar,hansi,peas wet,other,19-08-2025,10000,14000,12000
haryana,hissar,hansi,pumpkin,other,19-08-2025,1000,1500,1200
haryana,jhajar,bahadurgarh,bhindi(ladies finger),other,19-08-2025,2000,2500,2200
haryana,jhajar,bahadurgarh,capsicum,other,19-08-2025,5000,6000,5500
haryana,jhajar,bahadurgarh,cucumbar(kheera),other,19-08-2025,1200,1500,1400
haryana,jhajar,bahadurgarh,mango,other,19-08-2025,8000,9000,8500
haryana,jhajar,bahadurgarh,mousambi(sweet lime),other,19-08-2025,3000,3200,3100
haryana,jhajar,bahadurgarh,onion,other,19-08-2025,1700,2100,1800
haryana,jhajar,bahadurgarh,onion,other,19-08-2025,1500,2000,1600
haryana,jhajar,jhajjar,potato,other,19-08-2025,1300,1500,1400
haryana,kaithal,dhand,banana,other,19-08-2025,2000,5000,4000
haryana,karnal,indri,banana,other,19-08-2025,2500,2500,2500
haryana,karnal,indri,garlic,average,19-08-2025,2900,5500,4000
haryana,karnal,indri,onion,other,19-08-2025,1800,1800,1800
haryana,kurukshetra,ladwa,banana,other,19-08-2025,2500,3500,3000
haryana,kurukshetra,ladwa,brinjal,round/long,19-08-2025,1000,2000,1000
haryana,kurukshetra,ladwa,ginger(dry),other,19-08-2025,5000,5000,5000
haryana,kurukshetra,ladwa,guava,guava,19-08-2025,1000,2000,1000
haryana,kurukshetra,ladwa,leafy vegetable,leafy vegetables,19-08-2025,1000,1000,1000
haryana,kurukshetra,ladwa,potato,potato,19-08-2025,1000,1200,1000
haryana,kurukshetra,ladwa,pumpkin,pumpkin,19-08-2025,1000,1000,1000
haryana,kurukshetra,pehowa,tomato,other,19-08-2025,1500,1680,1600
haryana,mahendragarh-narnaul,narnaul,bottle gourd,bottle gourd,19-08-2025,700,1500,1000
haryana,mahendragarh-narnaul,narnaul,green chilli,green chilly,19-08-2025,2500,4000,3000
haryana,mahendragarh-narnaul,narnaul,spinach,spinach,19-08-2025,2000,3000,3000
haryana,mahendragarh-narnaul,narnaul,sponge gourd,sponge gourd,19-08-2025,1000,2000,1500
haryana,mahendragarh-narnaul,narnaul,tinda,tinda,19-08-2025,2500,3500,3000
haryana,mahendragarh-narnaul,narnaul,tomato,tomato,19-08-2025,3000,3000,3000
haryana,mewat,punhana,tomato,other,19-08-2025,5000,5000,5000
haryana,mewat,tauru,banana,other,19-08-2025,3000,3000,3000
haryana,mewat,tauru,cabbage,other,19-08-2025,2000,2000,2000
haryana,mewat,tauru,cauliflower,local,19-08-2025,3500,3500,3500
haryana,mewat,tauru,pomegranate,other,19-08-2025,10000,10000,10000
haryana,panipat,madlauda,tomato,other,19-08-2025,3000,3500,3250
haryana,panipat,panipat,onion,other,19-08-2025,700,1500,1100
haryana,panipat,panipat,pomegranate,pomogranate,19-08-2025,5000,7000,6000
haryana,panipat,samalkha,bottle gourd,bottle gourd,19-08-2025,1200,1200,1200
haryana,rewari,kosli,pumpkin,other,19-08-2025,1000,1000,1000
haryana,rohtak,meham,tomato,deshi,19-08-2025,4000,4000,4000
haryana,rohtak,rohtak,onion,other,19-08-2025,1500,2500,2000
haryana,sonipat,ganaur,bhindi(ladies finger),bhindi,19-08-2025,2000,2500,2200
haryana,sonipat,ganaur,bitter gourd,bitter gourd,19-08-2025,2800,3000,2800
haryana,sonipat,ganaur,ginger(green),green ginger,19-08-2025,6500,7000,6800
haryana,sonipat,ganaur,onion,onion,19-08-2025,1600,2000,1800
haryana,sonipat,ganaur,ridgeguard(tori),ridgeguard(tori),19-08-2025,2400,2500,2400
haryana,sonipat,sonepat,capsicum,other,19-08-2025,3200,3600,3200
haryana,sonipat,sonepat,spinach,other,19-08-2025,1300,1500,1300
haryana,yamuna nagar,chhachrauli,bhindi(ladies finger),bhindi,19-08-2025,2000,2400,2000
haryana,yamuna nagar,chhachrauli,colacasia,other,19-08-2025,1600,2000,1600
haryana,yamuna nagar,chhachrauli,green chilli,green chilly,19-08-2025,6000,6000,6000
haryana,yamuna nagar,chhachrauli,pumpkin,pumpkin,19-08-2025,1000,1000,1000
haryana,yamuna nagar,jagadhri,green chilli,other,19-08-2025,3500,5000,4500
haryana,yamuna nagar,sadhaura,apple,other,19-08-2025,2000,8000,3000
haryana,yamuna nagar,sadhaura,green chilli,green chilly,19-08-2025,3000,5000,4000
haryana,yamuna nagar,sadhaura,pomegranate,other,19-08-2025,7000,10000,8000
himachal pradesh,bilaspur,bilaspur,apple,kullu royal delicious,19-08-2025,5000,13000,9000
himachal pradesh,bilaspur,bilaspur,cabbage,other,19-08-2025,1500,2600,2300
himachal pradesh,bilaspur,bilaspur,cucumbar(kheera),cucumbar,19-08-2025,2300,3500,2800
himachal pradesh,bilaspur,bilaspur,onion,other,19-08-2025,2000,2500,2300
himachal pradesh,chamba,chamba,brinjal,other,19-08-2025,2500,3000,2750
himachal pradesh,chamba,chamba,cucumbar(kheera),other,19-08-2025,2000,2500,2250
himachal pradesh,chamba,chamba,lemon,lemon,19-08-2025,6000,8000,7000
himachal pradesh,kangra,dharamshala,banana,other,19-08-2025,4500,5000,4750
himachal pradesh,kangra,dharamshala,bhindi(ladies finger),bhindi,19-08-2025,3500,3600,3550
himachal pradesh,kangra,dharamshala,bitter gourd,other,19-08-2025,3000,4000,3500
himachal pradesh,kangra,dharamshala,capsicum,other,19-08-2025,7500,8500,8000
himachal pradesh,kangra,dharamshala,coriander(leaves),other,19-08-2025,25000,30000,27500
himachal pradesh,kangra,dharamshala,garlic,other,19-08-2025,10000,12000,11000
himachal pradesh,kangra,dharamshala,onion,other,19-08-2025,2500,2700,2600
himachal pradesh,kangra,dharamshala,papaya,other,19-08-2025,3500,4000,3750
himachal pradesh,kangra,dharamshala,potato,other,19-08-2025,1500,2500,2000
himachal pradesh,kangra,kangra,apple,other,19-08-2025,3000,12000,8000
himachal pradesh,kangra,kangra,brinjal,other,19-08-2025,2000,3000,2500
himachal pradesh,kangra,kangra,coriander(leaves),other,19-08-2025,25000,30000,28000
himachal pradesh,kangra,kangra,green chilli,other,19-08-2025,5000,6000,5500
himachal pradesh,kangra,kangra(jaisinghpur),brinjal,brinjal,19-08-2025,3000,3500,3200
himachal pradesh,kangra,kangra(jaisinghpur),sponge gourd,sponge gourd,19-08-2025,3800,4200,4000
himachal pradesh,kangra,kangra(nagrota bagwan),bhindi(ladies finger),bhindi,19-08-2025,2800,3200,3000
himachal pradesh,kangra,kangra(nagrota bagwan),bitter gourd,bitter gourd,19-08-2025,3000,4000,3400
himachal pradesh,kangra,kangra(nagrota bagwan),cucumbar(kheera),cucumbar,19-08-2025,2500,3200,2800
himachal pradesh,kangra,kangra(nagrota bagwan),guava,guava,19-08-2025,5000,6000,5500
himachal pradesh,kangra,kangra(nagrota bagwan),papaya,other,19-08-2025,3500,4000,3700
himachal pradesh,kangra,kangra(nagrota bagwan),pear(marasebu),other,19-08-2025,4000,7000,6000
himachal pradesh,kangra,kangra(nagrota bagwan),potato,other,19-08-2025,1100,1800,1400
himachal pradesh,kangra,palampur,banana,banana - ripe,19-08-2025,4800,5000,4900
himachal pradesh,kangra,palampur,capsicum,capsicum,19-08-2025,7000,7500,7200
himachal pradesh,kangra,palampur,cauliflower,cauliflower,19-08-2025,5000,6000,5500
himachal pradesh,kangra,palampur,green chilli,green chilly,19-08-2025,5000,5500,5200
himachal pradesh,kangra,palampur,papaya,other,19-08-2025,3200,3300,3250
himachal pradesh,kullu,bandrol,apple,golden,19-08-2025,1000,6500,4000
himachal pradesh,kullu,bandrol,cabbage,other,19-08-2025,600,800,700
himachal pradesh,kullu,bandrol,tomato,other,19-08-2025,1500,3500,2800
himachal pradesh,kullu,bhuntar,bottle gourd,other,19-08-2025,1500,2500,2000
himachal pradesh,kullu,bhuntar,capsicum,other,19-08-2025,2000,3000,2500
himachal pradesh,kullu,bhuntar,coriander(leaves),other,19-08-2025,5000,10000,8000
himachal pradesh,kullu,bhuntar,french beans (frasbean),other,19-08-2025,3000,3500,3200
himachal pradesh,kullu,bhuntar,green chilli,other,19-08-2025,5000,6000,5500
himachal pradesh,kullu,kullu(chauri bihal),brinjal,other,19-08-2025,1000,1300,1200
himachal pradesh,kullu,kullu(chauri bihal),french beans (frasbean),other,19-08-2025,3000,4000,3500
himachal pradesh,mandi,mandi(mandi),apple,apple,19-08-2025,5000,10000,7000
himachal pradesh,mandi,mandi(mandi),beetroot,beetroot,19-08-2025,3000,3000,3000
himachal pradesh,mandi,mandi(mandi),capsicum,capsicum,19-08-2025,5000,7500,7000
himachal pradesh,mandi,mandi(mandi),cauliflower,cauliflower,19-08-2025,2500,3700,3000
himachal pradesh,mandi,mandi(mandi),ginger(green),green ginger,19-08-2025,6500,8000,7000
himachal pradesh,mandi,mandi(mandi),mashrooms,mashrooms,19-08-2025,16500,18000,17500
himachal pradesh,mandi,mandi(mandi),potato,potato,19-08-2025,1000,2400,1500
himachal pradesh,sirmore,nahan,capsicum,other,19-08-2025,4000,6000,5000
himachal pradesh,sirmore,nahan,carrot,other,19-08-2025,2800,3000,2900
himachal pradesh,sirmore,nahan,papaya,other,19-08-2025,3500,4000,3800
himachal pradesh,sirmore,paonta sahib,apple,other,19-08-2025,2000,16000,9000
himachal pradesh,sirmore,paonta sahib,brinjal,other,19-08-2025,2500,3000,2800
himachal pradesh,sirmore,paonta sahib,colacasia,other,19-08-2025,2500,3000,2800
himachal pradesh,sirmore,paonta sahib,coriander(leaves),other,19-08-2025,6000,8000,7000
himachal pradesh,sirmore,paonta sahib,onion,other,19-08-2025,1800,2000,1900
himachal pradesh,solan,waknaghat,green chilli,green chilly,19-08-2025,1600,2000,2000
jammu and kashmir,anantnag,kulgam,apple,other,19-08-2025,8529.41,10000,9705.88
jammu and kashmir,jammu,narwal jammu (f&v),apple,rizakwadi,19-08-2025,3500,3900,3700
jammu and kashmir,jammu,narwal jammu (f&v),banana,other,19-08-2025,3800,4200,4000
jammu and kashmir,jammu,narwal jammu (f&v),bhindi(ladies finger),other,19-08-2025,1800,2000,1900
jammu and kashmir,jammu,narwal jammu (f&v),lemon,other,19-08-2025,4000,4500,4250
jammu and kashmir,jammu,narwal jammu (f&v),mashrooms,other,19-08-2025,15000,17000,16000
jammu and kashmir,jammu,narwal jammu (f&v),onion,other,19-08-2025,1900,2100,2000
jammu and kashmir,jammu,narwal jammu (f&v),pear(marasebu),other,19-08-2025,2000,3000,2500
jammu and kashmir,jammu,narwal jammu (f&v),pumpkin,other,19-08-2025,700,1700,1200
jammu and kashmir,kathua,kathua,bottle gourd,other,19-08-2025,700,800,750
jammu and kashmir,kathua,kathua,papaya,other,19-08-2025,3500,4000,3750
jammu and kashmir,kathua,kathua,pear(marasebu),other,19-08-2025,4000,5000,4500
jammu and kashmir,kathua,kathua,peas wet,other,19-08-2025,8000,9000,8500
jammu and kashmir,kathua,kathua,potato,other,19-08-2025,1200,1300,1250
jammu and kashmir,kathua,kathua,round gourd,other,19-08-2025,1000,1200,1100
jammu and kashmir,rajouri,rajouri (f&v),apple,apple,19-08-2025,5500,5700,5600
jammu and kashmir,rajouri,rajouri (f&v),round gourd,other,19-08-2025,3500,3700,3600
jammu and kashmir,srinagar,ganderbal,apple,other,19-08-2025,10000,11000,10500
jammu and kashmir,srinagar,parimpore,bitter gourd,other,19-08-2025,2500,3500,3000
jammu and kashmir,srinagar,parimpore,capsicum,other,19-08-2025,2000,2500,2250
jammu and kashmir,srinagar,parimpore,ginger(green),other,19-08-2025,6000,7000,6500
jammu and kashmir,srinagar,parimpore,knool khol,other,19-08-2025,3000,3500,3250
jammu and kashmir,srinagar,parimpore,onion,other,19-08-2025,1700,2000,1850
jammu and kashmir,srinagar,parimpore,pear(marasebu),pears,19-08-2025,3200,4000,3600
jammu and kashmir,udhampur,udhampur,banana,banana - ripe,19-08-2025,4200,4400,4300
jammu and kashmir,udhampur,udhampur,bhindi(ladies finger),other,19-08-2025,2000,2500,2250
jammu and kashmir,udhampur,udhampur,brinjal,other,19-08-2025,1500,2000,1750
jammu and kashmir,udhampur,udhampur,onion,other,19-08-2025,2000,2500,2250
jammu and kashmir,udhampur,udhampur,pomegranate,other,19-08-2025,12000,15000,13500
karnataka,bangalore,ramanagara,alsandikai,alsandikai,19-08-2025,3500,4000,3800
karnataka,bangalore,ramanagara,brinjal,brinjal,19-08-2025,3000,4500,4000
karnataka,bangalore,ramanagara,drumstick,drumstick,19-08-2025,2400,3200,2800
karnataka,bangalore,ramanagara,seemebadnekai,seemebadanekai,19-08-2025,2000,2600,2400
karnataka,bangalore,ramanagara,snakeguard,snakeguard,19-08-2025,2800,3200,3000
karnataka,bangalore,ramanagara,thondekai,thondekai,19-08-2025,2400,3200,2800
karnataka,chamrajnagar,chamaraj nagar,tender coconut,tender coconut,19-08-2025,20000,24000,20500
karnataka,davangere,davangere,carrot,carrot,19-08-2025,2000,2500,2300
karnataka,davangere,davangere,onion,onion,19-08-2025,500,2400,1500
karnataka,davangere,davangere,papaya,papaya,19-08-2025,800,1500,1200
karnataka,davangere,davangere,pineapple,pine apple,19-08-2025,1000,2000,1500
karnataka,davangere,davangere,thondekai,thondekai,19-08-2025,2000,2500,2200
karnataka,karwar(uttar kannad),haliyala,paddy(dhan)(common),paddy medium,19-08-2025,2150,2600,2250
karnataka,kolar,bangarpet,papaya,papaya,19-08-2025,1000,1500,1200
karnataka,shimoga,shimoga,bitter gourd,bitter gourd,19-08-2025,3800,4000,3900
karnataka,shimoga,shimoga,cauliflower,cauliflower,19-08-2025,1300,1500,1400
karnataka,shimoga,shimoga,cucumbar(kheera),cucumbar,19-08-2025,1000,1200,1100
karnataka,shimoga,shimoga,gur(jaggery),unde,19-08-2025,4000,4800,4400
karnataka,shimoga,shimoga,onion,onion,19-08-2025,1600,2800,2200
karnataka,shimoga,shimoga,tomato,tomato,19-08-2025,1000,2800,1900
kerala,alappuzha,aroor,banana - green,banana - green,19-08-2025,5500,5700,5600
kerala,alappuzha,aroor,bhindi(ladies finger),other,19-08-2025,4000,4200,4100
kerala,alappuzha,aroor,cowpea(veg),other,19-08-2025,5500,5700,5600
kerala,alappuzha,aroor,cucumbar(kheera),other,19-08-2025,3800,4000,3900
kerala,alappuzha,aroor,garlic,other,19-08-2025,14000,14200,14100
kerala,alappuzha,aroor,onion,big,19-08-2025,2500,2700,2600
kerala,alappuzha,aroor,onion,small,19-08-2025,6000,6200,6100
kerala,alappuzha,chengannur,banana - green,banana - green,19-08-2025,3800,4100,4000
kerala,alappuzha,chengannur,bhindi(ladies finger),other,19-08-2025,3800,4100,4000
kerala,alappuzha,chengannur,onion,small,19-08-2025,3900,4200,4000
kerala,alappuzha,chengannur,snakeguard,other,19-08-2025,4800,5300,5000
kerala,alappuzha,cherthala,bhindi(ladies finger),bhindi,19-08-2025,5500,5700,5600
kerala,alappuzha,cherthala,brinjal,brinjal,19-08-2025,3000,3200,3100
kerala,alappuzha,cherthala,cabbage,cabbage,19-08-2025,4300,4500,4400
kerala,alappuzha,cherthala,cowpea(veg),cowpea (veg),19-08-2025,4500,4700,4600
kerala,alappuzha,cherthala,little gourd (kundru),other,19-08-2025,5000,5200,5100
kerala,alappuzha,cherthala,onion,big,19-08-2025,3200,3400,3300
kerala,alappuzha,cherthala,snakeguard,other,19-08-2025,3200,3400,3300
kerala,alappuzha,harippad,banana - green,other,19-08-2025,5000,5500,5000
kerala,alappuzha,harippad,bitter gourd,other,19-08-2025,5000,5500,5000
kerala,alappuzha,harippad,bottle gourd,other,19-08-2025,1000,1500,1000
kerala,alappuzha,harippad,brinjal,other,19-08-2025,4000,4500,4000
kerala,alappuzha,harippad,onion,big,19-08-2025,2400,2800,2400
kerala,alappuzha,kayamkulam,amaranthus,other,19-08-2025,3100,3300,3200
kerala,alappuzha,kayamkulam,banana - green,other,19-08-2025,2200,2400,2300
kerala,alappuzha,kayamkulam,carrot,other,19-08-2025,6100,6300,6200
kerala,alappuzha,kayamkulam,pumpkin,other,19-08-2025,1600,1800,1700
kerala,ernakulam,aluva,ashgourd,ashgourd,19-08-2025,2200,3000,2600
kerala,ernakulam,aluva,coconut seed,coconut seed,19-08-2025,8000,9000,8500
kerala,ernakulam,aluva,cowpea(veg),cowpea (veg),19-08-2025,2000,4000,3000
kerala,ernakulam,aluva,mango (raw-ripe),mango - raw-ripe,19-08-2025,5000,6000,5500
kerala,ernakulam,aluva,potato,potato,19-08-2025,3000,4000,3500
kerala,ernakulam,aluva,tapioca,tapioca,19-08-2025,2000,3000,2500
kerala,ernakulam,ernakulam,banana,palayamthodan,19-08-2025,2700,3200,3000
kerala,ernakulam,mazhuvannur vfpck,banana,palayamthodan,19-08-2025,800,2700,1900
kerala,ernakulam,moovattupuzha,pineapple,pine apple,19-08-2025,3000,3300,3100
kerala,ernakulam,north paravur,capsicum,capsicum,19-08-2025,6000,7000,6500
kerala,ernakulam,north paravur,green chilli,green chilly,19-08-2025,5000,6000,5500
kerala,ernakulam,north paravur,onion,1st sort,19-08-2025,4800,5500,5000
kerala,ernakulam,north paravur,pineapple,other,19-08-2025,5500,6000,5800
kerala,ernakulam,north paravur,tapioca,other,19-08-2025,3000,4000,3500
kerala,ernakulam,perumbavoor,arecanut(betelnut/supari),supari,19-08-2025,32500,33500,33000
kerala,ernakulam,perumbavoor,ashgourd,ashgourd,19-08-2025,2000,3000,2500
kerala,ernakulam,perumbavoor,banana - green,banana - green,19-08-2025,2700,3700,3000
kerala,ernakulam,perumbavoor,beetroot,beetroot,19-08-2025,2000,3000,2500
kerala,ernakulam,perumbavoor,drumstick,drumstick,19-08-2025,3200,4200,3700
kerala,ernakulam,perumbavoor,green chilli,green chilly,19-08-2025,5700,6700,6000
kerala,ernakulam,perumbavoor,indian beans (seam),indian beans (seam),19-08-2025,5000,6000,5500
kerala,ernakulam,perumbavoor,mango (raw-ripe),mango - raw-ripe,19-08-2025,5800,6800,6200
kerala,ernakulam,perumbavoor,pumpkin,pumpkin,19-08-2025,1300,2300,1700
kerala,ernakulam,perumbavoor,tapioca,tapioca,19-08-2025,2300,3300,2700
kerala,ernakulam,piravam,cucumbar(kheera),other,19-08-2025,4000,5000,4500
kerala,ernakulam,piravam,ginger(green),other,19-08-2025,8000,9000,8500
kerala,ernakulam,piravam,long melon(kakri),other,19-08-2025,3000,4000,3500
kerala,ernakulam,piravam,mango,other,19-08-2025,4000,5000,4500
kerala,ernakulam,piravam,tapioca,other,19-08-2025,3000,4000,3500
kerala,ernakulam,pothanikkadu vfpck,tapioca,tapioca,19-08-2025,1800,2500,1850
kerala,ernakulam,thrippunithura,banana,palayamthodan,19-08-2025,3000,5000,3200
kerala,ernakulam,thrippunithura,beetroot,beetroot,19-08-2025,6000,6500,6200
kerala,ernakulam,thrippunithura,cabbage,cabbage,19-08-2025,4000,5000,4200
kerala,ernakulam,thrippunithura,ginger(green),green ginger,19-08-2025,10000,14000,11000
kerala,ernakulam,thrippunithura,leafy vegetable,other,19-08-2025,5800,8000,6500
kerala,ernakulam,thrippunithura,potato,potato,19-08-2025,3800,4400,3800
kerala,idukki,adimali,bhindi(ladies finger),bhindi,19-08-2025,4000,4000,4000
kerala,idukki,adimali,brinjal,brinjal,19-08-2025,4000,4000,4000
kerala,idukki,adimali,grapes,black,19-08-2025,14000,14000,14000
kerala,idukki,adimali,grapes,green,19-08-2025,10000,10000,10000
kerala,idukki,adimali,tapioca,tapioca,19-08-2025,3500,3500,3500
kerala,idukki,adimali,tomato,hybrid,19-08-2025,5000,5000,5000
kerala,idukki,thodupuzha,cardamoms,other,19-08-2025,229800,230000,230000
kerala,kannur,kannur,banana - green,other,19-08-2025,5000,5200,5100
kerala,kannur,kannur,bhindi(ladies finger),bhindi,19-08-2025,4600,4800,4700
kerala,kannur,kannur,black pepper,other,19-08-2025,64500,70000,68000
kerala,kannur,mangattidom vfpck,banana,nendra bale,19-08-2025,6000,6000,6000
kerala,kannur,pattiyam  vfpck,banana - green,banana - green,19-08-2025,5900,5900,5900
kerala,kannur,payyannur,banana,other,19-08-2025,3900,4100,4000
kerala,kannur,payyannur,banana,other,19-08-2025,4500,4700,4600
kerala,kannur,taliparamba,brinjal,brinjal,19-08-2025,4900,5100,5000
kerala,kannur,taliparamba,potato,potato,19-08-2025,3100,3300,3200
kerala,kannur,thalasserry,cowpea(veg),other,19-08-2025,4800,5200,5000
kerala,kasargod,kasargod,banana,medium,19-08-2025,6000,6200,6100
kerala,kasargod,kasargod,cashewnuts,other,19-08-2025,12000,12200,12100
kerala,kollam,anchal,beetroot,other,19-08-2025,3300,3500,3400
kerala,kollam,anchal,bhindi(ladies finger),other,19-08-2025,6500,6700,6600
kerala,kollam,anchal,carrot,carrot,19-08-2025,6300,6500,6400
kerala,kollam,kottarakkara,bottle gourd,other,19-08-2025,1000,2000,1500
kerala,kollam,kottarakkara,tomato,other,19-08-2025,4000,5200,5000
kerala,kottayam,athirampuzha,beetroot,beetroot,19-08-2025,3000,3400,3200
kerala,kottayam,athirampuzha,bhindi(ladies finger),bhindi,19-08-2025,3500,3700,3600
kerala,kottayam,athirampuzha,bitter gourd,bitter gourd,19-08-2025,5800,6000,5900
kerala,kottayam,athirampuzha,cabbage,cabbage,19-08-2025,2500,2700,2600
kerala,kottayam,athirampuzha,garlic,garlic,19-08-2025,9800,10000,9900
kerala,kottayam,athirampuzha,ginger(green),green ginger,19-08-2025,9400,9600,9500
kerala,kottayam,athirampuzha,mango (raw-ripe),mango - raw-ripe,19-08-2025,8400,8600,8500
kerala,kottayam,kattampak  vfpck,banana,banana - ripe,19-08-2025,5700,6000,5800
kerala,kottayam,kuruppanthura,banana,palayamthodan,19-08-2025,3000,3500,3000
kerala,kottayam,kuruppanthura,carrot,carrot,19-08-2025,8600,9000,9000
kerala,kottayam,kuruppanthura,ginger(green),green ginger,19-08-2025,6000,8600,7000
kerala,kottayam,kuruppanthura,lemon,lemon,19-08-2025,5000,6000,5500
kerala,kottayam,kuruppanthura,onion,big,19-08-2025,2600,3000,2800
kerala,kottayam,pala,cabbage,cabbage,19-08-2025,3200,3800,3600
kerala,kottayam,pala,onion,big,19-08-2025,5500,6600,6000
kerala,kottayam,pampady,banana,palayamthodan,19-08-2025,3000,4500,4000
kerala,kottayam,pampady,cucumbar(kheera),other,19-08-2025,4000,5600,5000
kerala,kottayam,pampady,pumpkin,pumpkin,19-08-2025,2500,4000,3500
kerala,kottayam,ramapuram vfpck,elephant yam (suran),elephant yam (suran),19-08-2025,4500,5000,4600
kerala,kottayam,thalayolaparambu,amaranthus,amaranthus,19-08-2025,2500,3000,2700
kerala,kottayam,thalayolaparambu,ashgourd,ashgourd,19-08-2025,2500,3000,2700
kerala,kottayam,thalayolaparambu,banana,robusta,19-08-2025,2900,3200,3000
kerala,kottayam,thalayolaparambu,brinjal,other,19-08-2025,4000,4300,4100
kerala,kottayam,thalayolaparambu,cabbage,cabbage,19-08-2025,2500,2800,2600
kerala,kottayam,thalayolaparambu,onion,big,19-08-2025,2300,2600,2400
kerala,kozhikode(calicut),kallachi,green chilli,green chilly,19-08-2025,5300,5700,5500
kerala,kozhikode(calicut),kallachi,potato,other,19-08-2025,2600,3000,2800
kerala,kozhikode(calicut),mukkom,banana,other,19-08-2025,5000,5400,5200
kerala,kozhikode(calicut),mukkom,banana - green,banana - green,19-08-2025,3800,4200,4000
kerala,kozhikode(calicut),mukkom,brinjal,brinjal,19-08-2025,3500,3800,3600
kerala,kozhikode(calicut),mukkom,cabbage,cabbage,19-08-2025,3400,3800,3600
kerala,kozhikode(calicut),mukkom,green chilli,green chilly,19-08-2025,6000,6500,6200
kerala,kozhikode(calicut),mukkom,orange,other,19-08-2025,12500,13500,13000
kerala,kozhikode(calicut),mukkom,tomato,tomato,19-08-2025,3200,3600,3400
kerala,kozhikode(calicut),palayam,amaranthus,other,19-08-2025,2300,2500,2300
kerala,kozhikode(calicut),palayam,beetroot,other,19-08-2025,4000,4000,4000
kerala,kozhikode(calicut),palayam,bitter gourd,bitter gourd,19-08-2025,3500,3500,3500
kerala,kozhikode(calicut),palayam,bottle gourd,other,19-08-2025,3300,3500,3300
kerala,kozhikode(calicut),palayam,cabbage,other,19-08-2025,1300,1300,1300
kerala,kozhikode(calicut),palayam,cauliflower,other,19-08-2025,1800,1800,1800
kerala,kozhikode(calicut),palayam,coconut seed,other,19-08-2025,5500,5500,5500
kerala,kozhikode(calicut),palayam,cowpea(veg),other,19-08-2025,4200,4200,4200
kerala,kozhikode(calicut),palayam,french beans (frasbean),other,19-08-2025,4500,4500,4500
kerala,kozhikode(calicut),palayam,onion,other,19-08-2025,2100,2300,2200
kerala,kozhikode(calicut),palayam,potato,other,19-08-2025,2200,2300,2200
kerala,kozhikode(calicut),palayam,pumpkin,other,19-08-2025,2100,2100,2100
kerala,kozhikode(calicut),perambra,bhindi(ladies finger),other,19-08-2025,4000,4500,4000
kerala,kozhikode(calicut),perambra,cucumbar(kheera),other,19-08-2025,4200,4300,4200
kerala,kozhikode(calicut),perambra,drumstick,other,19-08-2025,3000,4500,3000
kerala,kozhikode(calicut),perambra,ginger(green),other,19-08-2025,8000,9000,8500
kerala,kozhikode(calicut),quilandy,cabbage,other,19-08-2025,2000,2100,2000
kerala,kozhikode(calicut),quilandy,carrot,other,19-08-2025,7500,8000,7800
kerala,kozhikode(calicut),quilandy,cucumbar(kheera),other,19-08-2025,2000,2300,2100
kerala,kozhikode(calicut),quilandy,drumstick,other,19-08-2025,2800,3200,3000
kerala,kozhikode(calicut),quilandy,snakeguard,other,19-08-2025,3700,4000,3800
kerala,kozhikode(calicut),thamarassery,drumstick,other,19-08-2025,2500,3300,2600
kerala,kozhikode(calicut),thamarassery,tomato,other,19-08-2025,3100,3700,3400
kerala,kozhikode(calicut),vengeri(kozhikode),drumstick,drumstick,19-08-2025,2300,2600,2600
kerala,kozhikode(calicut),vengeri(kozhikode),tomato,tomato,19-08-2025,3600,3900,3900
kerala,malappuram,kottakkal,amaranthus,amaranthus,19-08-2025,1800,2000,1900
kerala,malappuram,kottakkal,amphophalus,other,19-08-2025,4400,4600,4500
kerala,malappuram,kottakkal,banana - green,banana - green,19-08-2025,3000,3200,3100
kerala,malappuram,kottakkal,bottle gourd,other,19-08-2025,2200,2400,2300
kerala,malappuram,kottakkal,brinjal,other,19-08-2025,3200,3400,3300
kerala,malappuram,kottakkal,cabbage,other,19-08-2025,1400,1600,1500
kerala,malappuram,kottakkal,ginger(green),other,19-08-2025,5600,5800,5700
kerala,malappuram,kottakkal,pumpkin,other,19-08-2025,2300,2500,2400
kerala,malappuram,kottakkal,snakeguard,other,19-08-2025,2600,2800,2700
kerala,palakad,elevancheri vfpck,bitter gourd,bitter gourd,19-08-2025,2400,3000,2850
kerala,palakad,elevancheri vfpck,pumpkin,other,19-08-2025,1500,2000,1800
kerala,palakad,koduvayoor,ashgourd,other,19-08-2025,1200,1600,1400
kerala,palakad,koduvayoor,bitter gourd,other,19-08-2025,4200,4600,4400
kerala,palakad,koduvayoor,bottle gourd,other,19-08-2025,2400,2800,2600
kerala,palakad,koduvayoor,coconut,big,19-08-2025,7200,7600,7400
kerala,palakad,koduvayoor,ginger(green),other,19-08-2025,4500,4900,4700
kerala,palakad,koduvayoor,lime,other,19-08-2025,5000,5400,5200
kerala,palakad,koduvayoor,raddish,other,19-08-2025,2400,2800,2600
kerala,palakad,koduvayoor,snakeguard,other,19-08-2025,2600,3000,2800
kerala,palakad,palakkad,ashgourd,ashgourd,19-08-2025,1800,2800,2400
kerala,palakad,palakkad,bhindi(ladies finger),bhindi,19-08-2025,4000,5000,4600
kerala,palakad,palakkad,carrot,carrot,19-08-2025,7000,8000,7600
kerala,palakad,palakkad,cluster beans,cluster beans,19-08-2025,4000,5000,4600
kerala,palakad,palakkad,colacasia,other,19-08-2025,6500,7500,7100
kerala,palakad,palakkad,cowpea(veg),cowpea (veg),19-08-2025,3800,5000,4500
kerala,palakad,palakkad,drumstick,drumstick,19-08-2025,2500,3500,3100
kerala,palakad,palakkad,elephant yam (suran),other,19-08-2025,3700,4500,4200
kerala,palakad,palakkad,garlic,garlic,19-08-2025,9000,10000,9600
kerala,palakad,palakkad,green gram (moong)(whole),green gram dhall-i,19-08-2025,11500,13500,12600
kerala,palakad,palakkad,pumpkin,pumpkin,19-08-2025,2000,3000,2600
kerala,palakad,palakkad,sweet potato,sweet potato,19-08-2025,3300,4000,3700
kerala,pathanamthitta,erath  vfpck,ginger(green),green ginger,19-08-2025,4600,15100,11600
kerala,pathanamthitta,kuttoor,ashgourd,ashgourd,19-08-2025,4600,5000,4800
kerala,pathanamthitta,kuttoor,banana,nendra bale,19-08-2025,6600,7000,6800
kerala,pathanamthitta,kuttoor,banana,palayamthodan,19-08-2025,2600,3000,2800
kerala,pathanamthitta,kuttoor,bhindi(ladies finger),bhindi,19-08-2025,3600,4000,3800
kerala,pathanamthitta,kuttoor,rubber,other,19-08-2025,8600,9000,8800
kerala,thirssur,chavakkad,cucumbar(kheera),other,19-08-2025,2800,4000,3800
kerala,thirssur,chavakkad,snakeguard,other,19-08-2025,4000,4800,4800
kerala,thirssur,chelakkara,ashgourd,other,19-08-2025,2500,2800,2600
kerala,thirssur,chelakkara,beetroot,other,19-08-2025,5000,5500,5200
kerala,thirssur,chelakkara,coconut seed,other,19-08-2025,6000,6500,6200
kerala,thirssur,chelakkara,cucumbar(kheera),other,19-08-2025,3800,4000,3900
kerala,thirssur,chelakkara,duster beans,other,19-08-2025,7000,7500,7200
kerala,thirssur,chelakkara,green chilli,other,19-08-2025,6500,6800,6600
kerala,thirssur,chelakkara,onion,other,19-08-2025,2500,3000,2800
kerala,thirssur,chelakkara,tapioca,other,19-08-2025,3000,3500,3200
kerala,thirssur,kadukutty vfpck,banana,robusta,19-08-2025,2000,2800,2500
kerala,thiruvananthapuram,mylachal vfpck,amaranthus,amaranth greens-organic,19-08-2025,6000,7000,6500
kerala,wayanad,manathavady,coffee,other,19-08-2025,24000,24000,24000
kerala,wayanad,manathavady,cucumbar(kheera),cucumbar,19-08-2025,1500,1600,1600
kerala,wayanad,manathavady,green chilli,green chilly,19-08-2025,3500,3600,3600
kerala,wayanad,manathavady,snakeguard,snakeguard,19-08-2025,2200,2200,2200
kerala,wayanad,pulpally,banana,other,19-08-2025,3200,3400,3300
kerala,wayanad,pulpally,coffee,other,19-08-2025,18600,18800,18700
kerala,wayanad,pulpally,cucumbar(kheera),other,19-08-2025,1200,1400,1300
madhya pradesh,alirajpur,jobat,wheat,mill quality,19-08-2025,2400,2400,2400
madhya pradesh,ashoknagar,ashoknagar,bengal gram(gram)(whole),gram,19-08-2025,5700,6000,6000
madhya pradesh,ashoknagar,ashoknagar,wheat,other,19-08-2025,2576,2711,2700
madhya pradesh,ashoknagar,ashoknagar,wheat,wheat,19-08-2025,2666,2666,2666
madhya pradesh,badwani,badwani(f&v),green chilli,green chilly,19-08-2025,1700,1700,1700
madhya pradesh,badwani,sendhwa(f&v),bottle gourd,bottle gourd,19-08-2025,600,1100,900
madhya pradesh,badwani,sendhwa(f&v),cabbage,cabbage,19-08-2025,700,1100,900
madhya pradesh,badwani,sendhwa(f&v),ginger(green),green ginger,19-08-2025,1700,2700,2400
madhya pradesh,balaghat,balaghat,paddy(dhan)(common),common,19-08-2025,1450,1775,1775
madhya pradesh,bhopal,bhopal,soyabean,soyabeen,19-08-2025,4515,4515,4515
madhya pradesh,chhatarpur,bakswaha,wheat,wheat,19-08-2025,2600,2600,2600
madhya pradesh,chhindwara,chaurai,bengal gram(gram)(whole),desi (f.a.q. split),19-08-2025,5576,5751,5751
madhya pradesh,chhindwara,chhindwara,bengal gram(gram)(whole),gram,19-08-2025,5400,5765,5765
madhya pradesh,damoh,damoh,soyabean,yellow,19-08-2025,4250,4505,4505
madhya pradesh,datia,sevda,wheat,mill quality,19-08-2025,2600,2629,2600
madhya pradesh,dewas,kannod,wheat,wheat,19-08-2025,2640,2640,2640
madhya pradesh,dewas,khategaon,bengal gram(gram)(whole),gram,19-08-2025,4811,5786,5786
madhya pradesh,dewas,khategaon,soyabean,soyabeen,19-08-2025,3766,4641,4531
madhya pradesh,dewas,khategaon,wheat,wheat,19-08-2025,2511,2681,2657
madhya pradesh,dewas,sonkatch,soyabean,soyabeen,19-08-2025,2800,4710,4710
madhya pradesh,dhar,dhar,wheat,wheat,19-08-2025,2600,2922,2746
madhya pradesh,dhar,kukshi,maize,yellow,19-08-2025,2100,2100,2100
madhya pradesh,dhar,manawar(f&v),bhindi(ladies finger),bhindi,19-08-2025,663,863,763
madhya pradesh,dhar,manawar(f&v),pumpkin,pumpkin,19-08-2025,750,950,850
madhya pradesh,guna,aron,soyabean,soyabeen,19-08-2025,4205,4411,4411
madhya pradesh,guna,guna,coriander(leaves),coriander,19-08-2025,7850,7850,7850
madhya pradesh,gwalior,dabra,buttery,buttery,19-08-2025,3580,3605,3600
madhya pradesh,gwalior,lashkar,mango powder,amchur,19-08-2025,4000,5031,4500
madhya pradesh,harda,harda,bengal gram(gram)(whole),chana kabuli,19-08-2025,3501,6180,6180
madhya pradesh,harda,harda,green gram (moong)(whole),green (whole),19-08-2025,1350,8401,7501
madhya pradesh,harda,harda,maize,yellow,19-08-2025,2199,2199,2199
madhya pradesh,harda,khirakiya,soyabean,soyabeen,19-08-2025,4200,4481,4481
madhya pradesh,harda,khirakiya,wheat,mill quality,19-08-2025,2663,2730,2711
madhya pradesh,harda,sirali(f&v),pumpkin,pumpkin,19-08-2025,1000,1000,1000
madhya pradesh,harda,timarni,bengal gram(gram)(whole),gram,19-08-2025,5500,5950,5950
madhya pradesh,harda,timarni,wheat,wheat,19-08-2025,2600,2658,2658
madhya pradesh,hoshangabad,babai,green gram (moong)(whole),green (whole),19-08-2025,8500,8500,8500
madhya pradesh,hoshangabad,itarsi,wheat,mill quality,19-08-2025,2601,2601,2601
madhya pradesh,indore,indore,soyabean,soyabeen,19-08-2025,2850,4835,4835
madhya pradesh,indore,indore(f&v),apple,apple,19-08-2025,2500,8000,4500
madhya pradesh,jabalpur,jabalpur,green peas,pea,19-08-2025,2715,2715,2715
madhya pradesh,jhabua,jhabua,wheat,wheat,19-08-2025,2630,2630,2630
madhya pradesh,khandwa,harsood,soyabean,soyabeen,19-08-2025,4328,4328,4328
madhya pradesh,khandwa,harsood,wheat,mill quality,19-08-2025,2477,2490,2490
madhya pradesh,khandwa,khandwa,onion,local,19-08-2025,1000,1000,1000
madhya pradesh,khandwa,khandwa,wheat,mill quality,19-08-2025,2680,2811,2789
madhya pradesh,khandwa,sanawad(f&v),bottle gourd,bottle gourd,19-08-2025,1100,1500,1300
madhya pradesh,khargone,badwaha,soyabean,soyabeen,19-08-2025,3605,4330,4330
madhya pradesh,khargone,kasrawad,wheat,wheat,19-08-2025,2690,2720,2720
madhya pradesh,khargone,khargone,soyabean,soyabeen,19-08-2025,4141,4141,4141
madhya pradesh,mandla,bichhiya,paddy(dhan)(common),common,19-08-2025,2120,2125,2125
madhya pradesh,mandla,mandla,paddy(dhan)(common),common,19-08-2025,1875,1875,1875
madhya pradesh,mandla,nainpur,wheat,mill quality,19-08-2025,2490,2515,2515
madhya pradesh,mandla,nainpur,wheat,wheat,19-08-2025,2450,2450,2450
madhya pradesh,mandsaur,daloda,soyabean,soyabeen,19-08-2025,4100,4691,4500
madhya pradesh,mandsaur,piplya,garlic,garlic,19-08-2025,2710,3501,3501
madhya pradesh,mandsaur,piplya,wheat,wheat,19-08-2025,2800,2829,2800
madhya pradesh,mandsaur,shamgarh,bengal gram(gram)(whole),gram,19-08-2025,5531,5531,5531
madhya pradesh,mandsaur,shamgarh,"sesamum(sesame,gingelly,til)",sesame,19-08-2025,4000,8680,8000
madhya pradesh,mandsaur,shamgarh,wheat,wheat,19-08-2025,2601,2601,2601
madhya pradesh,mandsaur,suvasra,wheat,mill quality,19-08-2025,2413,2416,2416
madhya pradesh,morena,morena,green gram (moong)(whole),green (whole),19-08-2025,6910,7050,7050
madhya pradesh,morena,porsa,potato,local,19-08-2025,900,920,900
madhya pradesh,morena,porsa,wheat,mill quality,19-08-2025,2525,2525,2525
madhya pradesh,narsinghpur,narsinghpur,wheat,mill quality,19-08-2025,2580,2629,2580
madhya pradesh,neemuch,neemuch,garlic,garlic,19-08-2025,2400,3100,3100
madhya pradesh,neemuch,neemuch,methi seeds,methiseeds,19-08-2025,5200,5200,5200
madhya pradesh,panna,pawai,wheat,mill quality,19-08-2025,2450,2450,2450
madhya pradesh,raisen,bareli,wheat,mill quality,19-08-2025,2540,2591,2540
madhya pradesh,raisen,gairatganj,bengal gram(gram)(whole),gram,19-08-2025,5777,5805,5800
madhya pradesh,raisen,obedullaganj,wheat,mill quality,19-08-2025,2525,2550,2550
madhya pradesh,raisen,silvani,paddy(dhan)(common),basumathi,19-08-2025,2901,2901,2901
madhya pradesh,raisen,udaipura,green gram (moong)(whole),green (whole),19-08-2025,300,7305,6500
madhya pradesh,rajgarh,biaora,garlic,garlic-organic,19-08-2025,3110,6200,6200
madhya pradesh,rajgarh,biaora,lentil (masur)(whole),masur dal,19-08-2025,6890,7255,7255
madhya pradesh,rajgarh,chhapiheda,wheat,wheat,19-08-2025,2550,2625,2625
madhya pradesh,rajgarh,khilchipur,coriander(leaves),coriander,19-08-2025,6525,6525,6525
madhya pradesh,rajgarh,pachaur,wheat,wheat,19-08-2025,2590,2642,2610
madhya pradesh,ratlam,jawra(f&v),cabbage,cabbage,19-08-2025,1000,2000,1200
madhya pradesh,ratlam,jawra(f&v),green chilli,green chilly,19-08-2025,3000,4500,3500
madhya pradesh,ratlam,jawra(f&v),spinach,spinach,19-08-2025,1000,2000,1300
madhya pradesh,ratlam,sailana,onion,onion,19-08-2025,446,1510,1510
madhya pradesh,ratlam,taal,soyabean,soyabeen,19-08-2025,4600,4665,4665
madhya pradesh,rewa,chaakghat,wheat,wheat,19-08-2025,2540,2550,2550
madhya pradesh,sagar,bina,buttery,buttery,19-08-2025,2826,3951,3951
madhya pradesh,sagar,bina,green peas,pea,19-08-2025,3000,8850,3191
madhya pradesh,sagar,bina,lak(teora),tiwada,19-08-2025,3095,3372,3372
madhya pradesh,sagar,bina,wheat,sharbati,19-08-2025,2870,2870,2870
madhya pradesh,sagar,garhakota,bengal gram(gram)(whole),gram,19-08-2025,5775,5785,5785
madhya pradesh,sagar,garhakota,soyabean,soyabeen,19-08-2025,4360,4435,4435
madhya pradesh,sagar,garhakota,wheat,wheat,19-08-2025,2590,2600,2600
madhya pradesh,sagar,khurai,buttery,buttery,19-08-2025,3700,3700,3700
madhya pradesh,sagar,khurai,soyabean,soyabeen,19-08-2025,4091,4600,4600
madhya pradesh,sagar,khurai,wheat,wheat,19-08-2025,2570,2800,2665
madhya pradesh,sagar,khurai(f&v),bhindi(ladies finger),bhindi,19-08-2025,1000,1400,1200
madhya pradesh,sagar,sagar,lentil (masur)(whole),masur dal,19-08-2025,5950,6375,6375
madhya pradesh,sagar,sagar,linseed,flaxseed,19-08-2025,7490,7490,7490
madhya pradesh,satna,ramnagar,wheat,mill quality,19-08-2025,2500,2510,2510
madhya pradesh,sehore,nasrullaganj,green gram (moong)(whole),green (whole),19-08-2025,2130,7000,7000
madhya pradesh,sehore,nasrullaganj,wheat,wheat,19-08-2025,2596,2689,2638
madhya pradesh,sehore,sehore,soyabean,yellow,19-08-2025,4000,4700,4700
madhya pradesh,seoni,barghat,paddy(dhan)(common),common,19-08-2025,2310,2310,2310
madhya pradesh,seoni,ghansour,paddy(dhan)(common),common,19-08-2025,1700,1700,1700
madhya pradesh,seoni,ghansour,wheat,mill quality,19-08-2025,2250,2350,2350
madhya pradesh,shajapur,agar,lentil (masur)(whole),masur dal,19-08-2025,4001,6851,6851
madhya pradesh,shajapur,nalkehda,coriander(leaves),coriander,19-08-2025,4590,6870,6870
madhya pradesh,shajapur,nalkehda,soyabean,yellow,19-08-2025,4650,4665,4665
madhya pradesh,shajapur,shujalpur,onion,red,19-08-2025,300,1673,400
madhya pradesh,sheopur,sheopurbadod,wheat,wheat,19-08-2025,2631,2631,2631
madhya pradesh,shivpuri,kolaras,soyabean,soyabeen,19-08-2025,4085,4300,4300
madhya pradesh,shivpuri,pohari,mustard,mustard,19-08-2025,6685,7235,7075
madhya pradesh,ujjain,khachrod,wheat,wheat,19-08-2025,2551,2741,2690
madhya pradesh,ujjain,ujjain,garlic,garlic,19-08-2025,3219,3219,3219
madhya pradesh,ujjain,ujjain,soyabean,soyabeen,19-08-2025,3300,4766,4660
madhya pradesh,umariya,umariya,paddy(dhan)(common),dhan,19-08-2025,1800,1800,1800
madhya pradesh,vidisha,ganjbasoda,bengal gram(gram)(whole),desi (f.a.q. split),19-08-2025,5260,5260,5260
madhya pradesh,vidisha,shamshabad,soyabean,soyabeen,19-08-2025,4101,4475,4475
maharashtra,ahmednagar,rahata,beetroot,other,19-08-2025,1000,2000,1500
maharashtra,ahmednagar,rahata,bhindi(ladies finger),other,19-08-2025,500,2000,1250
maharashtra,ahmednagar,rahata,carrot,other,19-08-2025,1500,2000,1750
maharashtra,ahmednagar,rahata,drumstick,other,19-08-2025,2000,3500,2500
maharashtra,ahmednagar,rahata,ginger(green),other,19-08-2025,2000,4000,3000
maharashtra,ahmednagar,rahata,little gourd (kundru),other,19-08-2025,2000,2000,2000
maharashtra,ahmednagar,rahata,ridgeguard(tori),other,19-08-2025,1000,2000,1500
maharashtra,amarawati,amarawati,maize,deshi red,19-08-2025,2000,2100,2050
maharashtra,chandrapur,chandrapur(ganjwad),cauliflower,other,19-08-2025,1000,2000,1500
maharashtra,chandrapur,chandrapur(ganjwad),onion,other,19-08-2025,1800,2200,2000
maharashtra,chandrapur,chandrapur(ganjwad),spinach,other,19-08-2025,1000,3000,2000
maharashtra,chattrapati sambhajinagar,chattrapati sambhajinagar,apple,other,19-08-2025,3500,9500,6500
maharashtra,chattrapati sambhajinagar,chattrapati sambhajinagar,green chilli,other,19-08-2025,3000,4500,3750
maharashtra,chattrapati sambhajinagar,chattrapati sambhajinagar,lime,other,19-08-2025,3200,4000,3600
maharashtra,chattrapati sambhajinagar,chattrapati sambhajinagar,papaya,other,19-08-2025,1000,1400,1200
maharashtra,gadchiroli,armori,paddy(dhan)(common),other,19-08-2025,2420,2840,2600
maharashtra,gadchiroli,armori(desaiganj),paddy(dhan)(common),other,19-08-2025,1500,2300,2110
maharashtra,jalgaon,bhusaval,bitter gourd,other,19-08-2025,1000,1500,1500
maharashtra,jalgaon,bhusaval,cucumbar(kheera),other,19-08-2025,1000,2000,1500
maharashtra,jalgaon,bhusaval,green chilli,other,19-08-2025,4000,5000,4500
maharashtra,jalgaon,bhusaval,little gourd (kundru),other,19-08-2025,1500,1500,1500
maharashtra,jalgaon,bhusaval,raddish,other,19-08-2025,1500,1500,1500
maharashtra,jalgaon,bhusaval,spinach,other,19-08-2025,1500,2000,2000
maharashtra,jalgaon,bhusaval,sweet pumpkin,other,19-08-2025,600,1000,800
maharashtra,kolhapur,kolhapur,cabbage,other,19-08-2025,400,500,450
maharashtra,kolhapur,kolhapur,coriander(leaves),other,19-08-2025,1500,4000,2750
maharashtra,kolhapur,kolhapur,methi(leaves),other,19-08-2025,2500,5000,3750
maharashtra,mumbai,mumbai,beans,other,19-08-2025,2200,2600,2400
maharashtra,mumbai,mumbai,bengal gram(gram)(whole),other,19-08-2025,6800,8000,7500
maharashtra,mumbai,mumbai,bhindi(ladies finger),other,19-08-2025,2000,2800,2400
maharashtra,mumbai,mumbai,corriander seed,other,19-08-2025,10000,22500,16250
maharashtra,mumbai,mumbai,cowpea (lobia/karamani),other,19-08-2025,7400,10000,9500
maharashtra,mumbai,mumbai,cucumbar(kheera),other,19-08-2025,800,1200,1000
maharashtra,mumbai,mumbai,ghee,other,19-08-2025,62500,78500,70500
maharashtra,mumbai,mumbai,green chilli,other,19-08-2025,3000,6000,4500
maharashtra,mumbai,mumbai,green gram dal (moong dal),other,19-08-2025,7500,12000,10500
maharashtra,mumbai,mumbai,gur(jaggery),other,19-08-2025,5000,5600,5300
maharashtra,mumbai,mumbai,lentil (masur)(whole),other,19-08-2025,6900,8300,7700
maharashtra,mumbai,mumbai,maize,other,19-08-2025,2700,3500,3200
maharashtra,mumbai,mumbai,mango (raw-ripe),other,19-08-2025,2600,3000,2800
maharashtra,mumbai,mumbai,ridgeguard(tori),other,19-08-2025,2000,4000,3000
maharashtra,mumbai,mumbai,sabu dan,other,19-08-2025,4000,4900,4600
maharashtra,mumbai,mumbai- fruit market,mango,other,19-08-2025,7000,9000,8000
maharashtra,mumbai,vashi new mumbai,onion,other,19-08-2025,1000,1700,1350
maharashtra,nagpur,kalmeshwar,brinjal,other,19-08-2025,610,1000,820
maharashtra,nashik,malegaon,maize,yellow,19-08-2025,2100,2191,2150
maharashtra,pune,khed,cucumbar(kheera),other,19-08-2025,800,1500,1100
maharashtra,pune,khed(chakan),bitter gourd,other,19-08-2025,2000,3000,2500
maharashtra,pune,khed(chakan),ridgeguard(tori),other,19-08-2025,2500,3500,3000
maharashtra,pune,pune,bajra(pearl millet/cumbu),other,19-08-2025,3400,3700,3550
maharashtra,pune,pune,black gram (urd beans)(whole),other,19-08-2025,8800,9600,9200
maharashtra,pune,pune,maize,deshi red,19-08-2025,2400,2700,2550
maharashtra,pune,pune(moshi),beetroot,other,19-08-2025,1000,2000,1500
maharashtra,pune,pune(moshi),brinjal,other,19-08-2025,2000,3000,2500
maharashtra,pune,pune(moshi),cabbage,other,19-08-2025,1000,2000,1500
maharashtra,pune,pune(moshi),garlic,other,19-08-2025,7000,8000,7500
maharashtra,pune,pune(moshi),ginger(green),other,19-08-2025,3000,4000,3500
maharashtra,pune,pune(moshi),onion green,other,19-08-2025,15,15,15
maharashtra,pune,pune(moshi),orange,other,19-08-2025,7000,7000,7000
maharashtra,pune,pune(moshi),pomegranate,other,19-08-2025,12000,12000,12000
maharashtra,pune,pune(pimpri),beetroot,other,19-08-2025,2000,2000,2000
maharashtra,pune,pune(pimpri),bhindi(ladies finger),other,19-08-2025,3000,3000,3000
maharashtra,pune,pune(pimpri),bottle gourd,other,19-08-2025,2000,3000,2500
maharashtra,pune,pune(pimpri),coriander(leaves),other,19-08-2025,6,7,7
maharashtra,raigad,panvel,bhindi(ladies finger),other,19-08-2025,3500,4000,3750
maharashtra,raigad,panvel,little gourd (kundru),other,19-08-2025,4000,5000,4500
maharashtra,raigad,panvel,ridgeguard(tori),other,19-08-2025,3000,4000,3500
maharashtra,ratnagiri,ratnagiri (nachane),beans,other,19-08-2025,3000,3500,3300
maharashtra,ratnagiri,ratnagiri (nachane),chilly capsicum,other,19-08-2025,3500,4000,3700
maharashtra,sangli,sangli,bajra(pearl millet/cumbu),other,19-08-2025,2775,3200,2988
maharashtra,sangli,sangli,chili red,other,19-08-2025,9000,15000,12000
maharashtra,sangli,sangli,gur(jaggery),other,19-08-2025,3350,4300,3825
maharashtra,sangli,"sangli(phale, bhajipura market)",guava,other,19-08-2025,1000,1500,1250
maharashtra,sangli,"sangli(phale, bhajipura market)",pomegranate,other,19-08-2025,4000,11000,7500
maharashtra,sangli,"sangli(phale, bhajipura market)",potato,local,19-08-2025,1000,1800,1400
maharashtra,sangli,vita,brinjal,other,19-08-2025,1000,2000,1500
maharashtra,sangli,vita,tomato,other,19-08-2025,1500,2500,2000
maharashtra,satara,karad,beans,other,19-08-2025,4000,5000,5000
maharashtra,satara,karad,brinjal,other,19-08-2025,1000,1500,1500
maharashtra,satara,karad,cucumbar(kheera),other,19-08-2025,1000,1500,1500
maharashtra,satara,karad,drumstick,other,19-08-2025,1500,2000,2000
maharashtra,satara,karad,snakeguard,other,19-08-2025,2000,3000,3000
maharashtra,satara,patan,ginger(green),other,19-08-2025,1500,2000,1750
maharashtra,satara,satara,bitter gourd,other,19-08-2025,2000,2500,2250
maharashtra,sholapur,solapur,rice,other,19-08-2025,3400,7100,3995
maharashtra,thane,palghar,rice,1009 kar,19-08-2025,4825,4825,4825
nagaland,dimapur,dimapur,leafy vegetable,leafy vegetables,19-08-2025,2500,3500,3000
nagaland,kohima,kohima,potato,potato,19-08-2025,4000,4200,4100
nct of delhi,delhi,"flower market,gazipur",raibel,other,19-08-2025,350,450,400
odisha,bargarh,attabira,paddy(dhan)(common),other,19-08-2025,2300,2320,2300
odisha,bargarh,bargarh(barapalli),cabbage,cabbage,19-08-2025,3400,3600,3500
odisha,boudh,boudh,drumstick,drumstick,19-08-2025,6000,8000,7000
odisha,boudh,boudh,pointed gourd (parval),other,19-08-2025,5000,7000,6000
odisha,boudh,khunthabandha,brinjal,other,19-08-2025,3000,4500,4000
odisha,boudh,khunthabandha,pumpkin,other,19-08-2025,1000,1500,1200
odisha,dhenkanal,kamakhyanagar,green chilli,green chilly,19-08-2025,10000,11200,11000
odisha,dhenkanal,kamakhyanagar,onion,onion,19-08-2025,2400,3000,2500
odisha,dhenkanal,kamakhyanagar,pumpkin,pumpkin,19-08-2025,2400,3000,2500
odisha,gajapati,parlakhemundi,drumstick,other,19-08-2025,1800,2000,1900
odisha,gajapati,parlakhemundi,tomato,other,19-08-2025,3800,4000,3900
odisha,sonepur,dungurapalli,cauliflower,other,19-08-2025,7500,8000,8000
odisha,sonepur,pandkital,bhindi(ladies finger),other,19-08-2025,3500,4000,3800
odisha,sonepur,pandkital,brinjal,other,19-08-2025,3000,3200,3100
odisha,sundergarh,panposh,bitter gourd,other,19-08-2025,4000,4500,4300
odisha,sundergarh,panposh,brinjal,other,19-08-2025,4000,4500,4300
odisha,sundergarh,panposh,cucumbar(kheera),other,19-08-2025,3000,3500,3300
odisha,sundergarh,sargipali,cabbage,other,19-08-2025,3500,4000,3800
odisha,sundergarh,sargipali,green chilli,other,19-08-2025,5500,6000,5800
punjab,bhatinda,bhagta bhai ka,onion,other,19-08-2025,1600,1600,1600
punjab,bhatinda,bhagta bhai ka,potato,other,19-08-2025,1300,1300,1300
punjab,bhatinda,bhagta bhai ka,pumpkin,other,19-08-2025,2200,2200,2200
punjab,bhatinda,rampuraphul(nabha mandi),apple,other,19-08-2025,10000,13000,12000
punjab,bhatinda,rampuraphul(nabha mandi),bhindi(ladies finger),other,19-08-2025,1000,2000,1500
punjab,bhatinda,rampuraphul(nabha mandi),ridgeguard(tori),other,19-08-2025,1000,2000,1500
punjab,bhatinda,rampuraphul(nabha mandi),tomato,other,19-08-2025,2000,3000,2500
punjab,fatehgarh,bassi pathana,bottle gourd,bottle gourd,19-08-2025,1000,1500,1200
punjab,fatehgarh,bassi pathana,cucumbar(kheera),cucumbar,19-08-2025,2500,3000,2800
punjab,fatehgarh,bassi pathana,lemon,lemon,19-08-2025,4000,5000,4500
punjab,fatehgarh,bassi pathana,onion,other,19-08-2025,2100,2400,2200
punjab,fatehgarh,bassi pathana,plum,plum,19-08-2025,4000,5000,4500
punjab,fatehgarh,bassi pathana,potato,potato,19-08-2025,1000,1200,1100
punjab,fatehgarh,khamano,cucumbar(kheera),cucumbar,19-08-2025,3000,3000,3000
punjab,fatehgarh,khamano,potato,potato,19-08-2025,3000,3000,3000
punjab,fatehgarh,khamano,ridgeguard(tori),other,19-08-2025,4400,4400,4400
punjab,fatehgarh,khamano,tomato,tomato,19-08-2025,5000,5000,5000
punjab,fatehgarh,sirhind,green chilli,other,19-08-2025,2500,3800,3500
punjab,fatehgarh,sirhind,lemon,other,19-08-2025,3500,4600,4000
punjab,fatehgarh,sirhind,pineapple,other,19-08-2025,2500,3500,3000
punjab,fazilka,fazilka,green chilli,other,19-08-2025,5000,7000,6000
punjab,fazilka,jalalabad,bhindi(ladies finger),other,19-08-2025,2000,2150,2100
punjab,fazilka,jalalabad,cucumbar(kheera),other,19-08-2025,1500,1800,1600
punjab,fazilka,jalalabad,green chilli,other,19-08-2025,2500,2600,2550
punjab,fazilka,jalalabad,potato,other,19-08-2025,850,1000,900
punjab,fazilka,jalalabad,tomato,other,19-08-2025,3700,4000,3800
punjab,gurdaspur,gurdaspur,bhindi(ladies finger),other,19-08-2025,2500,3000,2800
punjab,gurdaspur,gurdaspur,cauliflower,other,19-08-2025,700,800,750
punjab,gurdaspur,gurdaspur,french beans (frasbean),other,19-08-2025,2200,2600,2400
punjab,gurdaspur,gurdaspur,ginger(dry),other,19-08-2025,3500,4000,3700
punjab,gurdaspur,gurdaspur,onion,other,19-08-2025,1400,1600,1500
punjab,gurdaspur,gurdaspur,raddish,other,19-08-2025,1000,1200,1100
punjab,hoshiarpur,garh shankar,banana,medium,19-08-2025,3200,3700,3500
punjab,hoshiarpur,garh shankar,garlic,average,19-08-2025,4500,5500,5000
punjab,hoshiarpur,garhshankar (kotfatuhi),green chilli,other,19-08-2025,2500,3000,2800
punjab,hoshiarpur,garhshankar (kotfatuhi),potato,other,19-08-2025,800,1100,900
punjab,jalandhar,lohian khas,ridgeguard(tori),other,19-08-2025,2500,2700,2600
punjab,jalandhar,lohian khas,tomato,other,19-08-2025,4000,4200,4100
punjab,jalandhar,mehatpur,bitter gourd,other,19-08-2025,2500,3000,3000
punjab,jalandhar,nakodar,bottle gourd,bottle gourd,19-08-2025,600,750,650
punjab,jalandhar,nakodar,cucumbar(kheera),other,19-08-2025,550,750,650
punjab,kapurthala,kapurthala,potato,potato,19-08-2025,700,900,800
punjab,ludhiana,doraha,onion,other,19-08-2025,2000,2000,2000
punjab,ludhiana,khanna,cucumbar(kheera),other,19-08-2025,1000,2500,1500
punjab,ludhiana,khanna,papaya,other,19-08-2025,1000,2000,1500
punjab,ludhiana,khanna,pomegranate,other,19-08-2025,5000,10000,8000
punjab,ludhiana,ludhiana,cauliflower,other,19-08-2025,600,4000,2200
punjab,ludhiana,ludhiana,colacasia,other,19-08-2025,800,1200,1000
punjab,ludhiana,ludhiana,cucumbar(kheera),other,19-08-2025,700,1700,1000
punjab,ludhiana,ludhiana,ginger(dry),other,19-08-2025,2200,3200,2800
punjab,ludhiana,ludhiana,raddish,other,19-08-2025,500,1800,1000
punjab,ludhiana,ludhiana,tomato,other,19-08-2025,2000,4100,3100
punjab,moga,kot ise khan,bhindi(ladies finger),other,19-08-2025,1000,1200,1100
punjab,moga,kot ise khan,potato,other,19-08-2025,800,1000,900
punjab,moga,nihal singh wala,bhindi(ladies finger),other,19-08-2025,2000,3000,2800
punjab,moga,nihal singh wala,cabbage,other,19-08-2025,1000,1800,1500
punjab,moga,nihal singh wala,potato,other,19-08-2025,700,900,800
punjab,mohali,kurali,cabbage,other,19-08-2025,1000,1200,1100
punjab,mohali,kurali,potato,other,19-08-2025,900,1000,950
punjab,mohali,lalru,lime,other,19-08-2025,5000,5000,5000
punjab,mohali,lalru,onion,other,19-08-2025,2000,2200,2100
punjab,mohali,lalru,ridgeguard(tori),other,19-08-2025,2000,2000,2000
punjab,mohali,lalru,tomato,other,19-08-2025,3000,3500,3200
punjab,nawanshahr,nawan shahar(subzi mandi),apple,apple,19-08-2025,7000,8000,7600
punjab,nawanshahr,nawan shahar(subzi mandi),bhindi(ladies finger),other,19-08-2025,2500,3000,2800
punjab,nawanshahr,nawan shahar(subzi mandi),brinjal,other,19-08-2025,1500,2000,1700
punjab,nawanshahr,nawan shahar(subzi mandi),capsicum,other,19-08-2025,6000,6200,6100
punjab,nawanshahr,nawan shahar(subzi mandi),cucumbar(kheera),cucumbar,19-08-2025,3500,3600,3550
punjab,nawanshahr,nawan shahar(subzi mandi),green chilli,other,19-08-2025,3000,3500,3300
punjab,nawanshahr,nawan shahar(subzi mandi),sponge gourd,other,19-08-2025,2500,3000,2800
punjab,nawanshahr,nawan shahar(subzi mandi),tinda,other,19-08-2025,4500,5000,4800
punjab,nawanshahr,nawan shahar(subzi mandi),tomato,other,19-08-2025,5500,5800,5700
punjab,pathankot,pathankot,french beans (frasbean),french beans (frasbean),19-08-2025,4700,4900,4900
punjab,pathankot,pathankot,onion,onion,19-08-2025,1300,1600,1600
punjab,pathankot,pathankot,potato,potato,19-08-2025,600,900,900
punjab,patiala,nabha,green chilli,other,19-08-2025,2400,3300,2700
punjab,patiala,nabha,peas cod,other,19-08-2025,7000,9000,8300
punjab,patiala,nabha,potato,other,19-08-2025,500,1000,700
punjab,patiala,patiala,garlic,average,19-08-2025,6500,8300,7500
punjab,patiala,patiala,mint(pudina),mint(pudina),19-08-2025,500,900,800
punjab,patiala,rajpura,apple,other,19-08-2025,5000,6500,6000
punjab,patiala,rajpura,bhindi(ladies finger),other,19-08-2025,2800,3500,3200
punjab,patiala,rajpura,bottle gourd,other,19-08-2025,1200,1600,1400
punjab,patiala,rajpura,papaya,other,19-08-2025,3000,3600,3300
punjab,patiala,rajpura,wheat,local,19-08-2025,2600,2600,2600
punjab,ropar (rupnagar),chamkaur sahib,brinjal,other,19-08-2025,1350,1500,1400
punjab,ropar (rupnagar),chamkaur sahib,mango,other,19-08-2025,7850,8000,7900
punjab,ropar (rupnagar),chamkaur sahib,tomato,other,19-08-2025,7850,8000,7900
punjab,sangrur,ahmedgarh,apple,american,19-08-2025,5500,6000,5500
punjab,sangrur,ahmedgarh,bhindi(ladies finger),other,19-08-2025,3800,4000,4000
punjab,sangrur,ahmedgarh,mango,badami,19-08-2025,7000,7500,7000
punjab,sangrur,ahmedgarh,ridgeguard(tori),other,19-08-2025,2400,2500,2500
punjab,sangrur,dhuri,onion,onion,19-08-2025,1600,1900,1800
punjab,sangrur,dhuri,pomegranate,pomogranate,19-08-2025,12000,14000,13000
punjab,sangrur,dhuri,potato,potato,19-08-2025,800,900,850
punjab,sangrur,dhuri,pumpkin,pumpkin,19-08-2025,900,1100,1000
punjab,tarntaran,tarantaran,cucumbar(kheera),cucumbar,19-08-2025,2000,2500,2200
punjab,tarntaran,tarantaran,green chilli,other,19-08-2025,3500,4200,4000
punjab,tarntaran,tarantaran,pumpkin,other,19-08-2025,1800,2200,2000
rajasthan,baran,nahargarh,soyabean,other,19-08-2025,4560,4650,4605
rajasthan,bikaner,bikaner (f&v),banana,other,19-08-2025,2700,2900,2800
rajasthan,bikaner,bikaner (f&v),cucumbar(kheera),other,19-08-2025,1900,2100,2000
rajasthan,bikaner,bikaner (f&v),green chilli,other,19-08-2025,2300,2500,2400
rajasthan,bikaner,bikaner (f&v),pomegranate,other,19-08-2025,7400,7600,7500
rajasthan,dausa,lalsot,wheat,other,19-08-2025,2451,2610,2519
rajasthan,dungarpur,dungarpur,onion,1st sort,19-08-2025,2500,3000,2800
rajasthan,ganganagar,sriganganagar (f&v),brinjal,brinjal,19-08-2025,1900,2300,2100
rajasthan,ganganagar,sriganganagar (f&v),cauliflower,other,19-08-2025,4300,4700,4500
rajasthan,ganganagar,sriganganagar (f&v),ginger(green),green ginger,19-08-2025,4300,4700,4500
rajasthan,ganganagar,sriganganagar (f&v),green peas,green peas,19-08-2025,5800,6200,6000
rajasthan,ganganagar,sriganganagar (f&v),mango,other,19-08-2025,8300,8700,8500
rajasthan,ganganagar,sriganganagar (f&v),onion,other,19-08-2025,1100,1500,1300
rajasthan,ganganagar,sriganganagar (f&v),papaya,other,19-08-2025,2600,3000,2800
rajasthan,ganganagar,sriganganagar (f&v),sponge gourd,sponge gourd,19-08-2025,2000,2400,2200
rajasthan,ganganagar,suratgarh,wheat,other,19-08-2025,2600,2605,2603
rajasthan,hanumangarh,rawatsar,onion,1st sort,19-08-2025,1500,1500,1500
rajasthan,jaipur,jaipur (f&v),bhindi(ladies finger),other,19-08-2025,1500,2000,1750
rajasthan,jaipur,jaipur (f&v),capsicum,capsicum,19-08-2025,4000,4500,4250
rajasthan,jaipur,jaipur (f&v),mango,badami,19-08-2025,5000,20000,12500
rajasthan,jaipur,jaipur (f&v),mousambi(sweet lime),other,19-08-2025,1500,2500,2000
rajasthan,jaipur,jaipur (f&v),onion,other,19-08-2025,900,2000,1450
rajasthan,jaipur,jaipur (f&v),pear(marasebu),other,19-08-2025,500,5000,2750
rajasthan,jaipur,jaipur (f&v),pointed gourd (parval),pointed gourd (parval),19-08-2025,1200,1500,1350
rajasthan,jaipur,jaipur (f&v),pumpkin,other,19-08-2025,800,1000,900
rajasthan,jaipur rural,bassi,bengal gram(gram)(whole),999,19-08-2025,5601,5700,5650
rajasthan,jaipur rural,bassi,mustard,other,19-08-2025,6436,7200,6810
rajasthan,jalore,jalore,cucumbar(kheera),other,19-08-2025,800,1000,900
rajasthan,jalore,jalore,potato,other,19-08-2025,1200,1600,1400
rajasthan,jalore,jalore,tinda,other,19-08-2025,1000,1400,1200
rajasthan,jodhpur,jodhpur (f&v),banana,other,19-08-2025,1000,2000,1500
rajasthan,jodhpur,jodhpur (f&v),coconut,coconut,19-08-2025,150,300,225
rajasthan,jodhpur,jodhpur (f&v),garlic,other,19-08-2025,2000,7000,4500
rajasthan,jodhpur,jodhpur (f&v),mousambi(sweet lime),other,19-08-2025,1000,2000,1500
rajasthan,jodhpur,jodhpur(f&v)(paota),green chilli,other,19-08-2025,3000,5000,4000
rajasthan,jodhpur,jodhpur(f&v)(paota),lemon,other,19-08-2025,1000,2200,1500
rajasthan,jodhpur,jodhpur(f&v)(paota),long melon(kakri),other,19-08-2025,500,1500,1000
rajasthan,jodhpur,jodhpur(f&v)(paota),tomato,other,19-08-2025,3000,5000,4000
rajasthan,jodhpur rural,ositan mathania,bajra(pearl millet/cumbu),bold,19-08-2025,2400,2500,2450
rajasthan,sanchore,sanchore,tomato,other,19-08-2025,1000,1400,1200
telangana,hyderabad,l b nagar,bhindi(ladies finger),bhindi,19-08-2025,1000,2000,1500
telangana,hyderabad,l b nagar,field pea,field pea,19-08-2025,3500,4500,4000
telangana,hyderabad,mahboob manison,dry chillies,1st sort,19-08-2025,9000,13000,11000
telangana,karimnagar,gangadhara,paddy(dhan)(common),i.r. 64,19-08-2025,2300,2300,2300
telangana,karimnagar,karimnagar,bhindi(ladies finger),bhindi,19-08-2025,1500,1500,1500
telangana,khammam,sattupalli,paddy(dhan)(common),common,19-08-2025,2200,2320,2300
telangana,mahbubnagar,alampur,paddy(dhan)(common),common,19-08-2025,2000,2350,2300
telangana,nalgonda,huzurnagar(matampally),paddy(dhan)(common),b p t,19-08-2025,2320,2320,2320
telangana,nalgonda,kodad,paddy(dhan)(common),b p t,19-08-2025,2300,2300,2300
telangana,nalgonda,miryalaguda,paddy(dhan)(common),samba masuri,19-08-2025,2320,2320,2320
telangana,nalgonda,suryapeta,paddy(dhan)(common),b p t,19-08-2025,1869,2334,2289
telangana,nalgonda,thungathurthy,paddy(dhan)(common),1001,19-08-2025,2300,2300,2300
telangana,ranga reddy,chevella,green chilli,green chilly,19-08-2025,7000,7000,7000
telangana,ranga reddy,kukatpally(rythu bazar),bhindi(ladies finger),bhindi,19-08-2025,4000,4000,4000
telangana,ranga reddy,kukatpally(rythu bazar),cauliflower,african sarson,19-08-2025,1800,1800,1800
telangana,ranga reddy,kukatpally(rythu bazar),green chilli,green chilly,19-08-2025,4000,4000,4000
telangana,ranga reddy,kukatpally(rythu bazar),onion,1st sort,19-08-2025,2400,2400,2400
telangana,ranga reddy,kukatpally(rythu bazar),pumpkin,other,19-08-2025,1500,1500,1500
telangana,ranga reddy,kukatpally(rythu bazar),snakeguard,other,19-08-2025,1300,1300,1300
telangana,ranga reddy,kukatpally(rythu bazar),sweet potato,hosur green,19-08-2025,3500,3500,3500
telangana,ranga reddy,kukatpally(rythu bazar),yam (ratalu),other,19-08-2025,5000,5000,5000
telangana,warangal,warangal,capsicum,capsicum,19-08-2025,5500,6000,5750
telangana,warangal,warangal,field pea,field pea,19-08-2025,3500,4000,3750
telangana,warangal,warangal,green chilli,green chilly,19-08-2025,3000,3500,3250
tripura,north tripura,dasda,potato,local,19-08-2025,1700,1900,1800
tripura,sepahijala,melaghar,bhindi(ladies finger),other,19-08-2025,2800,3000,2900
tripura,sepahijala,melaghar,green chilli,green chilly,19-08-2025,15500,16200,16000
tripura,sepahijala,melaghar,onion,small,19-08-2025,2600,2750,2700
tripura,sepahijala,melaghar,paddy(dhan)(common),paddy fine,19-08-2025,2075,2125,2100
uttar pradesh,agra,achnera,bajra(pearl millet/cumbu),hybrid,19-08-2025,2220,2280,2250
uttar pradesh,agra,achnera,brinjal,round/long,19-08-2025,1350,1450,1400
uttar pradesh,agra,achnera,sponge gourd,sponge gourd,19-08-2025,1750,1850,1800
uttar pradesh,agra,fatehabad,bottle gourd,bottle gourd,19-08-2025,800,1200,1000
uttar pradesh,agra,fatehabad,potato,desi,19-08-2025,700,1200,900
uttar pradesh,aligarh,aligarh,apple,delicious,19-08-2025,10450,10600,10520
uttar pradesh,aligarh,aligarh,bhindi(ladies finger),bhindi,19-08-2025,1350,1500,1420
uttar pradesh,aligarh,charra,bajra(pearl millet/cumbu),hybrid,19-08-2025,2100,2150,2125
uttar pradesh,aligarh,charra,bottle gourd,bottle gourd,19-08-2025,1400,1600,1500
uttar pradesh,aligarh,charra,brinjal,brinjal,19-08-2025,1500,1700,1600
uttar pradesh,aligarh,charra,maize,hybrid,19-08-2025,1900,2000,1950
uttar pradesh,aligarh,charra,pumpkin,pumpkin,19-08-2025,600,800,700
uttar pradesh,aligarh,khair,bajra(pearl millet/cumbu),hybrid,19-08-2025,1750,2000,1850
uttar pradesh,aligarh,khair,bhindi(ladies finger),other,19-08-2025,1000,1200,1100
uttar pradesh,aligarh,khair,garlic,garlic,19-08-2025,3000,4000,3500
uttar pradesh,aligarh,khair,ginger(green),green ginger,19-08-2025,4500,5500,5000
uttar pradesh,aligarh,khair,onion,red,19-08-2025,1200,2000,1500
uttar pradesh,aligarh,khair,paddy(dhan)(basmati),basmati 1509,19-08-2025,2600,2950,2850
uttar pradesh,amethi,sultanpur,black gram dal (urd dal),black gram dal,19-08-2025,10050,10125,10100
uttar pradesh,amethi,sultanpur,bottle gourd,bottle gourd,19-08-2025,1480,1525,1500
uttar pradesh,amethi,sultanpur,cucumbar(kheera),cucumbar,19-08-2025,1880,1915,1900
uttar pradesh,amethi,sultanpur,onion,red,19-08-2025,1325,1360,1340
uttar pradesh,amethi,sultanpur,potato,desi,19-08-2025,1045,1080,1060
uttar pradesh,amethi,sultanpur,potato,desi,19-08-2025,950,990,975
uttar pradesh,amroha,hasanpur,potato,potato,19-08-2025,810,1000,850
uttar pradesh,amroha,hasanpur,ridgeguard(tori),other,19-08-2025,1410,1500,1450
uttar pradesh,amroha,hasanpur,spinach,other,19-08-2025,1410,1500,1450
uttar pradesh,ayodhya,faizabad,apple,apple,19-08-2025,7700,8000,7900
uttar pradesh,ayodhya,faizabad,pomegranate,pomogranate,19-08-2025,6900,7140,7060
uttar pradesh,badaun,babrala,wheat,dara,19-08-2025,2530,2550,2540
uttar pradesh,badaun,badayoun,cabbage,cabbage,19-08-2025,1600,1720,1650
uttar pradesh,badaun,badayoun,capsicum,capsicum,19-08-2025,5200,5400,5300
uttar pradesh,badaun,badayoun,green chilli,green chilly,19-08-2025,4400,4530,4450
uttar pradesh,badaun,badayoun,gur(jaggery),red,19-08-2025,4300,4380,4330
uttar pradesh,badaun,badayoun,tomato,deshi,19-08-2025,3900,4000,3950
uttar pradesh,badaun,shahaswan,apple,other,19-08-2025,7500,8500,8000
uttar pradesh,badaun,shahaswan,cauliflower,cauliflower,19-08-2025,3000,3500,3200
uttar pradesh,badaun,shahaswan,pumpkin,other,19-08-2025,850,1000,950
uttar pradesh,badaun,wazirganj,rice,iii,19-08-2025,3375,3450,3400
uttar pradesh,badaun,wazirganj,ridgeguard(tori),ridgeguard(tori),19-08-2025,1750,1800,1775
uttar pradesh,badaun,wazirganj,wheat,dara,19-08-2025,2480,2525,2500
uttar pradesh,baghpat,baraut,banana - green,banana - green,19-08-2025,1700,1900,1800
uttar pradesh,baghpat,baraut,capsicum,capsicum,19-08-2025,4900,5050,4950
uttar pradesh,baghpat,baraut,cauliflower,cauliflower,19-08-2025,3400,3500,3450
uttar pradesh,baghpat,baraut,green gram dal (moong dal),green gram dal,19-08-2025,9600,9800,9700
uttar pradesh,baghpat,baraut,gur(jaggery),yellow,19-08-2025,3500,4450,4250
uttar pradesh,baghpat,baraut,mousambi(sweet lime),mousambi,19-08-2025,3400,3600,3500
uttar pradesh,baghpat,baraut,potato,desi,19-08-2025,800,1000,900
uttar pradesh,baghpat,baraut,pumpkin,pumpkin,19-08-2025,1350,1500,1400
uttar pradesh,baghpat,baraut,raddish,raddish,19-08-2025,2150,2250,2200
uttar pradesh,balrampur,tulsipur,brinjal,round/long,19-08-2025,1650,1740,1700
uttar pradesh,balrampur,tulsipur,onion,red,19-08-2025,1425,1475,1450
uttar pradesh,banda,banda,tomato,deshi,19-08-2025,3840,3960,3900
uttar pradesh,barabanki,barabanki,brinjal,round/long,19-08-2025,1710,1800,1760
uttar pradesh,barabanki,barabanki,colacasia,colacasia,19-08-2025,2210,2300,2260
uttar pradesh,barabanki,barabanki,lemon,lemon,19-08-2025,4350,4460,4415
uttar pradesh,barabanki,barabanki,mustard,sarson(black),19-08-2025,6540,6620,6585
uttar pradesh,barabanki,barabanki,pointed gourd (parval),pointed gourd (parval),19-08-2025,2960,3060,3010
uttar pradesh,barabanki,barabanki,tomato,deshi,19-08-2025,4040,4120,4080
uttar pradesh,bareilly,anwala,potato,desi,19-08-2025,800,1000,900
uttar pradesh,bareilly,bareilly,green chilli,other,19-08-2025,4300,4350,4325
uttar pradesh,bareilly,bareilly,tomato,local,19-08-2025,4000,4050,4025
uttar pradesh,bareilly,bareilly,wheat,dara,19-08-2025,2525,2575,2540
uttar pradesh,basti,basti,bengal gram(gram)(whole),desi (whole),19-08-2025,6590,6690,6640
uttar pradesh,basti,basti,ginger(green),green ginger,19-08-2025,3700,3900,3800
uttar pradesh,basti,basti,paddy(dhan)(common),common,19-08-2025,2225,2300,2275
uttar pradesh,basti,basti,peas(dry),peas(dry),19-08-2025,4160,4260,4210
uttar pradesh,bijnor,bijnaur,tomato,hybrid,19-08-2025,3930,4020,3960
uttar pradesh,bijnor,najibabad,bottle gourd,bottle gourd,19-08-2025,600,800,700
uttar pradesh,bijnor,najibabad,potato,desi,19-08-2025,900,1100,1000
uttar pradesh,bulandshahar,buland shahr,bottle gourd,bottle gourd,19-08-2025,1350,1650,1450
uttar pradesh,bulandshahar,buland shahr,cucumbar(kheera),cucumbar,19-08-2025,1700,2100,1900
uttar pradesh,bulandshahar,buland shahr,rice,iii,19-08-2025,3145,3345,3245
uttar pradesh,bulandshahar,buland shahr,tomato,deshi,19-08-2025,3900,4150,4000
uttar pradesh,bulandshahar,buland shahr,wheat,dara,19-08-2025,2560,2600,2585
uttar pradesh,bulandshahar,gulavati,colacasia,other,19-08-2025,1200,1400,1300
uttar pradesh,bulandshahar,gulavati,green chilli,green chilly,19-08-2025,2100,2300,2200
uttar pradesh,bulandshahar,jahangirabad,ridgeguard(tori),ridgeguard(tori),19-08-2025,1855,2045,1950
uttar pradesh,bulandshahar,khurja,bhindi(ladies finger),bhindi,19-08-2025,1520,1720,1620
uttar pradesh,bulandshahar,khurja,brinjal,round/long,19-08-2025,1600,1800,1700
uttar pradesh,bulandshahar,khurja,ginger(green),green ginger,19-08-2025,4350,4650,4550
uttar pradesh,bulandshahar,khurja,sponge gourd,sponge gourd,19-08-2025,1800,2000,1900
uttar pradesh,bulandshahar,sikarpur,bottle gourd,bottle gourd,19-08-2025,1800,2000,1900
uttar pradesh,bulandshahar,sikarpur,sponge gourd,sponge gourd,19-08-2025,1400,1600,1500
uttar pradesh,etah,aliganj,bajra(pearl millet/cumbu),deshi,19-08-2025,2100,2110,2105
uttar pradesh,etawah,etawah,arhar dal(tur dal),arhar dal(tur),19-08-2025,10300,10600,10500
uttar pradesh,etawah,etawah,banana,banana - ripe,19-08-2025,2500,2850,2750
uttar pradesh,etawah,etawah,bengal gram(gram)(whole),desi (whole),19-08-2025,6150,6450,6350
uttar pradesh,etawah,etawah,onion,red,19-08-2025,1220,1500,1420
uttar pradesh,etawah,jasvantnagar,onion,red,19-08-2025,1390,1490,1440
uttar pradesh,etawah,jasvantnagar,tomato,hybrid,19-08-2025,3615,3715,3665
uttar pradesh,farukhabad,farukhabad,bhindi(ladies finger),bhindi,19-08-2025,1350,1525,1475
uttar pradesh,farukhabad,farukhabad,garlic,garlic,19-08-2025,5900,6100,6050
uttar pradesh,farukhabad,farukhabad,groundnut,hybrid,19-08-2025,6700,6800,6783
uttar pradesh,farukhabad,farukhabad,pumpkin,pumpkin,19-08-2025,1300,1500,1400
uttar pradesh,farukhabad,farukhabad,rice,iii,19-08-2025,2950,3100,3025
uttar pradesh,farukhabad,farukhabad,sponge gourd,sponge gourd,19-08-2025,1900,2100,2000
uttar pradesh,fatehpur,jahanabad,wheat,dara,19-08-2025,2500,2520,2510
uttar pradesh,fatehpur,khaga,bhindi(ladies finger),bhindi,19-08-2025,1680,1820,1740
uttar pradesh,fatehpur,khaga,bitter gourd,bitter gourd,19-08-2025,2540,2710,2600
uttar pradesh,fatehpur,khaga,onion,red,19-08-2025,1430,1650,1500
uttar pradesh,fatehpur,khaga,rice,iii,19-08-2025,2980,3140,3075
uttar pradesh,firozabad,sirsaganj,brinjal,brinjal,19-08-2025,1000,1200,1100
uttar pradesh,firozabad,sirsaganj,pumpkin,pumpkin,19-08-2025,1000,1200,1100
uttar pradesh,firozabad,tundla,bajra(pearl millet/cumbu),hybrid,19-08-2025,2330,2375,2350
uttar pradesh,firozabad,tundla,bhindi(ladies finger),bhindi,19-08-2025,1280,1320,1300
uttar pradesh,firozabad,tundla,brinjal,round,19-08-2025,1325,1375,1350
uttar pradesh,firozabad,tundla,ginger(green),green ginger,19-08-2025,3425,3475,3450
uttar pradesh,gorakhpur,chorichora,banana - green,banana - green,19-08-2025,2500,2800,2600
uttar pradesh,gorakhpur,chorichora,paddy(dhan)(common),common,19-08-2025,2300,2550,2450
uttar pradesh,gorakhpur,chorichora,potato,red,19-08-2025,1600,1850,1800
uttar pradesh,gorakhpur,chorichora,tomato,hybrid,19-08-2025,2500,2800,2600
uttar pradesh,gorakhpur,gorakhpur,bitter gourd,bitter gourd,19-08-2025,2150,2325,2225
uttar pradesh,gorakhpur,gorakhpur,brinjal,round/long,19-08-2025,1750,1925,1825
uttar pradesh,hathras,haathras,arhar (tur/red gram)(whole),arhar (whole),19-08-2025,7600,7700,7650
uttar pradesh,hathras,haathras,bajra(pearl millet/cumbu),hybrid,19-08-2025,2200,2260,2240
uttar pradesh,hathras,haathras,bottle gourd,bottle gourd,19-08-2025,950,1150,1080
uttar pradesh,hathras,haathras,onion,red,19-08-2025,1200,1400,1340
uttar pradesh,hathras,sikandraraau,potato,desi,19-08-2025,590,700,670
uttar pradesh,hathras,sikandraraau,wheat,dara,19-08-2025,2450,2530,2500
uttar pradesh,jaunpur,mugrabaadshahpur,apple,delicious,19-08-2025,9500,9700,9600
uttar pradesh,jaunpur,mugrabaadshahpur,bhindi(ladies finger),bhindi,19-08-2025,1560,1760,1660
uttar pradesh,jaunpur,mugrabaadshahpur,ginger(green),green ginger,19-08-2025,3685,3885,3785
uttar pradesh,jaunpur,mugrabaadshahpur,potato,badshah,19-08-2025,985,1185,1085
uttar pradesh,jaunpur,mugrabaadshahpur,pumpkin,pumpkin,19-08-2025,1330,1530,1430
uttar pradesh,jaunpur,mugrabaadshahpur,wheat,dara,19-08-2025,2460,2660,2560
uttar pradesh,jhansi,jhansi,bitter gourd,bitter gourd,19-08-2025,1700,1850,1790
uttar pradesh,jhansi,jhansi,cucumbar(kheera),cucumbar,19-08-2025,1700,1950,1795
uttar pradesh,jhansi,jhansi,garlic,garlic,19-08-2025,5000,5200,5120
uttar pradesh,jhansi,jhansi,potato,desi,19-08-2025,1200,1350,1240
uttar pradesh,kannuj,chhibramau,pointed gourd (parval),pointed gourd (parval),19-08-2025,3300,3500,3400
uttar pradesh,kannuj,chhibramau,potato,local,19-08-2025,800,950,875
uttar pradesh,kannuj,chhibramau,tomato,hybrid,19-08-2025,4050,4250,4150
uttar pradesh,kannuj,chhibramau,wheat,dara,19-08-2025,2500,2550,2520
uttar pradesh,kanpur,choubepur,barley (jau),dara,19-08-2025,2300,2400,2350
uttar pradesh,kanpur,choubepur,bengal gram(gram)(whole),desi (whole),19-08-2025,6250,6450,6350
uttar pradesh,kanpur,choubepur,bhindi(ladies finger),bhindi,19-08-2025,1300,1500,1400
uttar pradesh,kanpur,choubepur,brinjal,brinjal,19-08-2025,1500,1700,1600
uttar pradesh,kanpur,choubepur,ridgeguard(tori),ridgeguard(tori),19-08-2025,1750,1950,1850
uttar pradesh,kanpur,kanpur(grain),barley (jau),dara,19-08-2025,2320,2420,2370
uttar pradesh,kanpur,kanpur(grain),bottle gourd,bottle gourd,19-08-2025,1030,1230,1130
uttar pradesh,kanpur,kanpur(grain),papaya,papaya,19-08-2025,2780,2980,2880
uttar pradesh,kanpur,kanpur(grain),pomegranate,pomogranate,19-08-2025,5650,5850,5750
uttar pradesh,kaushambi,manjhanpur,tomato,deshi,19-08-2025,4040,4270,4155
uttar pradesh,khiri (lakhimpur),maigalganj,gur(jaggery),khandsari,19-08-2025,4100,4165,4126
uttar pradesh,khiri (lakhimpur),maigalganj,pumpkin,pumpkin,19-08-2025,1300,1350,1325
uttar pradesh,lalitpur,lalitpur,pomegranate,pomogranate,19-08-2025,4870,4930,4900
uttar pradesh,lalitpur,mehrauni,bengal gram(gram)(whole),999,19-08-2025,5000,5500,5300
uttar pradesh,lalitpur,mehrauni,black gram (urd beans)(whole),black gram (whole),19-08-2025,7000,8200,7500
uttar pradesh,lucknow,lucknow,arhar dal(tur dal),arhar dal(tur),19-08-2025,10450,10650,10550
uttar pradesh,lucknow,lucknow,banana,banana - ripe,19-08-2025,2800,2900,2850
uttar pradesh,lucknow,lucknow,colacasia,colacasia,19-08-2025,2150,2250,2200
uttar pradesh,lucknow,lucknow,garlic,garlic,19-08-2025,6350,6550,6450
uttar pradesh,lucknow,lucknow,jack fruit,jack fruit,19-08-2025,1600,1700,1650
uttar pradesh,lucknow,lucknow,wheat,dara,19-08-2025,2500,2600,2550
uttar pradesh,maharajganj,anandnagar,onion,red,19-08-2025,1400,1800,1600
uttar pradesh,maharajganj,gadaura,bitter gourd,bitter gourd,19-08-2025,1300,1500,1400
uttar pradesh,maharajganj,gadaura,jack fruit,other,19-08-2025,1600,1800,1700
uttar pradesh,maharajganj,gadaura,pumpkin,other,19-08-2025,1200,1400,1300
uttar pradesh,maharajganj,gadaura,sponge gourd,other,19-08-2025,1300,1500,1400
uttar pradesh,maharajganj,nautnava,banana - green,banana - green,19-08-2025,1100,1300,1200
uttar pradesh,maharajganj,nautnava,tomato,hybrid,19-08-2025,1500,1800,1600
uttar pradesh,maharajganj,nautnava,wheat,dara,19-08-2025,2400,2500,2450
uttar pradesh,mainpuri,ghiraur,onion,red,19-08-2025,1290,1490,1390
uttar pradesh,mainpuri,mainpuri,bengal gram(gram)(whole),desi (whole),19-08-2025,6640,6750,6700
uttar pradesh,mainpuri,mainpuri,mustard,sarson(black),19-08-2025,7120,7280,7165
uttar pradesh,mainpuri,mainpuri,onion,red,19-08-2025,1350,1500,1400
uttar pradesh,mainpuri,mainpuri,rice,common,19-08-2025,3350,3500,3400
uttar pradesh,mathura,kosikalan,cauliflower,cauliflower,19-08-2025,3500,3590,3545
uttar pradesh,mathura,kosikalan,potato,desi,19-08-2025,945,1030,990
uttar pradesh,mathura,kosikalan,pumpkin,pumpkin,19-08-2025,1050,1140,1100
uttar pradesh,mathura,mathura,barley (jau),dara,19-08-2025,2375,2430,2400
uttar pradesh,mathura,mathura,black gram dal (urd dal),black gram dal,19-08-2025,9600,9900,9800
uttar pradesh,mathura,mathura,ginger(green),green ginger,19-08-2025,3200,3500,3400
uttar pradesh,mathura,mathura,pumpkin,pumpkin,19-08-2025,1000,1210,1120
uttar pradesh,mathura,mathura,raddish,raddish,19-08-2025,1900,2200,2100
uttar pradesh,mau(maunathbhanjan),doharighat,potato,potato,19-08-2025,1700,1800,1770
uttar pradesh,mau(maunathbhanjan),doharighat,tomato,deshi,19-08-2025,1900,2000,1960
uttar pradesh,mau(maunathbhanjan),kopaganj,cauliflower,cauliflower,19-08-2025,1000,1200,1100
uttar pradesh,meerut,meerut,black gram (urd beans)(whole),black gram (whole),19-08-2025,8650,8750,8700
uttar pradesh,meerut,meerut,brinjal,brinjal,19-08-2025,2120,2320,2220
uttar pradesh,meerut,meerut,cucumbar(kheera),cucumbar,19-08-2025,1800,2000,1900
uttar pradesh,meerut,meerut,pumpkin,pumpkin,19-08-2025,1200,1400,1300
uttar pradesh,mirzapur,mirzapur,apple,delicious,19-08-2025,9300,9450,9400
uttar pradesh,mirzapur,mirzapur,garlic,desi,19-08-2025,6300,6400,6350
uttar pradesh,mirzapur,mirzapur,green chilli,green chilly,19-08-2025,4700,4825,4775
uttar pradesh,pillibhit,puranpur,potato,potato,19-08-2025,920,1000,960
uttar pradesh,pillibhit,vishalpur,brinjal,round/long,19-08-2025,1670,1712,1690
uttar pradesh,pratapgarh,pratapgarh,bhindi(ladies finger),bhindi,19-08-2025,1900,2050,1950
uttar pradesh,pratapgarh,pratapgarh,bitter gourd,bitter gourd,19-08-2025,2650,2950,2700
uttar pradesh,pratapgarh,pratapgarh,pomegranate,pomogranate,19-08-2025,7000,7350,7100
uttar pradesh,pratapgarh,pratapgarh,tomato,deshi,19-08-2025,4100,4250,4150
uttar pradesh,prayagraj,ajuha,potato,desi,19-08-2025,930,1070,1000
uttar pradesh,raebarelli,bachranwa,tomato,hybrid,19-08-2025,3850,3950,3900
uttar pradesh,raebarelli,bachranwa,wheat,dara,19-08-2025,2500,2525,2515
uttar pradesh,raebarelli,jayas,apple,delicious,19-08-2025,8600,8700,8675
uttar pradesh,raebarelli,jayas,brinjal,round/long,19-08-2025,1550,1575,1565
uttar pradesh,raebarelli,jayas,garlic,desi,19-08-2025,6430,6500,6450
uttar pradesh,raebarelli,jayas,green chilli,green chilly,19-08-2025,4560,4600,4580
uttar pradesh,raebarelli,jayas,potato,desi,19-08-2025,1125,1150,1140
uttar pradesh,raebarelli,raibareilly,bhindi(ladies finger),bhindi,19-08-2025,1725,1775,1750
uttar pradesh,raebarelli,raibareilly,bottle gourd,bottle gourd,19-08-2025,1660,1700,1680
uttar pradesh,raebarelli,raibareilly,brinjal,round/long,19-08-2025,1625,1675,1650
uttar pradesh,raebarelli,raibareilly,lemon,lemon,19-08-2025,2760,2850,2800
uttar pradesh,raebarelli,raibareilly,tomato,hybrid,19-08-2025,3760,3850,3800
uttar pradesh,raebarelli,salon,paddy(dhan)(common),common,19-08-2025,2310,2320,2315
uttar pradesh,raebarelli,salon,rice,common,19-08-2025,3100,3115,3110
uttar pradesh,raebarelli,salon,tomato,deshi,19-08-2025,3800,3860,3850
uttar pradesh,rampur,rampur,green chilli,green chilly,19-08-2025,4500,4600,4550
uttar pradesh,rampur,rampur,lemon,lemon,19-08-2025,3800,3900,3850
uttar pradesh,rampur,rampur,lentil (masur)(whole),masoor gola,19-08-2025,6800,6900,6850
uttar pradesh,rampur,rampur,tomato,deshi,19-08-2025,3925,4025,3975
uttar pradesh,saharanpur,gangoh,bhindi(ladies finger),bhindi,19-08-2025,1500,1600,1550
uttar pradesh,saharanpur,gangoh,bottle gourd,bottle gourd,19-08-2025,1000,1500,1400
uttar pradesh,saharanpur,gangoh,cucumbar(kheera),cucumbar,19-08-2025,2100,2200,2150
uttar pradesh,saharanpur,saharanpur,ginger(green),green ginger,19-08-2025,3900,4500,4200
uttar pradesh,saharanpur,saharanpur,green chilli,green chilly,19-08-2025,4500,5100,4800
uttar pradesh,saharanpur,saharanpur,onion,red,19-08-2025,1350,1650,1500
uttar pradesh,saharanpur,saharanpur,wheat,dara,19-08-2025,2500,2670,2600
uttar pradesh,sambhal,bhehjoi,wood,eucalyptus,19-08-2025,500,510,505
uttar pradesh,sambhal,sambhal,bottle gourd,bottle gourd,19-08-2025,500,1000,800
uttar pradesh,sant kabir nagar,khalilabad,bottle gourd,bottle gourd,19-08-2025,1200,1300,1250
uttar pradesh,shahjahanpur,puwaha,potato,desi,19-08-2025,1025,1100,1050
uttar pradesh,shahjahanpur,puwaha,potato,desi,19-08-2025,990,1020,1000
uttar pradesh,shahjahanpur,puwaha,tomato,hybrid,19-08-2025,4000,4075,4050
uttar pradesh,shahjahanpur,puwaha,wheat,dara,19-08-2025,2425,2475,2450
uttar pradesh,shahjahanpur,shahjahanpur,wheat,dara,19-08-2025,2450,2540,2500
uttar pradesh,shahjahanpur,tilhar,apple,delicious,19-08-2025,8360,8500,8440
uttar pradesh,shahjahanpur,tilhar,bottle gourd,bottle gourd,19-08-2025,1310,1410,1360
uttar pradesh,shahjahanpur,tilhar,brinjal,round/long,19-08-2025,1640,1740,1695
uttar pradesh,shahjahanpur,tilhar,tomato,deshi,19-08-2025,4070,4170,4120
uttar pradesh,shahjahanpur,tilhar,wheat,dara,19-08-2025,2460,2485,2470
uttar pradesh,shamli,kairana,ginger(green),green ginger,19-08-2025,4600,4700,4650
uttar pradesh,shamli,khandhla,bottle gourd,bottle gourd,19-08-2025,2100,2200,2150
uttar pradesh,shamli,khandhla,cabbage,cabbage,19-08-2025,450,500,475
uttar pradesh,shamli,khandhla,potato,desi,19-08-2025,1400,1440,1420
uttar pradesh,shamli,khandhla,raddish,raddish,19-08-2025,550,600,575
uttar pradesh,shamli,khandhla,tomato,deshi,19-08-2025,2700,2800,2750
uttar pradesh,shamli,shamli,arhar dal(tur dal),arhar dal(tur),19-08-2025,10430,10520,10470
uttar pradesh,shamli,shamli,bengal gram(gram)(whole),average (whole),19-08-2025,6660,6740,6700
uttar pradesh,shamli,shamli,bhindi(ladies finger),bhindi,19-08-2025,1710,1810,1760
uttar pradesh,shamli,shamli,brinjal,round/long,19-08-2025,1700,1800,1750
uttar pradesh,shamli,shamli,onion,red,19-08-2025,1450,1550,1500
uttar pradesh,shamli,shamli,onion,red,19-08-2025,1250,1350,1300
uttar pradesh,shamli,shamli,pomegranate,pomogranate,19-08-2025,7000,7100,7050
uttar pradesh,shamli,shamli,potato,desi,19-08-2025,1120,1200,1160
uttar pradesh,shamli,shamli,rice,iii,19-08-2025,3400,3500,3450
uttar pradesh,shamli,shamli,tomato,hybrid,19-08-2025,4200,4360,4280
uttar pradesh,shravasti,payagpur,garlic,average,19-08-2025,7800,8000,7900
uttar pradesh,shravasti,payagpur,pointed gourd (parval),other,19-08-2025,5800,6000,5900
uttar pradesh,sitapur,sitapur,apple,kasmir/shimla - ii,19-08-2025,8250,9000,8800
uttar pradesh,sitapur,sitapur,lemon,lemon,19-08-2025,3000,3600,3500
uttar pradesh,sitapur,sitapur,onion,red,19-08-2025,1300,1500,1400
uttar pradesh,sitapur,sitapur,paddy(dhan)(common),common,19-08-2025,1850,2100,2050
uttar pradesh,sitapur,sitapur,pomegranate,pomogranate,19-08-2025,6200,6900,6800
uttar pradesh,unnao,bangarmau,bhindi(ladies finger),bhindi,19-08-2025,1680,1780,1730
uttar pradesh,unnao,bangarmau,bitter gourd,bitter gourd,19-08-2025,2300,2400,2350
uttar pradesh,unnao,bangarmau,gur(jaggery),yellow,19-08-2025,3960,4060,4010
uttar pradesh,unnao,bangarmau,mustard,lohi black,19-08-2025,6610,6710,6660
uttar pradesh,unnao,bangarmau,potato,desi,19-08-2025,1080,1180,1130
uttrakhand,dehradoon,dehradoon,carrot,other,19-08-2025,800,1050,950
uttrakhand,dehradoon,dehradoon,colacasia,other,19-08-2025,800,1050,950
uttrakhand,dehradoon,dehradoon,cucumbar(kheera),other,19-08-2025,850,1200,1050
uttrakhand,dehradoon,dehradoon,pomegranate,other,19-08-2025,5500,7500,6500
uttrakhand,dehradoon,dehradoon,tomato,sankar,19-08-2025,950,1350,1250
uttrakhand,dehradoon,rishikesh,apple,other,19-08-2025,4500,8500,7500
uttrakhand,dehradoon,rishikesh,bitter gourd,other,19-08-2025,1200,1800,1500
uttrakhand,dehradoon,rishikesh,lime,lime,19-08-2025,3000,4000,3500
uttrakhand,dehradoon,rishikesh,pumpkin,other,19-08-2025,1000,1500,1200
uttrakhand,garhwal (pauri),kotadwara,pumpkin,other,19-08-2025,800,1100,1000
uttrakhand,garhwal (pauri),kotadwara,tomato,tomato,19-08-2025,2000,2500,2200
uttrakhand,haridwar,bhagwanpur(naveen mandi sthal),bottle gourd,other,19-08-2025,800,1200,900
uttrakhand,haridwar,bhagwanpur(naveen mandi sthal),tomato,other,19-08-2025,500,800,600
uttrakhand,haridwar,haridwar union,brinjal,other,19-08-2025,1000,1200,1100
uttrakhand,haridwar,haridwar union,lemon,other,19-08-2025,3000,3500,3200
uttrakhand,haridwar,manglaur,apple,other,19-08-2025,2500,4000,3000
uttrakhand,haridwar,manglaur,cucumbar(kheera),other,19-08-2025,1300,1800,1500
uttrakhand,haridwar,manglaur,tomato,other,19-08-2025,1600,2500,2000
uttrakhand,haridwar,roorkee,beans,beans (whole),19-08-2025,400,600,500
uttrakhand,nanital,haldwani,bhindi(ladies finger),other,19-08-2025,700,1200,900
uttrakhand,nanital,haldwani,bottle gourd,other,19-08-2025,600,1000,800
uttrakhand,nanital,haldwani,brinjal,other,19-08-2025,500,1000,700
uttrakhand,nanital,haldwani,mousambi(sweet lime),other,19-08-2025,2800,3200,3000
uttrakhand,nanital,haldwani,pumpkin,other,19-08-2025,600,1000,800
uttrakhand,nanital,ramnagar,bottle gourd,other,19-08-2025,800,1000,900
uttrakhand,nanital,ramnagar,tomato,other,19-08-2025,3000,3500,3250
uttrakhand,udhamsinghnagar,bazpur,mango,other,19-08-2025,4000,4000,4000
uttrakhand,udhamsinghnagar,gadarpur,paddy(dhan)(common),other,19-08-2025,1850,1850,1850
uttrakhand,udhamsinghnagar,rudrapur,apple,other,19-08-2025,6000,8000,7000
uttrakhand,udhamsinghnagar,rudrapur,banana,banana - ripe,19-08-2025,2000,3000,2500
uttrakhand,udhamsinghnagar,rudrapur,bhindi(ladies finger),other,19-08-2025,1500,2000,1800
uttrakhand,udhamsinghnagar,rudrapur,bitter gourd,other,19-08-2025,2000,2500,2200
uttrakhand,udhamsinghnagar,rudrapur,colacasia,other,19-08-2025,2000,3000,2500
uttrakhand,udhamsinghnagar,rudrapur,guava,other,19-08-2025,4000,6000,5000
uttrakhand,udhamsinghnagar,rudrapur,raddish,other,19-08-2025,1500,2000,1800
uttrakhand,udhamsinghnagar,rudrapur,sponge gourd,other,19-08-2025,1500,2000,1800
west bengal,bankura,bankura sadar,sweet pumpkin,sweet pumpkin,19-08-2025,1850,2050,2000
west bengal,bankura,bishnupur(bankura),onion,nasik,19-08-2025,2000,2500,2300
west bengal,bankura,bishnupur(bankura),wheat,sonalika,19-08-2025,2800,3200,3000
west bengal,bankura,indus(bankura sadar),brinjal,round/long,19-08-2025,4800,5200,5000
west bengal,bankura,indus(bankura sadar),mustard,mustard,19-08-2025,5850,6500,5950
west bengal,bankura,indus(bankura sadar),sweet pumpkin,sweet pumpkin,19-08-2025,1500,1700,1650
west bengal,bankura,khatra,bottle gourd,bottle gourd,19-08-2025,2500,3200,3000
west bengal,bankura,khatra,potato,jyoti,19-08-2025,1060,1120,1080
west bengal,bankura,khatra,sweet pumpkin,sweet pumpkin,19-08-2025,1800,2500,2200
west bengal,birbhum,rampurhat,onion,local,19-08-2025,1600,1800,1700
west bengal,birbhum,rampurhat,potato,jyoti,19-08-2025,1160,1200,1180
west bengal,coochbehar,haldibari,bitter gourd,bitter gourd,19-08-2025,3800,4000,3900
west bengal,coochbehar,mathabhanga,brinjal,brinjal,19-08-2025,2800,3000,2900
west bengal,darjeeling,karsiyang(matigara),carrot,other,19-08-2025,4500,5000,4800
west bengal,darjeeling,siliguri,banana,other,19-08-2025,1800,2000,1900
west bengal,darjeeling,siliguri,ginger(green),green ginger,19-08-2025,5500,6000,5800
west bengal,darjeeling,siliguri,masur dal,masur dal,19-08-2025,9800,10100,10000
west bengal,darjeeling,siliguri,potato,jyoti,19-08-2025,1140,1180,1160
west bengal,darjeeling,siliguri,squash(chappal kadoo),other,19-08-2025,1300,1500,1400
west bengal,medinipur(w),ghatal,onion,onion,19-08-2025,1900,2000,1950
west bengal,medinipur(w),ghatal,paddy(dhan)(common),common,19-08-2025,2300,2350,2320
west bengal,medinipur(w),ghatal,rice,common,19-08-2025,3600,3800,3710
west bengal,north 24 parganas,barasat,brinjal,other,19-08-2025,5000,5000,5000
west bengal,north 24 parganas,barasat,green chilli,other,19-08-2025,9000,9000,9000
west bengal,north 24 parganas,barasat,pumpkin,other,19-08-2025,1800,1800,1800
west bengal,north 24 parganas,barasat,tomato,other,19-08-2025,6000,6000,6000
west bengal,paschim bardhaman,asansol,arhar dal(tur dal),arhar dal(tur),19-08-2025,11850,12200,12000
west bengal,paschim bardhaman,asansol,brinjal,other,19-08-2025,4300,4600,4450
west bengal,paschim bardhaman,asansol,wheat,kalyan,19-08-2025,2700,3050,2875
west bengal,paschim bardhaman,asansol,wheat,kalyan,19-08-2025,2500,2730,2650
west bengal,paschim bardhaman,durgapur,brinjal,other,19-08-2025,4350,4600,4450
west bengal,paschim bardhaman,durgapur,cabbage,other,19-08-2025,1800,2200,2050
andhra pradesh,cuddapah,cuddapah,turmeric,finger,19-08-2025,5812,10652,10652
andhra pradesh,cuddapah,lakkireddipally,groundnut,balli/habbu,19-08-2025,6500,7000,6783
andhra pradesh,east godavari,ravulapelem,banana,desi(bontha),19-08-2025,1900,2500,2200
andhra pradesh,guntur,tenali,lemon,lemon,19-08-2025,3600,4800,4300
andhra pradesh,krishna,tiruvuru,rice,1009 kar,19-08-2025,4500,4900,4700
andhra pradesh,krishna,tiruvuru,rice,fine,19-08-2025,4300,4500,4400
andhra pradesh,kurnool,kurnool,ajwan,other,19-08-2025,1069,11112,6810
andhra pradesh,kurnool,kurnool,castor seed,other,19-08-2025,5120,5120,5120
andhra pradesh,kurnool,kurnool,sunflower,bold,19-08-2025,4519,4519,4519
andhra pradesh,west godavari,eluru,lemon,lemon,19-08-2025,1800,4400,3300
bihar,banka,barahat,onion,medium,19-08-2025,3000,3500,3200
chandigarh,chandigarh,chandigarh(grain/fruit),bhindi(ladies finger),bhindi,19-08-2025,1600,2500,2200
chandigarh,chandigarh,chandigarh(grain/fruit),bottle gourd,other,19-08-2025,1200,2000,1700
chandigarh,chandigarh,chandigarh(grain/fruit),brinjal,other,19-08-2025,1000,1800,1500
chandigarh,chandigarh,chandigarh(grain/fruit),cabbage,cabbage,19-08-2025,1200,1800,1600
chandigarh,chandigarh,chandigarh(grain/fruit),mango,other,19-08-2025,2000,5000,4000
chandigarh,chandigarh,chandigarh(grain/fruit),peas wet,other,19-08-2025,5000,8000,7000
gujarat,ahmedabad,sanad,wheat,sharbati,19-08-2025,2500,2890,2695
gujarat,amreli,babra,cotton,shanker 6 (b) 30mm fine,19-08-2025,7600,8215,7905
gujarat,amreli,damnagar,bhindi(ladies finger),bhindi,19-08-2025,1200,1500,1300
gujarat,amreli,savarkundla,cotton,narma bt cotton,19-08-2025,6925,8195,7850
gujarat,anand,khambhat(veg yard khambhat),green chilli,other,19-08-2025,1000,2500,2000
gujarat,banaskanth,palanpur,bajra(pearl millet/cumbu),deshi,19-08-2025,1555,2685,2120
gujarat,banaskanth,palanpur,wheat,other,19-08-2025,2590,2775,2682
gujarat,banaskanth,vadgam,wheat,147 average,19-08-2025,2655,2655,2655
gujarat,bharuch,jambusar,castor seed,other,19-08-2025,5200,5600,5400
gujarat,botad,botad,green gram (moong)(whole),other,19-08-2025,5500,6950,6250
gujarat,botad,botad,mustard,other,19-08-2025,5725,7535,6650
gujarat,chhota udaipur,bodeliu,groundnut,other,19-08-2025,4901,4925,4915
gujarat,dahod,dahod(veg. market),cabbage,cabbage,19-08-2025,800,1500,1150
gujarat,dahod,dahod(veg. market),cluster beans,cluster beans,19-08-2025,2000,6000,4000
gujarat,dahod,dahod(veg. market),cowpea(veg),cowpea (veg),19-08-2025,1000,6000,3500
gujarat,dahod,dahod(veg. market),little gourd (kundru),other,19-08-2025,1000,2000,1500
gujarat,dahod,dahod(veg. market),onion green,onion green,19-08-2025,1500,3500,2500
gujarat,dahod,dahod(veg. market),pointed gourd (parval),other,19-08-2025,3000,4500,3750
gujarat,dahod,dahod(veg. market),tomato,tomato,19-08-2025,2500,5000,3750
gujarat,devbhumi dwarka,jam khambalia,ground nut seed,other,19-08-2025,5500,6625,6000
gujarat,devbhumi dwarka,jam khambalia,wheat,147 average,19-08-2025,2250,2555,2400
gujarat,gandhinagar,kalol,castor seed,other,19-08-2025,6470,6535,6500
gujarat,gir somnath,veraval,black gram (urd beans)(whole),other,19-08-2025,7005,7660,7265
gujarat,kheda,kapadvanj,bhindi(ladies finger),other,19-08-2025,500,2000,1200
gujarat,kheda,kapadvanj,potato,other,19-08-2025,900,1400,1150
gujarat,kheda,nadiad,tomato,other,19-08-2025,1500,1800,1650
gujarat,kheda,nadiyad(chaklasi),brinjal,brinjal,19-08-2025,1500,1800,1600
gujarat,kheda,nadiyad(chaklasi),potato,potato,19-08-2025,1200,1300,1250
gujarat,kheda,nadiyad(chaklasi),tomato,tomato,19-08-2025,1400,1550,1500
gujarat,kheda,nadiyad(piplag),brinjal,brinjal,19-08-2025,1500,2000,1800
gujarat,kheda,nadiyad(piplag),peas cod,peas cod,19-08-2025,8500,9000,8900
gujarat,mehsana,kadi,barley (jau),deshi,19-08-2025,2500,2500,2500
gujarat,mehsana,kadi,kulthi(horse gram),horse gram (whole),19-08-2025,5500,5545,5525
gujarat,mehsana,kadi,wheat,deshi,19-08-2025,2635,2775,2700
gujarat,mehsana,vijapur,bajra(pearl millet/cumbu),other,19-08-2025,1610,2355,1900
gujarat,mehsana,vijapur,jowar(sorghum),other,19-08-2025,3500,4110,3900
gujarat,mehsana,vijapur(gojjariya),bajra(pearl millet/cumbu),other,19-08-2025,2300,2440,2350
gujarat,mehsana,vijapur(gojjariya),jowar(sorghum),other,19-08-2025,3900,3900,3900
gujarat,narmada,rajpipla,banana,other,19-08-2025,1650,2550,2025
gujarat,navsari,navsari,brinjal,arkasheela mattigulla,19-08-2025,500,1500,1000
gujarat,navsari,navsari,cabbage,cabbage,19-08-2025,800,1600,1200
gujarat,navsari,navsari,capsicum,capsicum,19-08-2025,3500,4000,3750
gujarat,patan,sami,castor seed,castor seed,19-08-2025,6425,6515,6485
gujarat,porbandar,porbandar,bhindi(ladies finger),bhindi,19-08-2025,2000,3000,2500
gujarat,porbandar,porbandar,coriander(leaves),coriander,19-08-2025,3000,4000,3500
gujarat,porbandar,porbandar,ginger(green),green ginger,19-08-2025,4000,5000,4500
gujarat,rajkot,dhoraji,"sesamum(sesame,gingelly,til)",white,19-08-2025,7130,8555,7730
gujarat,rajkot,gondal(veg.market gondal),apple,apple,19-08-2025,6000,12000,9000
gujarat,rajkot,gondal(veg.market gondal),brinjal,brinjal,19-08-2025,100,1000,550
gujarat,rajkot,gondal(veg.market gondal),cabbage,cabbage,19-08-2025,500,2000,1250
gujarat,rajkot,gondal(veg.market gondal),guar,gwar,19-08-2025,500,2500,1500
gujarat,rajkot,gondal(veg.market gondal),lemon,other,19-08-2025,1000,3000,2000
gujarat,rajkot,gondal(veg.market gondal),papaya,other,19-08-2025,500,1500,1000
gujarat,rajkot,rajkot,black gram (urd beans)(whole),desi,19-08-2025,5850,7575,7150
gujarat,rajkot,rajkot,cotton,narma bt cotton,19-08-2025,6505,8265,8000
gujarat,rajkot,rajkot,garlic,garlic,19-08-2025,2700,3950,3180
gujarat,rajkot,rajkot,green gram (moong)(whole),green (whole),19-08-2025,6050,8505,7780
gujarat,rajkot,rajkot,ground nut seed,ground nut seed,19-08-2025,6500,7090,6850
gujarat,rajkot,rajkot,"sesamum(sesame,gingelly,til)",white,19-08-2025,7000,9750,8800
gujarat,rajkot,rajkot(veg.sub yard),bhindi(ladies finger),bhindi,19-08-2025,1000,3000,2000
gujarat,rajkot,rajkot(veg.sub yard),ginger(green),green ginger,19-08-2025,1500,5500,3500
gujarat,rajkot,rajkot(veg.sub yard),green chilli,green chilly,19-08-2025,500,1500,1000
gujarat,rajkot,rajkot(veg.sub yard),tomato,tomato,19-08-2025,2000,5000,3500
gujarat,sabarkantha,meghraj,wheat,other,19-08-2025,2550,2650,2650
gujarat,surat,bardoli(katod),bhindi(ladies finger),other,19-08-2025,1250,2400,1950
gujarat,surat,mahuva(anaval),bhindi(ladies finger),other,19-08-2025,1850,2000,1900
gujarat,surat,surat,cauliflower,other,19-08-2025,1500,3500,2250
gujarat,surat,surat,cluster beans,other,19-08-2025,2500,5500,4000
gujarat,surat,surat,indian beans (seam),other,19-08-2025,2500,4000,3250
gujarat,surat,surat,lemon,other,19-08-2025,1000,4500,2750
gujarat,surat,surat,pumpkin,other,19-08-2025,700,2000,1350
gujarat,surat,surat,ridgeguard(tori),other,19-08-2025,1500,4000,2750
gujarat,surat,surat,sponge gourd,other,19-08-2025,1000,2000,1500
gujarat,surendranagar,vadhvan,carrot,carrot,19-08-2025,2000,2500,2250
gujarat,surendranagar,vadhvan,drumstick,drumstick,19-08-2025,5000,6500,5750
gujarat,surendranagar,vadhvan,lemon,lemon,19-08-2025,1000,2000,1500
gujarat,surendranagar,vadhvan,methi(leaves),methi,19-08-2025,1500,2000,1750
gujarat,surendranagar,vadhvan,tomato,tomato,19-08-2025,4500,5000,4750
gujarat,vadodara(baroda),padra,bitter gourd,other,19-08-2025,1000,1750,1400
gujarat,vadodara(baroda),padra,bottle gourd,other,19-08-2025,500,1500,1000
gujarat,vadodara(baroda),padra,cauliflower,other,19-08-2025,2500,3000,2750
gujarat,vadodara(baroda),padra,coriander(leaves),other,19-08-2025,2500,3000,2750
gujarat,vadodara(baroda),padra,green chilli,green chilly,19-08-2025,1000,2000,1500
gujarat,vadodara(baroda),padra,sponge gourd,other,19-08-2025,250,300,275
haryana,ambala,ambala cantt.,bottle gourd,bottle gourd,19-08-2025,1000,1500,1200
haryana,ambala,ambala cantt.,capsicum,other,19-08-2025,2500,4000,3500
haryana,ambala,barara,bitter gourd,other,19-08-2025,800,1500,800
haryana,ambala,barara,onion,other,19-08-2025,1000,1500,1200
haryana,ambala,barara,peas wet,other,19-08-2025,1800,2000,1800
haryana,ambala,barara,spinach,other,19-08-2025,1000,1000,1000
haryana,fatehabad,jakhal,potato,other,19-08-2025,600,900,900
haryana,fatehabad,jakhal,tomato,other,19-08-2025,4000,4000,4000
haryana,gurgaon,gurgaon,bhindi(ladies finger),other,19-08-2025,1000,1400,1200
haryana,gurgaon,gurgaon,cauliflower,other,19-08-2025,2000,3000,2500
haryana,gurgaon,gurgaon,pomegranate,other,19-08-2025,5000,10000,7500
haryana,gurgaon,gurgaon,potato,other,19-08-2025,1000,1400,1200
haryana,gurgaon,sohna,ridgeguard(tori),ridgeguard(tori),19-08-2025,1500,2500,2200
haryana,hissar,barwala(hisar),banana,other,19-08-2025,2000,4000,3800
haryana,hissar,barwala(hisar),brinjal,other,19-08-2025,1500,1800,1600
haryana,hissar,barwala(hisar),long melon(kakri),long melon (kakri),19-08-2025,1000,1200,1100
haryana,hissar,hansi,guava,other,19-08-2025,2000,3000,2500
haryana,hissar,hansi,spinach,other,19-08-2025,3000,4000,3500
haryana,jhajar,bahadurgarh,cabbage,other,19-08-2025,1500,1600,1550
haryana,jhajar,bahadurgarh,potato,other,19-08-2025,1000,1300,1200
haryana,jhajar,bahadurgarh,potato,other,19-08-2025,800,1200,1000
haryana,jhajar,jhajjar,onion,other,19-08-2025,1400,1600,1500
haryana,karnal,indri,potato,other,19-08-2025,1200,1200,1200
haryana,kurukshetra,ladwa,capsicum,capsicum,19-08-2025,2500,4000,3000
haryana,kurukshetra,ladwa,cauliflower,cauliflower,19-08-2025,1300,2000,1500
haryana,kurukshetra,ladwa,onion,onion,19-08-2025,1200,1600,1200
haryana,kurukshetra,ladwa,pineapple,pine apple,19-08-2025,2600,3000,2600
haryana,kurukshetra,ladwa,raddish,raddish,19-08-2025,1000,1000,1000
haryana,kurukshetra,ladwa,tomato,tomato,19-08-2025,3300,4000,3300
haryana,mahendragarh-narnaul,narnaul,cauliflower,cauliflower,19-08-2025,3000,5000,4000
haryana,mahendragarh-narnaul,narnaul,cluster beans,cluster beans,19-08-2025,5000,5000,5000
haryana,mahendragarh-narnaul,narnaul,garlic,garlic,19-08-2025,10000,10000,10000
haryana,mahendragarh-narnaul,narnaul,lemon,lemon,19-08-2025,3500,4000,4000
haryana,mahendragarh-narnaul,narnaul,pomegranate,pomogranate,19-08-2025,6000,12000,12000
haryana,mahendragarh-narnaul,narnaul,tomato,tomato,19-08-2025,4000,5000,5000
haryana,panipat,panipat,bottle gourd,bottle gourd,19-08-2025,700,2000,1350
haryana,panipat,panipat,mango,other,19-08-2025,4000,6000,5000
haryana,panipat,panipat,tomato,other,19-08-2025,2000,6000,4000
haryana,panipat,samalkha,cauliflower,cauliflower,19-08-2025,3000,3000,3000
haryana,panipat,samalkha,cucumbar(kheera),cucumbar,19-08-2025,1800,1800,1800
haryana,panipat,samalkha,garlic,garlic,19-08-2025,9000,9000,9000
haryana,panipat,samalkha,onion,local,19-08-2025,1500,1500,1500
haryana,panipat,samalkha,ridgeguard(tori),other,19-08-2025,1500,1500,1500
haryana,rohtak,meham,cucumbar(kheera),cucumbar,19-08-2025,1600,1600,1600
haryana,rohtak,meham,papaya (raw),other,19-08-2025,2500,2500,2500
haryana,rohtak,rohtak,apple,other,19-08-2025,8000,15000,10000
haryana,sonipat,ganaur,bottle gourd,bottle gourd,19-08-2025,1500,2500,2000
haryana,sonipat,ganaur,green chilli,green chilly,19-08-2025,5000,6000,5500
haryana,sonipat,ganaur,spinach,spinach,19-08-2025,1800,2000,1800
haryana,sonipat,gohana,peas cod,other,19-08-2025,8000,10000,9000
haryana,sonipat,gohana,tomato,tomato,19-08-2025,5000,6000,5500
haryana,sonipat,sonepat,banana,other,19-08-2025,3600,3800,3600
haryana,sonipat,sonepat,cabbage,other,19-08-2025,900,1200,900
haryana,sonipat,sonepat,cauliflower,other,19-08-2025,3200,6500,3200
haryana,sonipat,sonepat,potato,other,19-08-2025,1000,1600,1000
haryana,sonipat,sonepat,pumpkin,other,19-08-2025,700,1800,700
haryana,yamuna nagar,chhachrauli,tomato,tomato,19-08-2025,7000,7000,7000
himachal pradesh,bilaspur,bilaspur,capsicum,other,19-08-2025,5600,7500,6500
himachal pradesh,bilaspur,bilaspur,lemon,other,19-08-2025,6000,8000,7200
himachal pradesh,chamba,chamba,banana,other,19-08-2025,4500,5000,4750
himachal pradesh,chamba,chamba,bhindi(ladies finger),bhindi,19-08-2025,3500,4000,3750
himachal pradesh,chamba,chamba,bottle gourd,other,19-08-2025,2500,3000,2750
himachal pradesh,chamba,chamba,potato,other,19-08-2025,1400,1600,1500
himachal pradesh,kangra,dharamshala,apple,other,19-08-2025,6000,8000,7000
himachal pradesh,kangra,dharamshala,bottle gourd,bottle gourd,19-08-2025,4000,4200,4100
himachal pradesh,kangra,dharamshala,carrot,other,19-08-2025,2500,2800,2650
himachal pradesh,kangra,dharamshala,cauliflower,other,19-08-2025,5500,6500,6000
himachal pradesh,kangra,dharamshala,cucumbar(kheera),other,19-08-2025,2500,3000,2750
himachal pradesh,kangra,kangra,carrot,other,19-08-2025,2500,3000,2700
himachal pradesh,kangra,kangra,cauliflower,other,19-08-2025,5000,6000,5500
himachal pradesh,kangra,kangra,cucumbar(kheera),other,19-08-2025,2500,3500,3000
himachal pradesh,kangra,kangra,garlic,average,19-08-2025,10000,12000,11000
himachal pradesh,kangra,kangra,potato,other,19-08-2025,1200,2200,1500
himachal pradesh,kangra,kangra,sponge gourd,other,19-08-2025,2500,3000,2700
himachal pradesh,kangra,kangra(baijnath),ginger(green),green ginger,19-08-2025,8000,8000,8000
himachal pradesh,kangra,kangra(baijnath),papaya,other,19-08-2025,3800,4000,3900
himachal pradesh,kangra,kangra(jaisinghpur),banana,banana - ripe,19-08-2025,5000,5200,5100
himachal pradesh,kangra,kangra(jaisinghpur),bitter gourd,bitter gourd,19-08-2025,4000,4200,4100
himachal pradesh,kangra,kangra(jaisinghpur),coriander(leaves),coriander,19-08-2025,26000,29000,27500
himachal pradesh,kangra,kangra(jaisinghpur),green chilli,green chilly,19-08-2025,5200,6000,5600
himachal pradesh,kangra,kangra(jaisinghpur),potato,potato,19-08-2025,1800,2800,2400
himachal pradesh,kangra,kangra(jaisinghpur),raddish,raddish,19-08-2025,2000,2200,2100
himachal pradesh,kangra,kangra(jaisinghpur),tomato,tomato,19-08-2025,4800,6000,5500
himachal pradesh,kangra,kangra(nagrota bagwan),bottle gourd,bottle gourd,19-08-2025,2000,4000,3000
himachal pradesh,kangra,kangra(nagrota bagwan),cabbage,cabbage,19-08-2025,2500,3200,2700
himachal pradesh,kangra,kangra(nagrota bagwan),capsicum,capsicum,19-08-2025,7000,7500,7300
himachal pradesh,kangra,kangra(nagrota bagwan),mousambi(sweet lime),mousambi,19-08-2025,4500,5000,4700
himachal pradesh,kangra,kangra(nagrota bagwan),onion,other,19-08-2025,2000,2400,2200
himachal pradesh,kangra,kangra(nagrota bagwan),pomegranate,other,19-08-2025,10000,12000,11000
himachal pradesh,kangra,kangra(nagrota bagwan),pumpkin,other,19-08-2025,1200,2000,1500
himachal pradesh,kangra,palampur,brinjal,brinjal,19-08-2025,3000,3500,3200
himachal pradesh,kangra,palampur,cabbage,cabbage,19-08-2025,3000,3500,3200
himachal pradesh,kangra,palampur,carrot,carrot,19-08-2025,2800,3000,2900
himachal pradesh,kangra,palampur,coriander(leaves),coriander,19-08-2025,25000,28000,26500
himachal pradesh,kangra,palampur,garlic,average,19-08-2025,10000,12000,11000
himachal pradesh,kangra,palampur,guava,other,19-08-2025,6800,7000,6900
himachal pradesh,kangra,palampur,onion,other,19-08-2025,2500,2600,2550
himachal pradesh,kangra,palampur,potato,other,19-08-2025,1500,2700,2200
himachal pradesh,kullu,bhuntar,apple,apple,19-08-2025,1500,6000,4000
himachal pradesh,kullu,kullu(chauri bihal),apple,apple,19-08-2025,1000,5000,4000
himachal pradesh,kullu,kullu(chauri bihal),capsicum,other,19-08-2025,1000,2500,1500
himachal pradesh,kullu,kullu(chauri bihal),tomato,other,19-08-2025,1000,3200,2500
himachal pradesh,mandi,mandi(mandi),bhindi(ladies finger),bhindi,19-08-2025,2800,3500,3000
himachal pradesh,mandi,mandi(mandi),cabbage,cabbage,19-08-2025,1000,1500,1200
himachal pradesh,mandi,mandi(mandi),green chilli,other,19-08-2025,5000,8000,7000
himachal pradesh,mandi,mandi(mandi),pomegranate,pomogranate,19-08-2025,3000,10000,5000
himachal pradesh,mandi,mandi(mandi),pumpkin,pumpkin,19-08-2025,1200,1500,1500
himachal pradesh,sirmore,nahan,banana,other,19-08-2025,3500,4000,3800
himachal pradesh,sirmore,nahan,colacasia,other,19-08-2025,2500,3000,2800
himachal pradesh,sirmore,nahan,coriander(leaves),other,19-08-2025,6000,8000,7000
himachal pradesh,sirmore,nahan,cucumbar(kheera),other,19-08-2025,2000,2600,2300
himachal pradesh,sirmore,nahan,lemon,other,19-08-2025,5000,6000,5500
himachal pradesh,sirmore,nahan,tomato,other,19-08-2025,4000,6000,5000
himachal pradesh,sirmore,paonta sahib,banana,other,19-08-2025,5000,6000,5500
himachal pradesh,sirmore,paonta sahib,bottle gourd,other,19-08-2025,2000,3000,2500
himachal pradesh,sirmore,paonta sahib,carrot,other,19-08-2025,2500,3500,3000
himachal pradesh,sirmore,paonta sahib,lemon,other,19-08-2025,5000,7000,6000
himachal pradesh,sirmore,paonta sahib,raddish,other,19-08-2025,1000,1200,1100
himachal pradesh,solan,waknaghat,cucumbar(kheera),cucumbar,19-08-2025,800,1000,1000
jammu and kashmir,anantnag,kulgam,pear(marasebu),other,19-08-2025,3000,4650,4500
jammu and kashmir,baramulla,nowpora,apple,other,19-08-2025,8000,11000,9500
jammu and kashmir,jammu,narwal jammu (f&v),bottle gourd,bottle gourd,19-08-2025,2600,2800,2700
jammu and kashmir,jammu,narwal jammu (f&v),brinjal,other,19-08-2025,1600,1800,1700
jammu and kashmir,jammu,narwal jammu (f&v),colacasia,colacasia,19-08-2025,2000,2400,2200
jammu and kashmir,jammu,narwal jammu (f&v),cucumbar(kheera),other,19-08-2025,2000,2500,2250
jammu and kashmir,jammu,narwal jammu (f&v),garlic,other,19-08-2025,8000,9000,8500
jammu and kashmir,jammu,narwal jammu (f&v),lotus sticks,lotus sticks,19-08-2025,5500,7500,6500
jammu and kashmir,jammu,narwal jammu (f&v),mousambi(sweet lime),other,19-08-2025,4000,4800,4400
jammu and kashmir,jammu,narwal jammu (f&v),potato,potato,19-08-2025,1200,1600,1400
jammu and kashmir,jammu,narwal jammu (f&v),round gourd,other,19-08-2025,2500,2700,2600
jammu and kashmir,jammu,narwal jammu (f&v),tender coconut,tender coconut,19-08-2025,6500,7000,6750
jammu and kashmir,jammu,narwal jammu (f&v),tomato,other,19-08-2025,4600,5400,5000
jammu and kashmir,kathua,kathua,banana,other,19-08-2025,4000,4500,4250
jammu and kashmir,kathua,kathua,carrot,other,19-08-2025,2500,3000,2750
jammu and kashmir,kathua,kathua,green chilli,other,19-08-2025,4000,4500,4250
jammu and kashmir,kathua,kathua,onion,other,19-08-2025,1400,1500,1450
jammu and kashmir,kathua,kathua,plum,other,19-08-2025,8000,9000,8500
jammu and kashmir,kathua,kathua,spinach,spinach,19-08-2025,3000,3500,3250
jammu and kashmir,rajouri,rajouri (f&v),banana,other,19-08-2025,5800,6000,5900
jammu and kashmir,rajouri,rajouri (f&v),cabbage,other,19-08-2025,3000,3200,3100
jammu and kashmir,rajouri,rajouri (f&v),capsicum,other,19-08-2025,4500,4700,4600
jammu and kashmir,rajouri,rajouri (f&v),carrot,other,19-08-2025,3000,3200,3100
jammu and kashmir,rajouri,rajouri (f&v),knool khol,other,19-08-2025,3500,3700,3600
jammu and kashmir,rajouri,rajouri (f&v),onion,other,19-08-2025,2700,2900,2800
jammu and kashmir,rajouri,rajouri (f&v),papaya,other,19-08-2025,5000,5200,5100
jammu and kashmir,rajouri,rajouri (f&v),potato,other,19-08-2025,1300,1500,1400
jammu and kashmir,srinagar,ganderbal,apple,other,19-08-2025,6000,7000,6500
jammu and kashmir,srinagar,parimpore,bottle gourd,other,19-08-2025,3500,4000,3750
jammu and kashmir,srinagar,parimpore,brinjal,other,19-08-2025,1000,1200,1100
jammu and kashmir,srinagar,parimpore,coriander(leaves),other,19-08-2025,4000,5000,4500
jammu and kashmir,srinagar,parimpore,french beans (frasbean),other,19-08-2025,4500,5000,4500
jammu and kashmir,srinagar,parimpore,green chilli,other,19-08-2025,2500,3000,2750
jammu and kashmir,srinagar,parimpore,mango,chausa,19-08-2025,12000,14000,13000
jammu and kashmir,srinagar,parimpore,onion,nasik,19-08-2025,2400,2500,2450
jammu and kashmir,srinagar,parimpore,papaya,other,19-08-2025,3600,4000,3800
jammu and kashmir,srinagar,parimpore,pear(marasebu),pears,19-08-2025,5500,6500,6000
jammu and kashmir,srinagar,parimpore,pineapple,pine apple,19-08-2025,6500,7000,7000
jammu and kashmir,srinagar,parimpore,potato,other,19-08-2025,800,1000,900
jammu and kashmir,srinagar,parimpore,potato,red,19-08-2025,1400,1500,1450
jammu and kashmir,udhampur,udhampur,bitter gourd,bitter gourd,19-08-2025,2500,3000,2750
jammu and kashmir,udhampur,udhampur,cabbage,other,19-08-2025,2000,2200,2100
jammu and kashmir,udhampur,udhampur,cauliflower,other,19-08-2025,1500,3000,1750
karnataka,bangalore,ramanagara,bitter gourd,bitter gourd,19-08-2025,2800,3500,3200
karnataka,bangalore,ramanagara,bottle gourd,bottle gourd,19-08-2025,1200,1600,1400
karnataka,bangalore,ramanagara,cauliflower,cauliflower,19-08-2025,1500,2200,2000
karnataka,bangalore,ramanagara,chilly capsicum,chilly capsicum,19-08-2025,4800,6400,5500
karnataka,bangalore,ramanagara,cucumbar(kheera),cucumbar,19-08-2025,1000,1400,1200
karnataka,bangalore,ramanagara,green avare (w),green avare (w),19-08-2025,3200,3600,3400
karnataka,bangalore,ramanagara,sweet pumpkin,sweet pumpkin,19-08-2025,1600,2000,1800
karnataka,belgaum,sankeshwar,wheat,other,19-08-2025,2800,2991,2900
karnataka,chamrajnagar,chamaraj nagar,beetroot,beetroot,19-08-2025,1000,1200,1100
karnataka,chamrajnagar,chamaraj nagar,brinjal,round/long,19-08-2025,1200,1800,1500
karnataka,chamrajnagar,chamaraj nagar,carrot,carrot,19-08-2025,1500,3000,2200
karnataka,chamrajnagar,chamaraj nagar,tomato,tomato,19-08-2025,1200,2600,1900
karnataka,davangere,davangere,drumstick,drumstick,19-08-2025,2000,2500,2300
karnataka,davangere,davangere,karbuja(musk melon),karbhuja,19-08-2025,2000,3000,2500
karnataka,davangere,davangere,potato,potato,19-08-2025,2000,2400,2100
karnataka,davangere,davangere,tomato,tomato,19-08-2025,1900,2300,2100
karnataka,shimoga,shimoga,beans,beans (whole),19-08-2025,3000,5000,4000
karnataka,shimoga,shimoga,carrot,carrot,19-08-2025,4800,5000,4900
karnataka,shimoga,shimoga,green chilli,green chilly,19-08-2025,4000,5000,4500
karnataka,shimoga,shimoga,rice,coarse,19-08-2025,2105,3050,3000
kerala,alappuzha,aroor,bitter gourd,other,19-08-2025,6500,6700,6600
kerala,alappuzha,aroor,drumstick,other,19-08-2025,4000,4200,4100
kerala,alappuzha,aroor,french beans (frasbean),other,19-08-2025,7000,7200,7100
kerala,alappuzha,chengannur,amphophalus,other,19-08-2025,4900,5200,5000
kerala,alappuzha,chengannur,cluster beans,cluster beans,19-08-2025,5800,6100,6000
kerala,alappuzha,chengannur,cucumbar(kheera),other,19-08-2025,3900,4200,4000
kerala,alappuzha,chengannur,drumstick,other,19-08-2025,3800,4100,4000
kerala,alappuzha,chengannur,garlic,garlic,19-08-2025,0,0,12000
kerala,alappuzha,chengannur,ginger(green),green ginger,19-08-2025,0,0,7000
kerala,alappuzha,chengannur,lemon,lemon,19-08-2025,0,0,6000
kerala,alappuzha,chengannur,potato,potato,19-08-2025,3300,3600,3400
kerala,alappuzha,cherthala,beetroot,other,19-08-2025,4000,4200,4100
kerala,alappuzha,cherthala,carrot,carrot,19-08-2025,6000,6200,6100
kerala,alappuzha,cherthala,cucumbar(kheera),cucumbar,19-08-2025,3200,3400,3300
kerala,alappuzha,harippad,cowpea(veg),other,19-08-2025,4000,4500,4000
kerala,alappuzha,harippad,cucumbar(kheera),other,19-08-2025,3000,3500,3000
kerala,alappuzha,harippad,green chilli,other,19-08-2025,4000,4500,4000
kerala,alappuzha,harippad,onion,other,19-08-2025,5000,5500,5000
kerala,alappuzha,kayamkulam,banana,nendra bale,19-08-2025,4500,4700,4600
kerala,alappuzha,kayamkulam,bitter gourd,other,19-08-2025,5900,6100,6000
kerala,alappuzha,kayamkulam,french beans (frasbean),other,19-08-2025,5500,5700,5600
kerala,alappuzha,kayamkulam,green chilli,other,19-08-2025,8000,8200,8100
kerala,alappuzha,kayamkulam,onion,big,19-08-2025,1900,2100,2000
kerala,ernakulam,aluva,bhindi(ladies finger),bhindi,19-08-2025,3000,4000,3500
kerala,ernakulam,aluva,cabbage,cabbage,19-08-2025,2000,3000,2500
kerala,ernakulam,aluva,carrot,carrot,19-08-2025,6500,8000,7300
kerala,ernakulam,aluva,cauliflower,other,19-08-2025,2000,4000,3000
kerala,ernakulam,aluva,tomato,tomato,19-08-2025,5000,6000,5500
kerala,ernakulam,ernakulam,amaranthus,amaranthus,19-08-2025,2500,2800,2700
kerala,ernakulam,mazhuvannur vfpck,banana,poovan,19-08-2025,1200,4700,3000
kerala,ernakulam,mazhuvannur vfpck,banana,robusta,19-08-2025,700,3000,1700
kerala,ernakulam,mazhuvannur vfpck,papaya,other,19-08-2025,1000,2400,1300
kerala,ernakulam,north paravur,alsandikai,alsandikai,19-08-2025,5500,6000,5800
kerala,ernakulam,north paravur,amaranthus,amaranthus,19-08-2025,1500,2500,2000
kerala,ernakulam,north paravur,bhindi(ladies finger),bhindi,19-08-2025,3500,4000,3800
kerala,ernakulam,north paravur,cabbage,cabbage,19-08-2025,2200,2800,2400
kerala,ernakulam,north paravur,ginger(green),green ginger,19-08-2025,7500,8000,7800
kerala,ernakulam,north paravur,indian beans (seam),indian beans (seam),19-08-2025,4000,5000,4500
kerala,ernakulam,north paravur,mango (raw-ripe),mango - raw-ripe,19-08-2025,9000,10000,9500
kerala,ernakulam,north paravur,mint(pudina),mint(pudina),19-08-2025,7000,8000,7500
kerala,ernakulam,north paravur,potato,(red nanital),19-08-2025,4000,5000,4500
kerala,ernakulam,perumbavoor,bitter gourd,bitter gourd,19-08-2025,4500,5500,5000
kerala,ernakulam,perumbavoor,brinjal,brinjal,19-08-2025,2400,3400,2700
kerala,ernakulam,perumbavoor,coconut seed,coconut seed,19-08-2025,7500,8500,8000
kerala,ernakulam,perumbavoor,colacasia,other,19-08-2025,5000,6000,5500
kerala,ernakulam,perumbavoor,little gourd (kundru),other,19-08-2025,3800,4800,4200
kerala,ernakulam,perumbavoor,onion,onion,19-08-2025,1500,2500,2000
kerala,ernakulam,piravam,banana - green,other,19-08-2025,5000,6000,5500
kerala,ernakulam,piravam,beetroot,other,19-08-2025,4000,5000,4500
kerala,ernakulam,piravam,bitter gourd,other,19-08-2025,5000,6000,5500
kerala,ernakulam,piravam,cauliflower,other,19-08-2025,4000,5000,4500
kerala,ernakulam,piravam,colacasia,other,19-08-2025,8000,9000,8500
kerala,ernakulam,piravam,coriander(leaves),other,19-08-2025,8000,0,8500
kerala,ernakulam,piravam,cowpea(veg),other,19-08-2025,6000,7000,6500
kerala,ernakulam,piravam,indian beans (seam),other,19-08-2025,6000,7000,6500
kerala,ernakulam,piravam,lemon,other,19-08-2025,7000,8000,7500
kerala,ernakulam,piravam,little gourd (kundru),other,19-08-2025,4500,5500,5000
kerala,ernakulam,piravam,papaya,papaya,19-08-2025,4000,5000,4500
kerala,ernakulam,thrippunithura,cauliflower,cauliflower,19-08-2025,5000,6000,5200
kerala,ernakulam,thrippunithura,cluster beans,cluster beans,19-08-2025,5000,7000,5200
kerala,ernakulam,thrippunithura,green chilli,green chilly,19-08-2025,6500,10000,7000
kerala,ernakulam,thrippunithura,mango (raw-ripe),mango - raw-ripe,19-08-2025,10000,11000,10500
kerala,ernakulam,thrippunithura,pumpkin,pumpkin,19-08-2025,3000,4000,3200
kerala,ernakulam,thuravoor vfpck,banana,nendra bale,19-08-2025,4300,4500,4400
kerala,idukki,adimali,amphophalus,amphophalus,19-08-2025,6000,6000,6000
kerala,idukki,adimali,bitter gourd,bitter gourd,19-08-2025,6000,6000,6000
kerala,idukki,adimali,drumstick,drumstick,19-08-2025,4000,4000,4000
kerala,idukki,adimali,pineapple,pine apple,19-08-2025,6000,6000,6000
kerala,idukki,adimali,pumpkin,pumpkin,19-08-2025,2500,2500,2500
kerala,idukki,kanthaloor vfpck,cabbage,cabbage,19-08-2025,1200,1800,1500
kerala,idukki,thodupuzha,arecanut(betelnut/supari),other,19-08-2025,25800,26000,26000
kerala,idukki,thodupuzha,nutmeg,other,19-08-2025,26800,27000,27000
kerala,idukki,thodupuzha,rubber,other,19-08-2025,16800,17000,17000
kerala,kannur,kannur,cowpea(veg),cowpea (veg),19-08-2025,5000,5400,5200
kerala,kannur,payyannur,banana,other,19-08-2025,4200,4400,4300
kerala,kannur,payyannur,black pepper,other,19-08-2025,63000,65000,64000
kerala,kannur,payyannur,cucumbar(kheera),other,19-08-2025,4300,4500,4400
kerala,kannur,taliparamba,banana,other,19-08-2025,5300,5500,5400
kerala,kannur,taliparamba,tomato,tomato,19-08-2025,3900,4100,4000
kerala,kannur,thalasserry,banana,other,19-08-2025,4800,5200,5000
kerala,kannur,thalasserry,banana,other,19-08-2025,7000,7200,7100
kerala,kannur,thalasserry,bhindi(ladies finger),other,19-08-2025,3600,3800,3700
kerala,kannur,thalasserry,black pepper,other,19-08-2025,64300,65000,64500
kerala,kasargod,kasargod,banana,nendra bale,19-08-2025,4800,5000,4900
kerala,kasargod,kasargod,copra,other,19-08-2025,21000,21209,21100
kerala,kollam,anchal,bottle gourd,other,19-08-2025,1800,2000,1900
kerala,kollam,anchal,elephant yam (suran),elephant yam (suran),19-08-2025,4000,4200,4100
kerala,kollam,anchal,tapioca,other,19-08-2025,2500,2700,2600
kerala,kollam,kottarakkara,brinjal,other,19-08-2025,5000,6000,5500
kerala,kollam,kottarakkara,carrot,other,19-08-2025,7000,7700,7500
kerala,kollam,kottarakkara,cucumbar(kheera),other,19-08-2025,5000,5500,5200
kerala,kollam,kottarakkara,pumpkin,other,19-08-2025,2400,3400,3000
kerala,kollam,kottarakkara,tapioca,other,19-08-2025,4000,4500,4200
kerala,kottayam,athirampuzha,banana,banana - ripe,19-08-2025,4000,4200,4100
kerala,kottayam,athirampuzha,banana,poovan,19-08-2025,7800,8000,7900
kerala,kottayam,athirampuzha,cowpea(veg),cowpea (veg),19-08-2025,5500,5700,5600
kerala,kottayam,athirampuzha,drumstick,drumstick,19-08-2025,2500,2700,2600
kerala,kottayam,athirampuzha,french beans (frasbean),french beans (frasbean),19-08-2025,5500,5700,5600
kerala,kottayam,athirampuzha,pineapple,other,19-08-2025,3400,3600,3500
kerala,kottayam,athirampuzha,pumpkin,pumpkin,19-08-2025,2400,2600,2500
kerala,kottayam,athirampuzha,tomato,tomato,19-08-2025,5200,5400,5300
kerala,kottayam,kattampak  vfpck,pumpkin,pumpkin,19-08-2025,1400,1600,1500
kerala,kottayam,kuruppanthura,cabbage,cabbage,19-08-2025,3800,4000,4000
kerala,kottayam,kuruppanthura,coconut,medium,19-08-2025,7600,8000,8000
kerala,kottayam,kuruppanthura,cowpea(veg),cowpea (veg),19-08-2025,6600,7000,7000
kerala,kottayam,kuruppanthura,green chilli,green chilly,19-08-2025,6400,8000,7000
kerala,kottayam,kuruppanthura,pineapple,pine apple,19-08-2025,3500,4000,4000
kerala,kottayam,kuruppanthura,pumpkin,pumpkin,19-08-2025,3200,3200,3200
kerala,kottayam,pala,banana - green,banana - green,19-08-2025,3400,4400,4000
kerala,kottayam,pala,bhindi(ladies finger),bhindi,19-08-2025,4200,6000,5200
kerala,kottayam,pala,carrot,carrot,19-08-2025,6800,8000,7400
kerala,kottayam,pala,cowpea(veg),cowpea (veg),19-08-2025,6700,8000,7400
kerala,kottayam,pala,cucumbar(kheera),cucumbar,19-08-2025,5000,7000,6000
kerala,kottayam,pala,onion,big,19-08-2025,2500,3400,3000
kerala,kottayam,pampady,bitter gourd,bitter gourd,19-08-2025,5200,6600,5500
kerala,kottayam,pampady,brinjal,brinjal,19-08-2025,5100,6600,6000
kerala,kottayam,pampady,coconut,coconut,19-08-2025,6400,7400,7000
kerala,kottayam,pampady,little gourd (kundru),other,19-08-2025,4200,5500,5000
kerala,kottayam,pampady,snakeguard,other,19-08-2025,4500,6000,5500
kerala,kottayam,thalayolaparambu,banana - green,banana - green,19-08-2025,3600,4000,3800
kerala,kottayam,thalayolaparambu,brinjal,brinjal,19-08-2025,4000,4400,4200
kerala,kottayam,thalayolaparambu,cucumbar(kheera),cucumbar,19-08-2025,4000,4300,4100
kerala,kottayam,thalayolaparambu,snakeguard,snakeguard,19-08-2025,3900,4200,4000
kerala,kottayam,thalayolaparambu,tapioca,tapioca,19-08-2025,2500,2800,2600
kerala,kozhikode(calicut),kallachi,amaranthus,amaranthus,19-08-2025,3300,3700,3500
kerala,kozhikode(calicut),kallachi,amphophalus,amphophalus,19-08-2025,5800,6200,6000
kerala,kozhikode(calicut),kallachi,banana,rasakathai,19-08-2025,5300,5700,5500
kerala,kozhikode(calicut),kallachi,brinjal,brinjal,19-08-2025,3400,3800,3600
kerala,kozhikode(calicut),kallachi,carrot,carrot,19-08-2025,7300,7700,7500
kerala,kozhikode(calicut),kallachi,onion,other,19-08-2025,2200,2600,2400
kerala,kozhikode(calicut),mukkom,bhindi(ladies finger),bhindi,19-08-2025,4500,4800,4600
kerala,kozhikode(calicut),mukkom,bitter gourd,bitter gourd,19-08-2025,4800,5200,5000
kerala,kozhikode(calicut),mukkom,cucumbar(kheera),cucumbar,19-08-2025,3800,4200,4000
kerala,kozhikode(calicut),mukkom,potato,other,19-08-2025,2500,2800,2600
kerala,kozhikode(calicut),palayam,ashgourd,other,19-08-2025,1800,2000,1800
kerala,kozhikode(calicut),palayam,bhindi(ladies finger),other,19-08-2025,3200,3200,3200
kerala,kozhikode(calicut),palayam,brinjal,other,19-08-2025,2600,2600,2600
kerala,kozhikode(calicut),palayam,tomato,other,19-08-2025,3214,3214,3214
kerala,kozhikode(calicut),perambra,ashgourd,other,19-08-2025,2500,3000,3000
kerala,kozhikode(calicut),perambra,beetroot,other,19-08-2025,3000,3500,3200
kerala,kozhikode(calicut),perambra,brinjal,other,19-08-2025,3300,4000,4000
kerala,kozhikode(calicut),perambra,cabbage,other,19-08-2025,2500,3000,2500
kerala,kozhikode(calicut),perambra,capsicum,capsicum,19-08-2025,7000,7000,7000
kerala,kozhikode(calicut),perambra,cluster beans,other,19-08-2025,5000,6000,5500
kerala,kozhikode(calicut),perambra,pumpkin,other,19-08-2025,2500,3000,2700
kerala,kozhikode(calicut),quilandy,banana - green,other,19-08-2025,4400,4500,4500
kerala,kozhikode(calicut),quilandy,beetroot,other,19-08-2025,3000,3300,3200
kerala,kozhikode(calicut),quilandy,bhindi(ladies finger),other,19-08-2025,3800,4100,4000
kerala,kozhikode(calicut),quilandy,coriander(leaves),other,19-08-2025,5800,6000,6000
kerala,kozhikode(calicut),quilandy,green chilli,other,19-08-2025,6000,6800,6300
kerala,kozhikode(calicut),thamarassery,cucumbar(kheera),other,19-08-2025,3600,4500,3800
kerala,kozhikode(calicut),thamarassery,french beans (frasbean),other,19-08-2025,4500,5500,4800
kerala,kozhikode(calicut),thamarassery,ginger(green),other,19-08-2025,5800,7500,6500
kerala,kozhikode(calicut),thamarassery,onion,other,19-08-2025,2200,2700,2400
kerala,kozhikode(calicut),thamarassery,potato,other,19-08-2025,2400,3000,2600
kerala,kozhikode(calicut),thamarassery,pumpkin,other,19-08-2025,2100,2900,2400
kerala,kozhikode(calicut),vengeri(kozhikode),bitter gourd,bitter gourd,19-08-2025,3500,3800,3800
kerala,kozhikode(calicut),vengeri(kozhikode),snakeguard,snakeguard,19-08-2025,3500,3800,3800
kerala,malappuram,kottakkal,apple,other,19-08-2025,13300,13500,13400
kerala,malappuram,kottakkal,ashgourd,other,19-08-2025,2200,2400,2300
kerala,malappuram,kottakkal,carrot,other,19-08-2025,6600,6800,6700
kerala,malappuram,kottakkal,cauliflower,other,19-08-2025,2000,2200,2100
kerala,malappuram,kottakkal,custard apple (sharifa),custard apple(sharifa),19-08-2025,3800,4000,3900
kerala,malappuram,kottakkal,papaya (raw),other,19-08-2025,2200,2400,2300
kerala,malappuram,kottakkal,sweet potato,hosur green,19-08-2025,2600,2800,2700
kerala,palakad,elevancheri vfpck,snakeguard,snakeguard,19-08-2025,2000,2300,2200
kerala,palakad,koduvayoor,banana,nendra bale,19-08-2025,4200,4600,4400
kerala,palakad,koduvayoor,banana,palayamthodan,19-08-2025,2700,3100,2900
kerala,palakad,koduvayoor,brinjal,other,19-08-2025,3500,3900,3700
kerala,palakad,koduvayoor,carrot,other,19-08-2025,3400,3800,3600
kerala,palakad,koduvayoor,cauliflower,other,19-08-2025,3600,4000,3800
kerala,palakad,koduvayoor,cluster beans,other,19-08-2025,2800,3200,3000
kerala,palakad,koduvayoor,cowpea(veg),other,19-08-2025,4000,4400,4200
kerala,palakad,koduvayoor,green chilli,other,19-08-2025,4500,4900,4700
kerala,palakad,koduvayoor,potato,other,19-08-2025,2800,3200,3000
kerala,palakad,palakkad,banana,nendra bale,19-08-2025,3500,4500,4100
kerala,palakad,palakkad,banana,palayamthodan,19-08-2025,3000,4000,3600
kerala,palakad,palakkad,bitter gourd,bitter gourd,19-08-2025,4000,5000,4600
kerala,palakad,palakkad,green chilli,green chilly,19-08-2025,6000,7000,6600
kerala,palakad,palakkad,potato,potato,19-08-2025,3000,4000,3600
kerala,pathanamthitta,erath  vfpck,snakeguard,other,19-08-2025,3800,4100,3900
kerala,pathanamthitta,kuttoor,cowpea(veg),cowpea (veg),19-08-2025,7600,8000,7800
kerala,thirssur,annamanada  vfpck,banana,robusta,19-08-2025,1000,2600,2000
kerala,thirssur,chavakkad,banana,palayamthodan,19-08-2025,3000,4000,4000
kerala,thirssur,chavakkad,brinjal,other,19-08-2025,3000,4000,4000
kerala,thirssur,chavakkad,cabbage,other,19-08-2025,2000,3000,3000
kerala,thirssur,chavakkad,garlic,other,19-08-2025,10000,12000,12000
kerala,thirssur,chavakkad,onion,other,19-08-2025,2200,3000,2800
kerala,thirssur,chelakkara,banana - green,other,19-08-2025,5500,6000,5800
kerala,thirssur,chelakkara,cowpea(veg),other,19-08-2025,5000,5500,5200
kerala,thirssur,chelakkara,elephant yam (suran),other,19-08-2025,7400,7800,7500
kerala,thirssur,chelakkara,mango (raw-ripe),other,19-08-2025,6000,6500,6200
kerala,thirssur,chelakkara,potato,other,19-08-2025,3800,4000,3900
kerala,thirssur,kodungalloor,banana - green,other,19-08-2025,3800,4500,4000
kerala,thiruvananthapuram,pappanchani vfpck,amranthas red,chawli lal,19-08-2025,48,50,49
kerala,thiruvananthapuram,pappanchani vfpck,cowpea(veg),bean barbati,19-08-2025,78,80,79
kerala,wayanad,manathavady,ashgourd,ashgourd,19-08-2025,1000,1100,1100
kerala,wayanad,manathavady,bitter gourd,bitter gourd,19-08-2025,2600,2700,2700
kerala,wayanad,manathavady,black pepper,ungrabled,19-08-2025,66000,66000,66000
kerala,wayanad,manathavady,ginger(green),green ginger,19-08-2025,4000,4100,4100
kerala,wayanad,manathavady,pumpkin,pumpkin,19-08-2025,900,1000,1000
kerala,wayanad,pulpally,amaranthus,other,19-08-2025,2500,2700,2600
kerala,wayanad,pulpally,paddy(dhan)(common),other,19-08-2025,2340,2360,2350
kerala,wayanad,pulpally,pepper ungarbled,other,19-08-2025,64600,64800,64700
madhya pradesh,ashoknagar,ashoknagar,wheat,sharbati,19-08-2025,2660,3290,3290
madhya pradesh,badwani,badwani(f&v),bhindi(ladies finger),bhindi,19-08-2025,1200,1200,1200
madhya pradesh,badwani,badwani(f&v),bitter gourd,bitter gourd,19-08-2025,1100,1100,1100
madhya pradesh,badwani,badwani(f&v),bottle gourd,bottle gourd,19-08-2025,800,800,800
madhya pradesh,badwani,sendhwa(f&v),onion,red,19-08-2025,400,900,700
madhya pradesh,badwani,sendhwa(f&v),sponge gourd,sponge gourd,19-08-2025,800,1200,900
madhya pradesh,balaghat,balaghat,wheat,wheat-organic,19-08-2025,2250,2250,2250
madhya pradesh,bhopal,berasia,soyabean,soyabeen,19-08-2025,3665,4505,4465
madhya pradesh,bhopal,berasia,wheat,mill quality,19-08-2025,2320,2673,2575
madhya pradesh,bhopal,berasia,wheat,wheat,19-08-2025,2101,2879,2580
madhya pradesh,bhopal,bhopal,onion,onion,19-08-2025,981,1551,1500
madhya pradesh,chhatarpur,lavkush nagar(laundi),mustard,mustard,19-08-2025,6300,6310,6305
madhya pradesh,chhatarpur,lavkush nagar(laundi),wheat,mill quality,19-08-2025,2485,2515,2500
madhya pradesh,chhatarpur,naugaon,wheat,wheat,19-08-2025,2500,2550,2550
madhya pradesh,chhatarpur,naugaon,wheat,wheat,19-08-2025,2515,2540,2540
madhya pradesh,damoh,damoh,green peas,organic,19-08-2025,3210,3210,3210
madhya pradesh,damoh,javera,wheat,wheat,19-08-2025,2500,2560,2560
madhya pradesh,datia,datia,wheat,wheat,19-08-2025,2580,2585,2585
madhya pradesh,dhar,badnawar,onion,onion,19-08-2025,450,1205,700
madhya pradesh,dhar,dhamnod,kabuli chana(chickpeas-white),dollar gram,19-08-2025,8455,9550,9550
madhya pradesh,dhar,gandhwani,wheat,wheat,19-08-2025,2640,2780,2760
madhya pradesh,dhar,manawar,bengal gram(gram)(whole),gram,19-08-2025,5800,5800,5800
madhya pradesh,dhar,manawar(f&v),coriander(leaves),coriander,19-08-2025,1086,1286,1186
madhya pradesh,dhar,manawar(f&v),spinach,spinach,19-08-2025,1200,1400,1300
madhya pradesh,dhar,manawar(f&v),tomato,tomato,19-08-2025,2000,2200,2100
madhya pradesh,guna,aron,wheat,wheat,19-08-2025,2630,2718,2718
madhya pradesh,guna,binaganj,soyabean,soyabeen,19-08-2025,4390,4390,4390
madhya pradesh,guna,guna,bengal gram(gram)(whole),gram,19-08-2025,5705,5885,5885
madhya pradesh,harda,harda,arhar (tur/red gram)(whole),arhar dal(tur),19-08-2025,3850,3850,3850
madhya pradesh,harda,harda,bengal gram(gram)(whole),desi (f.a.q. split),19-08-2025,3500,5790,5790
madhya pradesh,harda,harda,soyabean,yellow,19-08-2025,3000,4590,4180
madhya pradesh,harda,khirakiya,bengal gram(gram)(whole),desi (f.a.q. split),19-08-2025,4000,4000,4000
madhya pradesh,harda,sirali(f&v),spinach,spinach,19-08-2025,1000,1000,1000
madhya pradesh,hoshangabad,itarsi,bengal gram(gram)(whole),gram,19-08-2025,3334,5526,5526
madhya pradesh,hoshangabad,semriharchand,wheat,mill quality,19-08-2025,2601,2603,2603
madhya pradesh,indore,indore,black gram (urd beans)(whole),urda/urd,19-08-2025,7450,7450,7450
madhya pradesh,indore,indore,garlic,garlic,19-08-2025,2700,4640,4640
madhya pradesh,jabalpur,paatan,black gram (urd beans)(whole),urda/urd,19-08-2025,6630,7175,7175
madhya pradesh,jabalpur,paatan,wheat,wheat,19-08-2025,2625,2635,2635
madhya pradesh,jabalpur,sehora,black gram (urd beans)(whole),urda/urd,19-08-2025,6570,6765,6765
madhya pradesh,jhabua,petlawad,wheat,lokwan,19-08-2025,2450,2460,2455
madhya pradesh,katni,katni,wheat,mill quality,19-08-2025,2400,2600,2540
madhya pradesh,katni,katni,wheat,wheat,19-08-2025,2400,2400,2400
madhya pradesh,khandwa,harsood,soyabean,yellow,19-08-2025,3935,4009,4009
madhya pradesh,khandwa,harsood,wheat,wheat,19-08-2025,2654,2661,2661
madhya pradesh,khandwa,khandwa,soyabean,soyabeen,19-08-2025,4300,4400,4400
madhya pradesh,khandwa,khandwa,soyabean,yellow,19-08-2025,4296,4517,4517
madhya pradesh,khandwa,khandwa,wheat,wheat,19-08-2025,2600,2700,2700
madhya pradesh,khandwa,sanawad(f&v),cauliflower,african sarson,19-08-2025,2000,2000,2000
madhya pradesh,khandwa,sanawad(f&v),green chilli,green chilly,19-08-2025,4000,5000,4500
madhya pradesh,khandwa,sanawad(f&v),pumpkin,other,19-08-2025,800,1000,900
madhya pradesh,khargone,khargone,kabuli chana(chickpeas-white),dollar gram,19-08-2025,8405,8405,8405
madhya pradesh,mandla,mandla,kodo millet(varagu),kondo,19-08-2025,2300,2310,2310
madhya pradesh,mandsaur,daloda,wheat,wheat,19-08-2025,2750,2780,2780
madhya pradesh,mandsaur,mandsaur,bengal gram(gram)(whole),gram,19-08-2025,5653,5901,5901
madhya pradesh,mandsaur,shamgarh,onion,other,19-08-2025,700,761,761
madhya pradesh,mandsaur,shamgarh,"sesamum(sesame,gingelly,til)",sesame,19-08-2025,5400,9211,8000
madhya pradesh,mandsaur,shamgarh,soyabean,soyabeen,19-08-2025,3000,4600,4600
madhya pradesh,mandsaur,shamgarh,wheat,mill quality,19-08-2025,2574,2661,2661
madhya pradesh,morena,kailaras,wheat,wheat,19-08-2025,2592,2598,2598
madhya pradesh,morena,sabalgarh,mustard,mustard,19-08-2025,6925,6985,6985
madhya pradesh,morena,sabalgarh(f&v),bhindi(ladies finger),bhindi,19-08-2025,1000,1000,1000
madhya pradesh,narsinghpur,gadarwada,paddy(dhan)(common),puspa (mr 301),19-08-2025,3440,3500,3500
madhya pradesh,narsinghpur,narsinghpur,bengal gram(gram)(whole),desi (f.a.q. split),19-08-2025,5412,5775,5775
madhya pradesh,narsinghpur,narsinghpur,green gram (moong)(whole),green (whole),19-08-2025,6275,7531,7531
madhya pradesh,neemuch,manasa,soyabean,soyabeen,19-08-2025,4396,4658,4658
madhya pradesh,neemuch,neemuch,barley (jau),barley,19-08-2025,2386,2386,2386
madhya pradesh,raisen,bareli,green gram (moong)(whole),green (whole),19-08-2025,6420,6500,6500
madhya pradesh,raisen,obedullaganj,paddy(dhan)(common),basumathi,19-08-2025,3825,3965,3895
madhya pradesh,raisen,silvani,wheat,wheat,19-08-2025,2611,2611,2611
madhya pradesh,rajgarh,biaora,onion,onion,19-08-2025,600,1500,1500
madhya pradesh,rajgarh,khujner,soyabean,soyabeen,19-08-2025,3985,4560,4560
madhya pradesh,rajgarh,khujner,wheat,wheat,19-08-2025,2570,2634,2634
madhya pradesh,rajgarh,pachaur,lentil (masur)(whole),masur dal,19-08-2025,6305,6305,6305
madhya pradesh,ratlam,jaora,bengal gram(gram)(whole),gram,19-08-2025,5760,5991,5991
madhya pradesh,ratlam,jaora,garlic,garlic,19-08-2025,2653,8000,8000
madhya pradesh,ratlam,jawra(f&v),bottle gourd,bottle gourd,19-08-2025,1000,1800,1400
madhya pradesh,ratlam,jawra(f&v),ginger(green),green ginger,19-08-2025,2000,4000,2600
madhya pradesh,ratlam,jawra(f&v),ridgeguard(tori),ridgeguard(tori),19-08-2025,1500,3000,2100
madhya pradesh,ratlam,ratlam,garlic,garlic,19-08-2025,3352,7000,7000
madhya pradesh,ratlam,sailana,methi seeds,methiseeds,19-08-2025,4611,4611,4611
madhya pradesh,sagar,khurai,green peas,pea,19-08-2025,3000,3125,3010
madhya pradesh,sagar,khurai(f&v),tomato,deshi,19-08-2025,2400,3000,2700
madhya pradesh,sagar,sagar,soyabean,soyabeen,19-08-2025,4280,4625,4400
madhya pradesh,satna,amarpatan,wheat,mill quality,19-08-2025,2555,2570,2570
madhya pradesh,satna,nagod,arhar (tur/red gram)(whole),arhar dal(tur),19-08-2025,5500,5600,5600
madhya pradesh,satna,satna,wheat,wheat,19-08-2025,2500,2545,2500
madhya pradesh,sehore,rehati,paddy(dhan)(common),paddy,19-08-2025,1685,1731,1731
madhya pradesh,sehore,sehore,soyabean,yellow,19-08-2025,3670,4700,4700
madhya pradesh,sehore,sehore,wheat,wheat,19-08-2025,2651,2765,2765
madhya pradesh,seoni,ghansour,wheat,mill quality,19-08-2025,2400,2400,2400
madhya pradesh,seoni,keolari,wheat,mill quality,19-08-2025,2415,2425,2425
madhya pradesh,seoni,palari,maize,local,19-08-2025,2200,2200,2200
madhya pradesh,seoni,seoni,wheat,wheat,19-08-2025,2700,2700,2700
madhya pradesh,shajapur,agar,bengal gram(gram)(whole),gram,19-08-2025,5701,5750,5750
madhya pradesh,shajapur,agar,soyabean,soyabeen,19-08-2025,2053,4717,4540
madhya pradesh,shajapur,agar,wheat,wheat,19-08-2025,2584,2780,2599
madhya pradesh,shajapur,kalapipal,soyabean,yellow,19-08-2025,2500,4646,4600
madhya pradesh,shajapur,shajapur,wheat,wheat,19-08-2025,2571,2693,2693
madhya pradesh,shajapur,shujalpur,bengal gram(gram)(whole),gram,19-08-2025,3400,3400,3400
madhya pradesh,shajapur,shujalpur,garlic,desi,19-08-2025,2450,5600,3500
madhya pradesh,shajapur,soyatkalan,onion,onion,19-08-2025,650,1595,1000
madhya pradesh,shivpuri,badarwas,soyabean,soyabeen,19-08-2025,4495,4495,4495
madhya pradesh,shivpuri,kolaras,mustard,mustard,19-08-2025,6765,7100,7060
madhya pradesh,sidhi,sidhi,wheat,mill quality,19-08-2025,2445,2475,2475
madhya pradesh,tikamgarh,khargapur,mustard,mustard,19-08-2025,6100,6300,6140
madhya pradesh,ujjain,badnagar,kabuli chana(chickpeas-white),dollar gram,19-08-2025,5400,5909,5909
madhya pradesh,ujjain,mahidpur,wheat,wheat,19-08-2025,2652,2751,2751
madhya pradesh,ujjain,nagda,soyabean,soyabeen,19-08-2025,4605,4610,4610
madhya pradesh,ujjain,nagda,soyabean,yellow,19-08-2025,4575,4575,4575
madhya pradesh,ujjain,tarana,soyabean,soyabeen,19-08-2025,4011,4711,4711
madhya pradesh,ujjain,ujjain,potato,potato,19-08-2025,922,1254,1254
madhya pradesh,umariya,umariya,bengal gram(gram)(whole),gram,19-08-2025,4810,4810,4810
madhya pradesh,vidisha,ganjbasoda,black gram (urd beans)(whole),urda/urd,19-08-2025,4000,5000,5000
madhya pradesh,vidisha,ganjbasoda,wheat,local,19-08-2025,2568,2568,2568
madhya pradesh,vidisha,ganjbasoda,wheat,malwa shakti,19-08-2025,2568,2568,2568
madhya pradesh,vidisha,ganjbasoda,wheat,sujata,19-08-2025,2557,2913,2913
madhya pradesh,vidisha,vidisha,bengal gram(gram)(whole),gram,19-08-2025,5150,5741,5741
madhya pradesh,vidisha,vidisha,soyabean,soyabeen,19-08-2025,4200,4645,4645
madhya pradesh,vidisha,vidisha,wheat,wheat,19-08-2025,2673,2800,2800
maharashtra,ahmednagar,rahata,beans,other,19-08-2025,4000,5000,4500
maharashtra,ahmednagar,rahata,brinjal,other,19-08-2025,500,1500,1000
maharashtra,ahmednagar,rahata,garlic,other,19-08-2025,4000,6000,5000
maharashtra,ahmednagar,rahata,spinach,other,19-08-2025,5,10,8
maharashtra,ahmednagar,rahuri,tomato,other,19-08-2025,1500,2500,2000
maharashtra,amarawati,amarawati,bengal gram(gram)(whole),other,19-08-2025,5700,5900,5800
maharashtra,chandrapur,chandrapur(ganjwad),bitter gourd,other,19-08-2025,2000,4000,3000
maharashtra,chattrapati sambhajinagar,chattrapati sambhajinagar,bhindi(ladies finger),other,19-08-2025,1500,2000,1750
maharashtra,chattrapati sambhajinagar,chattrapati sambhajinagar,bitter gourd,other,19-08-2025,1600,1800,1700
maharashtra,chattrapati sambhajinagar,chattrapati sambhajinagar,coriander(leaves),other,19-08-2025,700,1200,950
maharashtra,chattrapati sambhajinagar,chattrapati sambhajinagar,drumstick,other,19-08-2025,700,1200,950
maharashtra,chattrapati sambhajinagar,chattrapati sambhajinagar,guar,other,19-08-2025,1300,2500,1900
maharashtra,chattrapati sambhajinagar,chattrapati sambhajinagar,methi(leaves),other,19-08-2025,800,1000,900
maharashtra,chattrapati sambhajinagar,chattrapati sambhajinagar,onion,other,19-08-2025,300,1600,950
maharashtra,dharashiv(usmanabad),murum,wheat,bansi,19-08-2025,2501,2501,2501
maharashtra,dharashiv(usmanabad),tuljapur,black gram (urd beans)(whole),other,19-08-2025,6500,7000,6850
maharashtra,dharashiv(usmanabad),umarga,arhar (tur/red gram)(whole),other,19-08-2025,6100,6100,6100
maharashtra,jalgaon,bhusaval,brinjal,other,19-08-2025,1500,2500,2000
maharashtra,jalgaon,bhusaval,cabbage,other,19-08-2025,800,1200,1000
maharashtra,jalgaon,bhusaval,potato,other,19-08-2025,1400,2000,1700
maharashtra,kolhapur,kolhapur,tomato,other,19-08-2025,1000,3600,2300
maharashtra,mumbai,mumbai,arecanut(betelnut/supari),other,19-08-2025,35000,75000,55000
maharashtra,mumbai,mumbai,arhar dal(tur dal),other,19-08-2025,8400,12000,10700
maharashtra,mumbai,mumbai,beetroot,other,19-08-2025,1600,2400,2000
maharashtra,mumbai,mumbai,bitter gourd,other,19-08-2025,1800,2400,2100
maharashtra,mumbai,mumbai,black gram (urd beans)(whole),other,19-08-2025,7850,8900,8600
maharashtra,mumbai,mumbai,black pepper,other,19-08-2025,65000,90000,77500
maharashtra,mumbai,mumbai,brinjal,other,19-08-2025,800,2000,1400
maharashtra,mumbai,mumbai,chili red,other,19-08-2025,14100,28100,21100
maharashtra,mumbai,mumbai,coriander(leaves),other,19-08-2025,1000,1500,1250
maharashtra,mumbai,mumbai,drumstick,other,19-08-2025,2000,2800,2400
maharashtra,mumbai,mumbai,ginger(green),other,19-08-2025,4000,8000,6000
maharashtra,mumbai,mumbai,ground nut seed,other,19-08-2025,8000,13000,10800
maharashtra,mumbai,mumbai,mint(pudina),other,19-08-2025,400,500,450
maharashtra,mumbai,mumbai,soanf,other,19-08-2025,10000,35000,22500
maharashtra,mumbai,mumbai,sweet potato,other,19-08-2025,3000,4000,3500
maharashtra,mumbai,mumbai,tomato,other,19-08-2025,3000,4000,3500
maharashtra,mumbai,mumbai- fruit market,apple,other,19-08-2025,8000,12000,10000
maharashtra,mumbai,mumbai- fruit market,chikoos(sapota),other,19-08-2025,4000,5000,4500
maharashtra,mumbai,mumbai- fruit market,guava,other,19-08-2025,2500,6000,4250
maharashtra,nagpur,kalmeshwar,bhindi(ladies finger),other,19-08-2025,615,1000,825
maharashtra,nagpur,kalmeshwar,coriander(leaves),other,19-08-2025,4535,5000,4835
maharashtra,nagpur,kalmeshwar,green chilli,other,19-08-2025,5530,6000,5850
maharashtra,nagpur,kalmeshwar,spinach,other,19-08-2025,1020,1500,1340
maharashtra,nanded,mudkhed,jowar(sorghum),other,19-08-2025,2050,2050,2050
maharashtra,nashik,kalvan,maize,other,19-08-2025,2200,2200,2200
maharashtra,nashik,lasalgaon(vinchur),onion,other,19-08-2025,600,1752,1580
maharashtra,nashik,pimpalgaon,pomegranate,other,19-08-2025,250,11750,8700
maharashtra,nashik,pimpalgaon baswant(saykheda),onion,other,19-08-2025,800,1617,1400
maharashtra,pune,khed,cauliflower,other,19-08-2025,800,1500,1100
maharashtra,pune,khed(chakan),bhindi(ladies finger),other,19-08-2025,2000,3000,2500
maharashtra,pune,khed(chakan),cauliflower,other,19-08-2025,1500,2000,1750
maharashtra,pune,khed(chakan),guar,other,19-08-2025,3000,5000,4000
maharashtra,pune,khed(chakan),tomato,other,19-08-2025,2000,3500,2500
maharashtra,pune,pune,ragi (finger millet),other,19-08-2025,5000,5600,5300
maharashtra,pune,pune,wheat,sharbati,19-08-2025,4500,5000,4750
maharashtra,pune,pune(moshi),guar,other,19-08-2025,6000,7000,6500
maharashtra,pune,pune(moshi),little gourd (kundru),other,19-08-2025,3000,3000,3000
maharashtra,pune,pune(moshi),methi(leaves),other,19-08-2025,5,8,7
maharashtra,pune,pune(moshi),papaya,other,19-08-2025,3000,3000,3000
maharashtra,pune,pune(moshi),raddish,other,19-08-2025,15,15,15
maharashtra,pune,pune(moshi),ridgeguard(tori),other,19-08-2025,2000,3000,2500
maharashtra,pune,pune(moshi),seetapal,other,19-08-2025,5000,5000,5000
maharashtra,pune,pune(pimpri),beans,other,19-08-2025,1500,2500,2000
maharashtra,raigad,mangaon,rice,other,19-08-2025,1900,4800,3800
maharashtra,raigad,panvel,carrot,other,19-08-2025,4000,5000,4500
maharashtra,raigad,panvel,tomato,other,19-08-2025,4000,5000,4500
maharashtra,ratnagiri,ratnagiri (nachane),carrot,other,19-08-2025,4000,4500,4200
maharashtra,ratnagiri,ratnagiri (nachane),cucumbar(kheera),other,19-08-2025,2500,3000,2600
maharashtra,ratnagiri,ratnagiri (nachane),ginger(green),other,19-08-2025,6000,6500,6200
maharashtra,ratnagiri,ratnagiri (nachane),guar,other,19-08-2025,5000,5500,5200
maharashtra,sangli,sangli,green gram (moong)(whole),other,19-08-2025,8770,9600,9185
maharashtra,sangli,sangli,jowar(sorghum),other,19-08-2025,3699,3850,3775
maharashtra,sangli,sangli,jowar(sorghum),other,19-08-2025,3749,4800,4275
maharashtra,sangli,sangli,lentil (masur)(whole),other,19-08-2025,7000,7500,7250
maharashtra,sangli,"sangli(phale, bhajipura market)",pineapple,other,19-08-2025,1500,3500,2500
maharashtra,sangli,"sangli(phale, bhajipura market)",seetapal,other,19-08-2025,2000,4000,3000
maharashtra,sangli,vita,green chilli,other,19-08-2025,4000,5000,4500
maharashtra,satara,karad,bitter gourd,other,19-08-2025,2000,2500,2500
maharashtra,satara,karad,guar,other,19-08-2025,3000,3500,3500
maharashtra,satara,karad,peas wet,other,19-08-2025,4000,6000,6000
maharashtra,satara,satara,ginger(green),other,19-08-2025,2000,3500,2750
maharashtra,satara,satara,peas wet,other,19-08-2025,6000,7000,6500
maharashtra,satara,vai,bottle gourd,other,19-08-2025,1800,2500,2150
maharashtra,satara,vai,cabbage,other,19-08-2025,700,800,750
maharashtra,satara,vai,cucumbar(kheera),other,19-08-2025,1500,2000,1750
maharashtra,sholapur,solapur,green gram (moong)(whole),green (whole),19-08-2025,8840,8840,8840
maharashtra,sholapur,solapur,guava,other,19-08-2025,500,1600,800
maharashtra,sholapur,solapur,onion,red,19-08-2025,100,2200,1100
nagaland,dimapur,dimapur,bitter gourd,other,19-08-2025,4500,5500,5000
nagaland,dimapur,dimapur,green chilli,other,19-08-2025,9000,11000,10000
nagaland,kohima,kohima,ginger(green),green ginger,19-08-2025,18000,18200,18100
nct of delhi,delhi,"flower market,gazipur",lilly,other,19-08-2025,20,40,30
nct of delhi,delhi,"flower market,gazipur",marigold(loose),other,19-08-2025,80,120,100
nct of delhi,delhi,"flower market,gazipur",orchid,other,19-08-2025,25,31,28
odisha,bargarh,bargarh,bhindi(ladies finger),other,19-08-2025,2800,3000,2900
odisha,bargarh,bargarh,onion,other,19-08-2025,2300,2500,2400
odisha,bargarh,bargarh(barapalli),onion,other,19-08-2025,2300,2500,2400
odisha,bolangir,kantabaji,pointed gourd (parval),other,19-08-2025,4300,4500,4400
odisha,bolangir,kantabaji,tomato,other,19-08-2025,1800,2000,1900
odisha,boudh,boudh,bitter gourd,other,19-08-2025,4500,5500,5000
odisha,boudh,boudh,cauliflower,other,19-08-2025,5500,7000,6000
odisha,boudh,boudh,tomato,other,19-08-2025,4000,6000,5000
odisha,boudh,khunthabandha,bitter gourd,other,19-08-2025,4000,5000,4500
odisha,boudh,khunthabandha,cauliflower,other,19-08-2025,4000,6000,5000
odisha,boudh,khunthabandha,cucumbar(kheera),other,19-08-2025,2500,3500,3000
odisha,boudh,khunthabandha,green chilli,other,19-08-2025,6000,8000,7000
odisha,boudh,khunthabandha,potato,other,19-08-2025,1800,2500,2000
odisha,boudh,khunthabandha,tomato,other,19-08-2025,3500,5000,4000
odisha,cuttack,banki,cucumbar(kheera),other,19-08-2025,2350,2600,2500
odisha,cuttack,banki,ridgeguard(tori),other,19-08-2025,2350,2600,2500
odisha,dhenkanal,kamakhyanagar,cucumbar(kheera),cucumbar,19-08-2025,4000,4200,4000
odisha,dhenkanal,kamakhyanagar,potato,potato,19-08-2025,1900,2100,2000
odisha,gajapati,parlakhemundi,brinjal,other,19-08-2025,800,1000,900
odisha,jagatsinghpur,rahama,brinjal,other,19-08-2025,3000,6000,5000
odisha,jagatsinghpur,rahama,fish,other,19-08-2025,12000,43000,18000
odisha,jagatsinghpur,rahama,rice,other,19-08-2025,2800,6000,4000
odisha,mayurbhanja,karanjia,fish,other,19-08-2025,19000,20000,20000
odisha,mayurbhanja,karanjia,paddy(dhan)(common),other,19-08-2025,2300,2300,2300
odisha,sonepur,dungurapalli,pointed gourd (parval),other,19-08-2025,3200,3450,3250
odisha,sonepur,dungurapalli,potato,other,19-08-2025,2000,2000,2000
odisha,sonepur,pandkital,cabbage,other,19-08-2025,4000,4200,4120
odisha,sonepur,pandkital,pointed gourd (parval),other,19-08-2025,3000,3500,3200
odisha,sonepur,pandkital,potato,other,19-08-2025,2000,2000,2000
odisha,sundergarh,panposh,pumpkin,other,19-08-2025,1000,1400,1200
odisha,sundergarh,sargipali,carrot,other,19-08-2025,2500,3000,2700
punjab,amritsar,mehta,bitter gourd,bitter gourd,19-08-2025,1500,1500,1500
punjab,amritsar,mehta,sweet pumpkin,other,19-08-2025,1500,1500,1500
punjab,bhatinda,rampuraphul(nabha mandi),cucumbar(kheera),cucumbar,19-08-2025,1000,1800,1500
punjab,bhatinda,rampuraphul(nabha mandi),papaya,other,19-08-2025,2000,3000,2500
punjab,bhatinda,rampuraphul(nabha mandi),potato,other,19-08-2025,350,450,400
punjab,fatehgarh,bassi pathana,capsicum,capsicum,19-08-2025,5000,6000,5500
punjab,fatehgarh,bassi pathana,garlic,garlic,19-08-2025,7500,9000,8500
punjab,fatehgarh,bassi pathana,peas wet,peas wet,19-08-2025,7000,8500,7500
punjab,fatehgarh,sirhind,banana,other,19-08-2025,2600,3500,3000
punjab,fatehgarh,sirhind,bottle gourd,other,19-08-2025,1500,2300,1700
punjab,fatehgarh,sirhind,cucumbar(kheera),other,19-08-2025,1000,2000,1500
punjab,fatehgarh,sirhind,guava,other,19-08-2025,1500,4000,2500
punjab,fatehgarh,sirhind,mousambi(sweet lime),other,19-08-2025,2300,3500,3000
punjab,fatehgarh,sirhind,pear(marasebu),other,19-08-2025,4000,5000,4500
punjab,fazilka,fazilka,brinjal,other,19-08-2025,1000,2000,1500
punjab,fazilka,fazilka,cucumbar(kheera),cucumbar,19-08-2025,3000,5000,4000
punjab,fazilka,fazilka,garlic,other,19-08-2025,10000,15000,13000
punjab,fazilka,jalalabad,apple,other,19-08-2025,5500,6000,5700
punjab,fazilka,jalalabad,banana,other,19-08-2025,3100,3350,3200
punjab,fazilka,jalalabad,carrot,other,19-08-2025,2200,2300,2250
punjab,fazilka,jalalabad,peas wet,other,19-08-2025,7700,8000,7800
punjab,fazilka,jalalabad,pumpkin,other,19-08-2025,2300,2400,2350
punjab,fazilka,jalalabad,sweet pumpkin,other,19-08-2025,800,900,850
punjab,gurdaspur,gurdaspur,capsicum,other,19-08-2025,2000,2500,2300
punjab,gurdaspur,gurdaspur,cucumbar(kheera),other,19-08-2025,1400,1800,1600
punjab,gurdaspur,gurdaspur,green chilli,other,19-08-2025,2000,2200,2100
punjab,gurdaspur,gurdaspur,mousambi(sweet lime),other,19-08-2025,3500,3800,3600
punjab,gurdaspur,gurdaspur,potato,other,19-08-2025,700,800,750
punjab,gurdaspur,gurdaspur,pumpkin,other,19-08-2025,1000,1200,1100
punjab,hoshiarpur,garh shankar,cauliflower,cauliflower,19-08-2025,1200,2000,1500
punjab,hoshiarpur,garh shankar,ginger(green),green ginger,19-08-2025,4000,5000,4500
punjab,hoshiarpur,garh shankar,onion,other,19-08-2025,1500,1800,1700
punjab,jalandhar,bhogpur,green chilli,other,19-08-2025,1200,1200,1200
punjab,jalandhar,bhogpur,potato,other,19-08-2025,800,800,800
punjab,jalandhar,lohian khas,bhindi(ladies finger),other,19-08-2025,2500,2700,2600
punjab,jalandhar,mehatpur,potato,other,19-08-2025,1000,1200,1200
punjab,jalandhar,nakodar,tomato,other,19-08-2025,700,900,800
punjab,jalandhar,noor mehal,brinjal,other,19-08-2025,2000,2000,2000
punjab,jalandhar,noor mehal,pumpkin,other,19-08-2025,1700,1700,1700
punjab,kapurthala,kapurthala,bhindi(ladies finger),bhindi,19-08-2025,1500,2000,1800
punjab,kapurthala,kapurthala,brinjal,round,19-08-2025,900,1100,1000
punjab,kapurthala,kapurthala,garlic,garlic,19-08-2025,4000,4300,4100
punjab,ludhiana,khanna,banana,other,19-08-2025,1600,1600,1600
punjab,ludhiana,khanna,bhindi(ladies finger),other,19-08-2025,1000,2000,1500
punjab,ludhiana,khanna,brinjal,other,19-08-2025,1000,1700,1500
punjab,ludhiana,khanna,capsicum,capsicum,19-08-2025,3000,4000,3500
punjab,ludhiana,khanna,cauliflower,other,19-08-2025,2000,4000,3000
punjab,ludhiana,khanna,garlic,other,19-08-2025,3000,6000,4000
punjab,ludhiana,khanna,guava,guava,19-08-2025,1000,2500,1500
punjab,ludhiana,ludhiana,beetroot,other,19-08-2025,1000,1800,1300
punjab,ludhiana,ludhiana,bitter gourd,other,19-08-2025,1200,1800,1500
punjab,ludhiana,ludhiana,brinjal,other,19-08-2025,500,1200,800
punjab,ludhiana,ludhiana,pomegranate,other,19-08-2025,3000,7000,5000
punjab,ludhiana,ludhiana,pumpkin,other,19-08-2025,200,600,300
punjab,ludhiana,sahnewal,cucumbar(kheera),cucumbar,19-08-2025,1500,1500,1500
punjab,moga,baghapurana,brinjal,brinjal,19-08-2025,1500,2000,1700
punjab,moga,baghapurana,onion,local,19-08-2025,1800,2200,2000
punjab,moga,baghapurana,tomato,local,19-08-2025,4000,4500,4200
punjab,moga,kot ise khan,potato,other,19-08-2025,1000,1200,1100
punjab,moga,kot ise khan,ridgeguard(tori),other,19-08-2025,800,1000,900
punjab,moga,nihal singh wala,green chilli,other,19-08-2025,3500,4000,3800
punjab,mohali,kurali,bitter gourd,other,19-08-2025,1900,2100,2000
punjab,mohali,kurali,cucumbar(kheera),other,19-08-2025,2000,3500,2500
punjab,mohali,kurali,field pea,other,19-08-2025,9000,9500,9250
punjab,mohali,kurali,garlic,other,19-08-2025,7000,8000,7500
punjab,mohali,kurali,green chilli,other,19-08-2025,2000,2500,2300
punjab,mohali,lalru,bhindi(ladies finger),other,19-08-2025,2000,2000,2000
punjab,mohali,lalru,bitter gourd,other,19-08-2025,3000,3000,3000
punjab,nawanshahr,nawan shahar(subzi mandi),colacasia,other,19-08-2025,1300,1500,1370
punjab,nawanshahr,nawan shahar(subzi mandi),guava,other,19-08-2025,7000,8000,7600
punjab,nawanshahr,nawan shahar(subzi mandi),lime,other,19-08-2025,5000,5200,5100
punjab,nawanshahr,nawan shahar(subzi mandi),onion,other,19-08-2025,1800,2000,1900
punjab,nawanshahr,nawan shahar(subzi mandi),potato,potato,19-08-2025,800,1000,900
punjab,pathankot,pathankot,apple,apple,19-08-2025,4200,5200,5200
punjab,pathankot,pathankot,beetroot,beetroot,19-08-2025,1600,1800,1800
punjab,pathankot,pathankot,bhindi(ladies finger),bhindi,19-08-2025,1500,1800,1800
punjab,pathankot,pathankot,brinjal,brinjal,19-08-2025,900,1400,1400
punjab,pathankot,pathankot,carrot,carrot,19-08-2025,1200,1500,1500
punjab,pathankot,pathankot,tomato,tomato,19-08-2025,3600,4100,4100
punjab,patiala,ghanaur,tomato,other,19-08-2025,3000,4000,3500
punjab,patiala,nabha,banana,other,19-08-2025,1900,1900,1900
punjab,patiala,nabha,brinjal,other,19-08-2025,1000,1800,1400
punjab,patiala,nabha,capsicum,other,19-08-2025,3600,6000,4700
punjab,patiala,nabha,guava,other,19-08-2025,1500,2300,1900
punjab,patiala,nabha,mango,other,19-08-2025,7200,7200,7200
punjab,patiala,nabha,pear(marasebu),other,19-08-2025,1100,2000,1400
punjab,patiala,nabha,tomato,other,19-08-2025,3500,5500,4500
punjab,patiala,patiala,apple,apple,19-08-2025,3800,9700,7600
punjab,patiala,patiala,carrot,carrot,19-08-2025,1400,2000,1700
punjab,patiala,patiala,tomato,tomato,19-08-2025,5500,7500,6500
punjab,patiala,rajpura,tomato,local,19-08-2025,3500,4500,4000
punjab,patiala,samana,banana - green,other,19-08-2025,3500,5000,4000
punjab,patiala,samana,bitter gourd,bitter gourd,19-08-2025,4000,5000,4500
punjab,ropar (rupnagar),chamkaur sahib,apple,apple,19-08-2025,6850,7000,6900
punjab,ropar (rupnagar),chamkaur sahib,bottle gourd,other,19-08-2025,1350,1500,1400
punjab,ropar (rupnagar),chamkaur sahib,capsicum,other,19-08-2025,4850,5000,4900
punjab,ropar (rupnagar),chamkaur sahib,cauliflower,other,19-08-2025,3350,3500,3400
punjab,ropar (rupnagar),chamkaur sahib,garlic,average,19-08-2025,5850,6000,5900
punjab,ropar (rupnagar),chamkaur sahib,ginger(green),green ginger,19-08-2025,4850,5000,4900
punjab,sangrur,ahmedgarh,banana,other,19-08-2025,2500,2700,2700
punjab,sangrur,ahmedgarh,tomato,other,19-08-2025,5000,5300,5300
punjab,sangrur,dhuri,banana,banana - ripe,19-08-2025,1600,2000,1800
punjab,sangrur,dhuri,tomato,tomato,19-08-2025,4100,4500,4300
punjab,tarntaran,patti,round gourd,other,19-08-2025,1800,2200,2000
rajasthan,barmer,dhorimanna,cummin seed(jeera),cummin seed(jeera),19-08-2025,16000,19000,17500
rajasthan,beawar,beawar,wheat,other,19-08-2025,2300,2350,2325
rajasthan,bikaner,bikaner (f&v),bottle gourd,other,19-08-2025,1100,1300,1200
rajasthan,bikaner,bikaner (f&v),brinjal,other,19-08-2025,1700,1900,1800
rajasthan,bikaner,bikaner (f&v),guava,other,19-08-2025,1900,2100,2000
rajasthan,bikaner,bikaner (f&v),mousambi(sweet lime),other,19-08-2025,3100,3300,3200
rajasthan,bikaner,bikaner (f&v),potato,other,19-08-2025,1100,1300,1200
rajasthan,bikaner,bikaner (f&v),pumpkin,other,19-08-2025,1000,1200,1100
rajasthan,bikaner,bikaner (f&v),tender coconut,tender coconut,19-08-2025,59,61,60
rajasthan,bikaner,bikaner (f&v),tinda,other,19-08-2025,1700,1900,1800
rajasthan,dausa,lalsot,bengal gram(gram)(whole),other,19-08-2025,5700,5700,5700
rajasthan,dausa,lalsot,guar,other,19-08-2025,4575,4575,4575
rajasthan,ganganagar,sriganganagar (f&v),banana,other,19-08-2025,2500,2900,2700
rajasthan,ganganagar,sriganganagar (f&v),bitter gourd,other,19-08-2025,3000,3400,3200
rajasthan,ganganagar,sriganganagar (f&v),cabbage,other,19-08-2025,1300,1700,1500
rajasthan,hanumangarh,bhadara,onion,1st sort,19-08-2025,1800,2000,1960
rajasthan,jaipur,jaipur (f&v),apple,other,19-08-2025,4000,15000,9500
rajasthan,jaipur,jaipur (f&v),colacasia,colacasia,19-08-2025,1500,1800,1650
rajasthan,jaipur,jaipur (f&v),coriander(leaves),coriander,19-08-2025,3000,3500,3250
rajasthan,jaipur,jaipur (f&v),mint(pudina),mint(pudina),19-08-2025,1500,2000,1750
rajasthan,jaipur,jaipur (f&v),papaya,other,19-08-2025,1500,3500,2500
rajasthan,jaipur,jaipur (f&v),pomegranate,other,19-08-2025,5000,20000,12500
rajasthan,jaipur,jaipur (f&v),tinda,other,19-08-2025,4000,5000,4500
rajasthan,jaipur rural,bassi,wheat,other,19-08-2025,2482,2611,2546
rajasthan,jalore,jalore,cabbage,other,19-08-2025,800,1000,900
rajasthan,jodhpur,jodhpur (f&v),onion,other,19-08-2025,500,1500,1000
rajasthan,jodhpur,jodhpur (f&v),papaya,other,19-08-2025,800,2000,1400
rajasthan,jodhpur,jodhpur(f&v)(paota),capsicum,other,19-08-2025,4000,5500,5000
rajasthan,jodhpur,jodhpur(f&v)(paota),mango (raw-ripe),other,19-08-2025,6000,8000,7000
rajasthan,jodhpur,jodhpur(f&v)(paota),mint(pudina),other,19-08-2025,2000,2500,2200
rajasthan,jodhpur,jodhpur(f&v)(paota),round gourd,other,19-08-2025,500,2000,1000
rajasthan,jodhpur rural,ositan mathania,mustard,other,19-08-2025,6300,6500,6400
telangana,adilabad,adilabad(rythu bazar),cabbage,cabbage,19-08-2025,5000,5200,5000
telangana,hyderabad,l b nagar,cauliflower,cauliflower,19-08-2025,2000,3000,2500
telangana,hyderabad,mahboob manison,dry chillies,2nd sort,19-08-2025,7000,10000,8000
telangana,karimnagar,karimnagar,cauliflower,cauliflower,19-08-2025,4500,4500,4500
telangana,karimnagar,mallial(cheppial),paddy(dhan)(common),mtu-1010,19-08-2025,2320,2320,2320
telangana,medak,dubbak,paddy(dhan)(common),i.r. 64,19-08-2025,2320,2320,2320
telangana,nalgonda,devarakonda,paddy(dhan)(common),mtu-1010,19-08-2025,2300,2300,2300
telangana,nalgonda,devarkonda(dindi),paddy(dhan)(common),mtu-1010,19-08-2025,2300,2300,2300
telangana,nalgonda,huzumnagar(garidepally),paddy(dhan)(common),b p t,19-08-2025,2320,2320,2320
telangana,nalgonda,suryapeta,cowpea (lobia/karamani),other,19-08-2025,2559,2559,2559
telangana,nalgonda,suryapeta,green gram (moong)(whole),local,19-08-2025,5013,6399,5301
telangana,ranga reddy,chevella,brinjal,other,19-08-2025,4000,4000,4000
telangana,ranga reddy,kukatpally(rythu bazar),beetroot,beetroot,19-08-2025,2100,2100,2100
telangana,ranga reddy,kukatpally(rythu bazar),carrot,carrot,19-08-2025,4500,4500,4500
telangana,ranga reddy,kukatpally(rythu bazar),cluster beans,cluster beans,19-08-2025,3500,3500,3500
telangana,ranga reddy,kukatpally(rythu bazar),drumstick,drumstick,19-08-2025,3500,3500,3500
telangana,ranga reddy,kukatpally(rythu bazar),ridgeguard(tori),other,19-08-2025,3500,3500,3500
telangana,warangal,warangal,bitter gourd,bitter gourd,19-08-2025,1200,1600,1400
telangana,warangal,warangal,cucumbar(kheera),cucumbar,19-08-2025,1200,1600,1400
telangana,warangal,warangal,tomato,tomato,19-08-2025,3200,3600,3400
tripura,north tripura,dasda,onion,onion,19-08-2025,2700,2900,2800
tripura,sepahijala,melaghar,banana,banana - ripe,19-08-2025,2400,3000,2700
tripura,sepahijala,melaghar,cucumbar(kheera),cucumbar,19-08-2025,3500,4100,4000
tripura,sepahijala,melaghar,fish,rahu(local),19-08-2025,30000,32000,31000
tripura,sepahijala,melaghar,ridgeguard(tori),other,19-08-2025,3000,3600,3500
uttar pradesh,agra,achnera,rice,iii,19-08-2025,3360,3440,3400
uttar pradesh,agra,achnera,wheat,dara,19-08-2025,2500,2620,2560
uttar pradesh,agra,khairagarh,green chilli,green chilly,19-08-2025,4500,4600,4550
uttar pradesh,agra,khairagarh,potato,desi,19-08-2025,700,800,750
uttar pradesh,aligarh,aligarh,bengal gram(gram)(whole),desi (whole),19-08-2025,6700,6800,6750
uttar pradesh,aligarh,aligarh,cabbage,cabbage,19-08-2025,1350,1470,1420
uttar pradesh,aligarh,aligarh,cucumbar(kheera),cucumbar,19-08-2025,1650,1800,1720
uttar pradesh,aligarh,aligarh,ginger(green),green ginger,19-08-2025,3700,3800,3740
uttar pradesh,aligarh,aligarh,green gram (moong)(whole),local (whole),19-08-2025,7180,7280,7220
uttar pradesh,aligarh,aligarh,gur(jaggery),red,19-08-2025,4500,4610,4550
uttar pradesh,aligarh,aligarh,lemon,lemon,19-08-2025,4020,4190,4100
uttar pradesh,aligarh,aligarh,lentil (masur)(whole),masoor gola,19-08-2025,6900,7000,6960
uttar pradesh,aligarh,aligarh,mustard,sarson(black),19-08-2025,6540,6640,6600
uttar pradesh,aligarh,charra,wheat,dara,19-08-2025,2500,2520,2510
uttar pradesh,aligarh,khair,banana,banana - ripe,19-08-2025,1800,2400,2000
uttar pradesh,aligarh,khair,bottle gourd,bottle gourd,19-08-2025,800,1200,1000
uttar pradesh,aligarh,khair,green chilli,green chilly,19-08-2025,3500,4000,3800
uttar pradesh,aligarh,khair,wheat,dara,19-08-2025,2500,2580,2540
uttar pradesh,amethi,sultanpur,arhar dal(tur dal),arhar dal(tur),19-08-2025,10380,10435,10400
uttar pradesh,amethi,sultanpur,banana - green,banana - green,19-08-2025,1780,1825,1800
uttar pradesh,amethi,sultanpur,jack fruit,jack fruit,19-08-2025,1580,1635,1600
uttar pradesh,amethi,sultanpur,pointed gourd (parval),pointed gourd (parval),19-08-2025,2980,3025,3000
uttar pradesh,amethi,sultanpur,tomato,deshi,19-08-2025,3750,3800,3780
uttar pradesh,amroha,hasanpur,cucumbar(kheera),cucumbar,19-08-2025,1810,2000,1850
uttar pradesh,ayodhya,faizabad,bottle gourd,bottle gourd,19-08-2025,1520,1680,1600
uttar pradesh,ayodhya,faizabad,garlic,desi,19-08-2025,6200,6500,6350
uttar pradesh,ayodhya,faizabad,lentil (masur)(whole),masoor gola,19-08-2025,7050,7230,7200
uttar pradesh,ayodhya,faizabad,paddy(dhan)(common),common,19-08-2025,2090,2300,2200
uttar pradesh,ayodhya,faizabad,pumpkin,pumpkin,19-08-2025,1400,1540,1495
uttar pradesh,badaun,babrala,maize,deshi red,19-08-2025,1930,1950,1940
uttar pradesh,badaun,badayoun,apple,delicious,19-08-2025,7700,8100,7960
uttar pradesh,badaun,badayoun,bhindi(ladies finger),bhindi,19-08-2025,1700,1850,1780
uttar pradesh,badaun,badayoun,brinjal,brinjal,19-08-2025,1650,1770,1700
uttar pradesh,badaun,badayoun,maize,yellow,19-08-2025,1870,1960,1900
uttar pradesh,badaun,badayoun,onion,nasik,19-08-2025,1210,1330,1270
uttar pradesh,badaun,badayoun,papaya,papaya,19-08-2025,2700,2830,2765
uttar pradesh,badaun,badayoun,potato,desi,19-08-2025,980,1120,1060
uttar pradesh,badaun,badayoun,raddish,raddish,19-08-2025,2140,2280,2200
uttar pradesh,badaun,shahaswan,banana,amruthapani,19-08-2025,2000,2250,2200
uttar pradesh,badaun,shahaswan,banana - green,banana - green,19-08-2025,1500,1700,1600
uttar pradesh,badaun,shahaswan,brinjal,brinjal,19-08-2025,900,1100,1000
uttar pradesh,badaun,wazirganj,garlic,garlic,19-08-2025,6425,6500,6450
uttar pradesh,badaun,wazirganj,ginger(green),green ginger,19-08-2025,4225,4300,4250
uttar pradesh,badaun,wazirganj,green chilli,green chilly,19-08-2025,4425,4500,4475
uttar pradesh,badaun,wazirganj,onion,red,19-08-2025,1325,1375,1350
uttar pradesh,badaun,wazirganj,tomato,deshi,19-08-2025,4050,4100,4075
uttar pradesh,badaun,wazirganj,tomato,deshi,19-08-2025,3900,3950,3925
uttar pradesh,baghpat,baraut,bhindi(ladies finger),bhindi,19-08-2025,1600,1700,1650
uttar pradesh,baghpat,baraut,masur dal,masur dal,19-08-2025,7650,7850,7760
uttar pradesh,baghpat,baraut,papaya,papaya,19-08-2025,2700,2900,2800
uttar pradesh,baghpat,baraut,tomato,hybrid,19-08-2025,3700,3900,3800
uttar pradesh,baghpat,baraut,wheat,dara,19-08-2025,2530,2650,2585
uttar pradesh,balrampur,tulsipur,apple,kasmir/shimla - ii,19-08-2025,8170,8250,8220
uttar pradesh,balrampur,tulsipur,pumpkin,pumpkin,19-08-2025,1400,1480,1440
uttar pradesh,barabanki,barabanki,bhindi(ladies finger),bhindi,19-08-2025,1660,1760,1710
uttar pradesh,barabanki,barabanki,bottle gourd,bottle gourd,19-08-2025,1450,1550,1500
uttar pradesh,barabanki,barabanki,green chilli,green chilly,19-08-2025,4560,4660,4610
uttar pradesh,barabanki,barabanki,peas(dry),peas(dry),19-08-2025,4100,4200,4150
uttar pradesh,bareilly,anwala,colacasia,colacasia,19-08-2025,1200,1500,1400
uttar pradesh,bareilly,anwala,onion,red,19-08-2025,1000,1200,1100
uttar pradesh,bareilly,bareilly,brinjal,round/long,19-08-2025,1675,1700,1685
uttar pradesh,bareilly,bareilly,mousambi(sweet lime),mousambi,19-08-2025,3575,3650,3600
uttar pradesh,bareilly,bareilly,potato,potato,19-08-2025,900,925,915
uttar pradesh,bareilly,bareilly,rice,common,19-08-2025,3375,3425,3400
uttar pradesh,basti,basti,apple,delicious,19-08-2025,8325,8525,8425
uttar pradesh,basti,basti,banana - green,banana - green,19-08-2025,1670,1870,1770
uttar pradesh,basti,basti,pomegranate,pomogranate,19-08-2025,6775,6975,6875
uttar pradesh,basti,basti,tomato,hybrid,19-08-2025,3950,4150,4050
uttar pradesh,bijnor,bijnaur,potato,desi,19-08-2025,1040,1100,1060
uttar pradesh,bijnor,chaandpur,onion,red,19-08-2025,1000,1200,1100
uttar pradesh,bijnor,chaandpur,potato,desi,19-08-2025,1100,1300,1200
uttar pradesh,bijnor,chaandpur,tomato,hybrid,19-08-2025,2400,2600,2500
uttar pradesh,bijnor,najibabad,green chilli,green chilly,19-08-2025,4000,4400,4200
uttar pradesh,bijnor,najibabad,pumpkin,pumpkin,19-08-2025,500,700,600
uttar pradesh,bulandshahar,buland shahr,green chilli,green chilly,19-08-2025,4300,4700,4525
uttar pradesh,bulandshahar,buland shahr,mustard,lohi black,19-08-2025,6800,6950,6850
uttar pradesh,bulandshahar,buland shahr,paddy(dhan)(basmati),basmati 1509,19-08-2025,2971,3041,3011
uttar pradesh,bulandshahar,buland shahr,papaya,papaya,19-08-2025,2600,3000,2800
uttar pradesh,bulandshahar,gulavati,cauliflower,cauliflower,19-08-2025,1100,1300,1200
uttar pradesh,bulandshahar,jahangirabad,apple,delicious,19-08-2025,8900,9100,9000
uttar pradesh,bulandshahar,jahangirabad,bottle gourd,bottle gourd,19-08-2025,1355,1554,1450
uttar pradesh,bulandshahar,jahangirabad,brinjal,round/long,19-08-2025,1578,1784,1680
uttar pradesh,bulandshahar,jahangirabad,colacasia,colacasia,19-08-2025,1877,2080,1975
uttar pradesh,bulandshahar,jahangirabad,green gram dal (moong dal),green gram dal,19-08-2025,9585,9825,9705
uttar pradesh,bulandshahar,jahangirabad,gur(jaggery),yellow,19-08-2025,4210,4390,4300
uttar pradesh,bulandshahar,jahangirabad,pumpkin,pumpkin,19-08-2025,1360,1555,1450
uttar pradesh,bulandshahar,khurja,green chilli,green chilly,19-08-2025,4300,4600,4500
uttar pradesh,bulandshahar,khurja,pumpkin,pumpkin,19-08-2025,1350,1450,1400
uttar pradesh,bulandshahar,khurja,wheat,dara,19-08-2025,2530,2630,2580
uttar pradesh,etawah,etawah,apple,kasmir/shimla - ii,19-08-2025,6700,7200,7000
uttar pradesh,etawah,etawah,garlic,garlic,19-08-2025,5750,6650,6250
uttar pradesh,etawah,etawah,green gram dal (moong dal),green gram dal,19-08-2025,9450,9750,9650
uttar pradesh,etawah,etawah,groundnut,hybrid,19-08-2025,6700,6900,6800
uttar pradesh,etawah,etawah,pumpkin,pumpkin,19-08-2025,1300,1600,1500
uttar pradesh,etawah,etawah,spinach,spinach,19-08-2025,2000,2300,2200
uttar pradesh,etawah,etawah,wheat,dara,19-08-2025,2480,2525,2515
uttar pradesh,etawah,jasvantnagar,potato,potato,19-08-2025,950,1150,1050
uttar pradesh,farukhabad,farukhabad,apple,delicious,19-08-2025,8350,8700,8500
uttar pradesh,farukhabad,farukhabad,cucumbar(kheera),cucumbar,19-08-2025,2000,2200,2100
uttar pradesh,farukhabad,farukhabad,ginger(green),green ginger,19-08-2025,3800,4025,3925
uttar pradesh,farukhabad,farukhabad,jack fruit,jack fruit,19-08-2025,1200,1400,1300
uttar pradesh,farukhabad,farukhabad,pointed gourd (parval),pointed gourd (parval),19-08-2025,3300,3500,3400
uttar pradesh,farukhabad,kamlaganj,cabbage,cabbage,19-08-2025,1200,1240,1240
uttar pradesh,fatehpur,fatehpur,garlic,garlic,19-08-2025,6300,6800,6570
uttar pradesh,fatehpur,fatehpur,ginger(green),green ginger,19-08-2025,3700,4000,3850
uttar pradesh,fatehpur,fatehpur,green chilli,green chilly,19-08-2025,4600,4900,4750
uttar pradesh,fatehpur,fatehpur,gur(jaggery),red,19-08-2025,4250,4450,4340
uttar pradesh,fatehpur,fatehpur,pointed gourd (parval),pointed gourd (parval),19-08-2025,3400,3600,3500
uttar pradesh,fatehpur,khaga,pomegranate,pomogranate,19-08-2025,7100,7285,7200
uttar pradesh,firozabad,sirsaganj,onion,red,19-08-2025,1200,1400,1300
uttar pradesh,firozabad,sirsaganj,potato,potato,19-08-2025,800,1000,900
uttar pradesh,firozabad,tundla,capsicum,capsicum,19-08-2025,6225,6300,6250
uttar pradesh,firozabad,tundla,green chilli,green chilly,19-08-2025,1325,4375,4350
uttar pradesh,firozabad,tundla,mustard,lohi black,19-08-2025,7025,7100,7050
uttar pradesh,ghazipur,jamanian,green chilli,green chilly,19-08-2025,1500,1600,1550
uttar pradesh,gorakhpur,chorichora,bengal gram(gram)(whole),desi (whole),19-08-2025,5650,5700,5680
uttar pradesh,gorakhpur,chorichora,onion,red,19-08-2025,1600,1850,1800
uttar pradesh,gorakhpur,chorichora,wheat,dara,19-08-2025,2425,2560,2550
uttar pradesh,gorakhpur,gorakhpur,banana - green,banana - green,19-08-2025,1725,1975,1825
uttar pradesh,gorakhpur,gorakhpur,bottle gourd,bottle gourd,19-08-2025,1500,1700,1600
uttar pradesh,hardoi,shahabad(new mandi),potato,potato,19-08-2025,1120,1200,1160
uttar pradesh,hathras,haathras,apple,delicious,19-08-2025,10450,10650,10570
uttar pradesh,hathras,haathras,black gram (urd beans)(whole),black gram (whole),19-08-2025,8800,8860,8830
uttar pradesh,hathras,haathras,green chilli,green chilly,19-08-2025,4050,4250,4170
uttar pradesh,hathras,haathras,lemon,lemon,19-08-2025,4100,4300,4230
uttar pradesh,hathras,haathras,potato,desi,19-08-2025,800,1000,940
uttar pradesh,hathras,haathras,wheat,dara,19-08-2025,2525,2575,2550
uttar pradesh,jaunpur,mugrabaadshahpur,bitter gourd,bitter gourd,19-08-2025,2375,2575,2475
uttar pradesh,jaunpur,mugrabaadshahpur,cucumbar(kheera),cucumbar,19-08-2025,1930,2130,2030
uttar pradesh,jaunpur,mugrabaadshahpur,pomegranate,pomogranate,19-08-2025,6560,6760,6660
uttar pradesh,jhansi,jhansi,brinjal,round/long,19-08-2025,1700,1950,1750
uttar pradesh,kannuj,chhibramau,apple,delicious,19-08-2025,8750,8950,8850
uttar pradesh,kannuj,chhibramau,bhindi(ladies finger),bhindi,19-08-2025,1450,1600,1530
uttar pradesh,kannuj,chhibramau,brinjal,round/long,19-08-2025,1550,1700,1630
uttar pradesh,kannuj,chhibramau,cucumbar(kheera),cucumbar,19-08-2025,1950,2150,2050
uttar pradesh,kannuj,chhibramau,garlic,desi,19-08-2025,6000,6200,6100
uttar pradesh,kannuj,chhibramau,sponge gourd,sponge gourd,19-08-2025,1600,1700,1650
uttar pradesh,kanpur,choubepur,apple,apple,19-08-2025,8700,8900,8800
uttar pradesh,kanpur,choubepur,gur(jaggery),yellow,19-08-2025,4050,4250,4150
uttar pradesh,kanpur,choubepur,mustard,sarson(black),19-08-2025,6800,7000,6900
uttar pradesh,kanpur,choubepur,pointed gourd (parval),pointed gourd (parval),19-08-2025,3350,3550,3450
uttar pradesh,kanpur,kanpur(grain),bengal gram(gram)(whole),desi (whole),19-08-2025,6430,6530,6480
uttar pradesh,kanpur,kanpur(grain),black gram (urd beans)(whole),desi,19-08-2025,8490,8590,8540
uttar pradesh,kanpur,kanpur(grain),garlic,desi,19-08-2025,6100,6300,6200
uttar pradesh,kanpur,kanpur(grain),gur(jaggery),red,19-08-2025,4120,4220,4170
uttar pradesh,kanpur,kanpur(grain),lentil (masur)(whole),kala masoor new,19-08-2025,7010,7110,7060
uttar pradesh,kanpur,kanpur(grain),maize,yellow,19-08-2025,2175,2275,2225
uttar pradesh,kanpur,kanpur(grain),potato,desi,19-08-2025,940,1140,1040
uttar pradesh,kaushambi,bharwari,potato,desi,19-08-2025,700,1000,850
uttar pradesh,kaushambi,bharwari,wheat,dara,19-08-2025,2450,2550,2500
uttar pradesh,khiri (lakhimpur),maigalganj,cabbage,cabbage,19-08-2025,1500,1540,1520
uttar pradesh,khiri (lakhimpur),maigalganj,garlic,garlic,19-08-2025,2900,2980,2930
uttar pradesh,khiri (lakhimpur),maigalganj,wheat,dara,19-08-2025,2500,2600,2550
uttar pradesh,lalitpur,mehrauni,peas(dry),other,19-08-2025,3000,3200,3100
uttar pradesh,lalitpur,mehrauni,wheat,147 average,19-08-2025,2400,2500,2450
uttar pradesh,lucknow,lucknow,bengal gram(gram)(whole),average (whole),19-08-2025,6640,6740,6680
uttar pradesh,lucknow,lucknow,maize,yellow,19-08-2025,2250,2320,2280
uttar pradesh,lucknow,lucknow,onion,red,19-08-2025,1350,1450,1400
uttar pradesh,lucknow,lucknow,pointed gourd (parval),pointed gourd (parval),19-08-2025,3050,3160,3120
uttar pradesh,lucknow,lucknow,rice,common,19-08-2025,3370,3470,3420
uttar pradesh,maharajganj,anandnagar,apple,delicious,19-08-2025,7500,8000,7800
uttar pradesh,maharajganj,anandnagar,banana - green,banana - green,19-08-2025,1600,1800,1700
uttar pradesh,maharajganj,anandnagar,gur(jaggery),red,19-08-2025,4000,4200,4100
uttar pradesh,maharajganj,gadaura,banana - green,banana - green,19-08-2025,1200,1400,1300
uttar pradesh,maharajganj,gadaura,ginger(green),green ginger,19-08-2025,4000,4200,4100
uttar pradesh,maharajganj,gadaura,green chilli,green chilly,19-08-2025,2000,2200,2100
uttar pradesh,maharajganj,gadaura,potato,red,19-08-2025,1100,1300,1200
uttar pradesh,maharajganj,nautnava,green chilli,green chilly,19-08-2025,1600,2000,1800
uttar pradesh,mainpuri,ghiraur,bengal gram(gram)(whole),desi (whole),19-08-2025,6670,6820,6720
uttar pradesh,mainpuri,ghiraur,tomato,hybrid,19-08-2025,3900,4100,4000
uttar pradesh,mainpuri,mainpuri,apple,delicious,19-08-2025,8500,8700,8600
uttar pradesh,mainpuri,mainpuri,pomegranate,pomogranate,19-08-2025,6600,7000,6800
uttar pradesh,mathura,kosikalan,cabbage,cabbage,19-08-2025,1600,1700,1650
uttar pradesh,mathura,mathura,green gram dal (moong dal),green gram dal,19-08-2025,9500,9740,9600
uttar pradesh,mathura,mathura,gur(jaggery),yellow,19-08-2025,4200,4400,4300
uttar pradesh,mathura,mathura,mustard,sarson(black),19-08-2025,7000,7200,7100
uttar pradesh,mathura,mathura,onion,red,19-08-2025,1400,1700,1520
uttar pradesh,mathura,mathura,tomato,deshi,19-08-2025,3800,4200,4050
uttar pradesh,mau(maunathbhanjan),kopaganj,brinjal,brinjal,19-08-2025,1000,1300,1100
uttar pradesh,meerut,meerut,black gram dal (urd dal),black gram dal,19-08-2025,9800,9900,9850
uttar pradesh,meerut,meerut,capsicum,capsicum,19-08-2025,4850,5050,4950
uttar pradesh,meerut,meerut,garlic,garlic,19-08-2025,6400,6600,6500
uttar pradesh,meerut,meerut,onion,red,19-08-2025,1270,0,1370
uttar pradesh,meerut,meerut,papaya,papaya,19-08-2025,2440,2640,2540
uttar pradesh,meerut,meerut,rice,common,19-08-2025,3250,3350,3300
uttar pradesh,meerut,meerut,tomato,local,19-08-2025,3880,4080,3980
uttar pradesh,mirzapur,mirzapur,bengal gram(gram)(whole),desi (whole),19-08-2025,6575,6675,6625
uttar pradesh,mirzapur,mirzapur,brinjal,round/long,19-08-2025,1575,1650,1600
uttar pradesh,mirzapur,mirzapur,ginger(green),green ginger,19-08-2025,3745,3815,3775
uttar pradesh,mirzapur,mirzapur,lemon,lemon,19-08-2025,4450,4550,4500
uttar pradesh,mirzapur,mirzapur,potato,desi,19-08-2025,1135,1215,1165
uttar pradesh,mirzapur,mirzapur,wheat,dara,19-08-2025,2500,2600,2560
uttar pradesh,pillibhit,puranpur,colacasia,colacasia,19-08-2025,2275,2360,2315
uttar pradesh,pillibhit,puranpur,onion,red,19-08-2025,1320,1400,1360
uttar pradesh,pillibhit,puranpur,onion,red,19-08-2025,1220,1295,1260
uttar pradesh,pillibhit,vishalpur,bhindi(ladies finger),bhindi,19-08-2025,1725,1770,1750
uttar pradesh,pillibhit,vishalpur,bottle gourd,bottle gourd,19-08-2025,1340,1385,1360
uttar pradesh,pillibhit,vishalpur,potato,desi,19-08-2025,1050,1070,1060
uttar pradesh,pillibhit,vishalpur,tomato,deshi,19-08-2025,3850,3950,3900
uttar pradesh,pillibhit,vishalpur,wheat,dara,19-08-2025,2425,2440,2425
uttar pradesh,pratapgarh,pratapgarh,banana - green,banana - green,19-08-2025,1650,1850,1700
uttar pradesh,pratapgarh,pratapgarh,brinjal,brinjal,19-08-2025,1800,2100,1900
uttar pradesh,pratapgarh,pratapgarh,onion,red,19-08-2025,1400,1550,1450
uttar pradesh,prayagraj,ajuha,onion,red,19-08-2025,1380,1500,1450
uttar pradesh,prayagraj,sirsa,onion,red,19-08-2025,1300,1500,1400
uttar pradesh,prayagraj,sirsa,wheat,dara,19-08-2025,2500,2700,2600
uttar pradesh,raebarelli,jayas,gur(jaggery),red,19-08-2025,4400,4500,4450
uttar pradesh,raebarelli,jayas,pumpkin,pumpkin,19-08-2025,1530,1600,1550
uttar pradesh,raebarelli,jayas,wheat,dara,19-08-2025,2550,2570,2560
uttar pradesh,raebarelli,lalganj,bhindi(ladies finger),bhindi,19-08-2025,2000,2200,2100
uttar pradesh,raebarelli,lalganj,green chilli,green chilly,19-08-2025,4000,6000,5000
uttar pradesh,raebarelli,lalganj,tomato,hybrid,19-08-2025,3000,3200,3100
uttar pradesh,raebarelli,raibareilly,arhar dal(tur dal),arhar dal(tur),19-08-2025,9925,9975,9950
uttar pradesh,raebarelli,raibareilly,cucumbar(kheera),cucumbar,19-08-2025,2000,2050,2025
uttar pradesh,raebarelli,raibareilly,ginger(green),green ginger,19-08-2025,4200,4300,4250
uttar pradesh,raebarelli,raibareilly,green chilli,green chilly,19-08-2025,4500,4600,4560
uttar pradesh,raebarelli,raibareilly,pomegranate,pomogranate,19-08-2025,7000,7100,7060
uttar pradesh,raebarelli,raibareilly,potato,desi,19-08-2025,1100,1140,1120
uttar pradesh,raebarelli,raibareilly,pumpkin,pumpkin,19-08-2025,1600,1650,1625
uttar pradesh,raebarelli,raibareilly,rice,common,19-08-2025,3140,3180,3160
uttar pradesh,raebarelli,raibareilly,sponge gourd,sponge gourd,19-08-2025,1650,1760,1700
uttar pradesh,rampur,rampur,banana - green,banana - green,19-08-2025,1760,1850,1800
uttar pradesh,rampur,rampur,bottle gourd,bottle gourd,19-08-2025,1220,1310,1260
uttar pradesh,saharanpur,chutmalpur,bhindi(ladies finger),bhindi,19-08-2025,1300,1500,1400
uttar pradesh,saharanpur,chutmalpur,colacasia,colacasia,19-08-2025,1500,1700,1600
uttar pradesh,saharanpur,gangoh,brinjal,round/long,19-08-2025,1200,1600,1500
uttar pradesh,saharanpur,gangoh,green chilli,green chilly,19-08-2025,5500,6000,5600
uttar pradesh,saharanpur,gangoh,onion,red,19-08-2025,1200,1500,1450
uttar pradesh,saharanpur,saharanpur,cabbage,cabbage,19-08-2025,1600,2000,1800
uttar pradesh,saharanpur,saharanpur,gur(jaggery),yellow,19-08-2025,4000,4400,4200
uttar pradesh,saharanpur,saharanpur,potato,desi,19-08-2025,700,900,800
uttar pradesh,sambhal,sambhal,apple,delicious,19-08-2025,9000,9750,9500
uttar pradesh,sant kabir nagar,khalilabad,banana - green,banana - green,19-08-2025,1400,1480,1425
uttar pradesh,shahjahanpur,puwaha,bitter gourd,bitter gourd,19-08-2025,2100,2200,2150
uttar pradesh,shahjahanpur,puwaha,colacasia,colacasia,19-08-2025,2100,2200,2150
uttar pradesh,shahjahanpur,puwaha,green chilli,green chilly,19-08-2025,4300,4400,4350
uttar pradesh,shahjahanpur,puwaha,onion,red,19-08-2025,1250,1300,1275
uttar pradesh,shahjahanpur,puwaha,raddish,raddish,19-08-2025,2100,2200,2150
uttar pradesh,shahjahanpur,puwaha,tomato,hybrid,19-08-2025,4100,4200,4125
uttar pradesh,shahjahanpur,shahjahanpur,arhar dal(tur dal),arhar dal(tur),19-08-2025,10200,10300,10250
uttar pradesh,shahjahanpur,shahjahanpur,pumpkin,pumpkin,19-08-2025,1300,1400,1350
uttar pradesh,shahjahanpur,tilhar,colacasia,colacasia,19-08-2025,2120,2220,2170
uttar pradesh,shahjahanpur,tilhar,green chilli,green chilly,19-08-2025,4310,4410,4360
uttar pradesh,shahjahanpur,tilhar,gur(jaggery),pathari,19-08-2025,4070,4170,4120
uttar pradesh,shahjahanpur,tilhar,jack fruit,jack fruit,19-08-2025,1580,1680,1630
uttar pradesh,shahjahanpur,tilhar,onion,red,19-08-2025,1280,1325,1310
uttar pradesh,shahjahanpur,tilhar,pointed gourd (parval),pointed gourd (parval),19-08-2025,2930,3030,2980
uttar pradesh,shahjahanpur,tilhar,potato,desi,19-08-2025,950,995,980
uttar pradesh,shamli,kairana,bottle gourd,bottle gourd,19-08-2025,1200,1300,1250
uttar pradesh,shamli,kairana,green chilli,green chilly,19-08-2025,3000,3100,3050
uttar pradesh,shamli,kairana,guava,guava,19-08-2025,1500,1600,1550
uttar pradesh,shamli,kairana,tomato,hybrid,19-08-2025,3000,3100,3050
uttar pradesh,shamli,khandhla,apple,delicious,19-08-2025,4800,4900,4850
uttar pradesh,shamli,khandhla,green chilli,green chilly,19-08-2025,4200,4300,4250
uttar pradesh,shamli,khandhla,guava,guava,19-08-2025,2800,2900,2850
uttar pradesh,shamli,khandhla,onion,red,19-08-2025,1500,1600,1550
uttar pradesh,shamli,shamli,bengal gram dal (chana dal),bengal gram dal,19-08-2025,7510,7600,7560
uttar pradesh,shamli,shamli,black gram dal (urd dal),black gram dal,19-08-2025,9920,10000,9960
uttar pradesh,shamli,shamli,cabbage,cabbage,19-08-2025,1730,1830,1780
uttar pradesh,shamli,shamli,green chilli,green chilly,19-08-2025,4700,4800,4750
uttar pradesh,shamli,shamli,lemon,lemon,19-08-2025,4350,4450,4400
uttar pradesh,shravasti,payagpur,lemon,lemon,19-08-2025,1800,2000,1900
uttar pradesh,shravasti,payagpur,onion,red,19-08-2025,1800,2000,1900
uttar pradesh,shravasti,payagpur,potato,red,19-08-2025,900,1100,1000
uttar pradesh,sitapur,hargaon (laharpur),banana,desi(bontha),19-08-2025,1000,1100,1050
uttar pradesh,sitapur,hargaon (laharpur),potato,local,19-08-2025,800,900,850
uttar pradesh,sitapur,hargaon (laharpur),pumpkin,pumpkin,19-08-2025,800,840,820
uttar pradesh,sitapur,sitapur,arhar dal(tur dal),arhar dal(tur),19-08-2025,9750,10150,9970
uttar pradesh,sitapur,sitapur,black gram dal (urd dal),black gram dal,19-08-2025,9800,10200,10100
uttar pradesh,sitapur,sitapur,papaya,papaya,19-08-2025,2500,2900,2765
uttar pradesh,unnao,bangarmau,bottle gourd,bottle gourd,19-08-2025,1500,1600,1550
uttar pradesh,unnao,bangarmau,garlic,average,19-08-2025,6210,6310,6260
uttar pradesh,unnao,bangarmau,lemon,lemon,19-08-2025,4010,4110,4060
uttrakhand,dehradoon,dehradoon,brinjal,round,19-08-2025,550,850,650
uttrakhand,dehradoon,dehradoon,cabbage,other,19-08-2025,850,1150,950
uttrakhand,dehradoon,dehradoon,french beans (frasbean),other,19-08-2025,1450,2000,1800
uttrakhand,dehradoon,dehradoon,lemon,other,19-08-2025,4500,6500,5500
uttrakhand,dehradoon,dehradoon,peas wet,other,19-08-2025,1500,2800,2500
uttrakhand,dehradoon,dehradoon,pumpkin,other,19-08-2025,550,1000,900
uttrakhand,dehradoon,dehradoon,tomato,deshi,19-08-2025,850,1350,1150
uttrakhand,dehradoon,rishikesh,apple,other,19-08-2025,2500,4500,3500
uttrakhand,dehradoon,rishikesh,banana,other,19-08-2025,1600,2500,1800
uttrakhand,dehradoon,rishikesh,cucumbar(kheera),other,19-08-2025,1800,2500,2000
uttrakhand,dehradoon,rishikesh,raddish,other,19-08-2025,800,1650,1500
uttrakhand,dehradoon,rishikesh,ridgeguard(tori),ridgeguard(tori),19-08-2025,850,1200,1000
uttrakhand,dehradoon,rishikesh,tomato,other,19-08-2025,2000,4800,2800
uttrakhand,haridwar,bhagwanpur(naveen mandi sthal),brinjal,other,19-08-2025,700,900,800
uttrakhand,haridwar,bhagwanpur(naveen mandi sthal),green chilli,other,19-08-2025,600,1500,1200
uttrakhand,haridwar,bhagwanpur(naveen mandi sthal),guava,other,19-08-2025,1400,1600,1500
uttrakhand,haridwar,haridwar union,apple,other,19-08-2025,3000,7000,4500
uttrakhand,haridwar,haridwar union,bottle gourd,bottle gourd,19-08-2025,800,1500,1000
uttrakhand,haridwar,haridwar union,green chilli,green chilly,19-08-2025,3000,3500,3200
uttrakhand,haridwar,haridwar union,mousambi(sweet lime),mousambi,19-08-2025,3500,4500,4000
uttrakhand,haridwar,haridwar union,potato,potato,19-08-2025,800,1200,1000
uttrakhand,haridwar,haridwar union,tomato,deshi,19-08-2025,4000,4800,4400
uttrakhand,haridwar,manglaur,bottle gourd,other,19-08-2025,1000,1700,1500
uttrakhand,haridwar,roorkee,banana,other,19-08-2025,800,1250,1000
uttrakhand,haridwar,roorkee,bottle gourd,other,19-08-2025,600,800,700
uttrakhand,haridwar,roorkee,onion,other,19-08-2025,2000,4000,3000
uttrakhand,nanital,haldwani,apple,other,19-08-2025,2200,7000,5000
uttrakhand,nanital,haldwani,bitter gourd,other,19-08-2025,600,2500,1500
uttrakhand,nanital,haldwani,cauliflower,other,19-08-2025,700,1200,1000
uttrakhand,nanital,haldwani,green chilli,other,19-08-2025,1500,2500,2000
uttrakhand,nanital,haldwani,guava,other,19-08-2025,400,600,500
uttrakhand,nanital,haldwani,papaya,other,19-08-2025,1800,2500,2000
uttrakhand,nanital,haldwani,pomegranate,other,19-08-2025,5500,6500,6000
uttrakhand,nanital,ramnagar,bhindi(ladies finger),other,19-08-2025,1000,1500,1250
uttrakhand,nanital,ramnagar,cucumbar(kheera),other,19-08-2025,1000,1500,1250
uttrakhand,nanital,ramnagar,pumpkin,other,19-08-2025,1500,2000,1750
uttrakhand,nanital,ramnagar,sponge gourd,other,19-08-2025,1000,1500,1250
uttrakhand,udhamsinghnagar,bazpur,onion,other,19-08-2025,2000,2000,2000
uttrakhand,udhamsinghnagar,bazpur,potato,other,19-08-2025,1200,1200,1200
uttrakhand,udhamsinghnagar,bazpur,rice,common,19-08-2025,2515,4000,3324
uttrakhand,udhamsinghnagar,rudrapur,brinjal,other,19-08-2025,1200,2000,1500
uttrakhand,udhamsinghnagar,rudrapur,mousambi(sweet lime),other,19-08-2025,2000,3000,2500
uttrakhand,udhamsinghnagar,rudrapur,pear(marasebu),other,19-08-2025,4000,7000,6000
uttrakhand,udhamsinghnagar,rudrapur,pointed gourd (parval),other,19-08-2025,4000,6000,5000
west bengal,bankura,bankura sadar,onion,nasik,19-08-2025,2100,2300,2200
west bengal,bankura,bankura sadar,rice,common,19-08-2025,3300,3500,3400
west bengal,bankura,bishnupur(bankura),brinjal,brinjal,19-08-2025,4000,5200,4500
west bengal,bankura,khatra,mustard,mustard,19-08-2025,5800,6200,6000
west bengal,coochbehar,baxirhat,potato,jyoti,19-08-2025,1100,1150,1130
west bengal,coochbehar,haldibari,green chilli,green chilly,19-08-2025,9500,10500,10000
west bengal,darjeeling,darjeeling,cabbage,other,19-08-2025,2400,2600,2500
west bengal,darjeeling,darjeeling,onion,other,19-08-2025,2800,3000,2900
west bengal,darjeeling,karsiyang(matigara),cabbage,other,19-08-2025,3300,3500,3400
west bengal,darjeeling,karsiyang(matigara),onion,other,19-08-2025,2800,3000,2900
west bengal,malda,samsi,potato,local,19-08-2025,1100,1120,1110
west bengal,medinipur(w),ghatal,bhindi(ladies finger),bhindi,19-08-2025,6000,6200,6100
west bengal,medinipur(w),ghatal,bitter gourd,kareli,19-08-2025,6000,6200,6100
west bengal,medinipur(w),ghatal,pumpkin,other,19-08-2025,2100,2300,2200
west bengal,medinipur(w),ghatal,tomato,local,19-08-2025,7100,7300,7200
west bengal,nadia,kalyani,green chilli,green chilly,19-08-2025,7000,8000,7500
west bengal,nadia,kalyani,onion,onion,19-08-2025,2000,2200,2100
west bengal,paschim bardhaman,asansol,masur dal,masur dal,19-08-2025,9350,9600,9450
west bengal,paschim bardhaman,asansol,onion,nasik,19-08-2025,1550,1650,1600
west bengal,paschim bardhaman,asansol,peas(dry),other,19-08-2025,5875,6200,6050
west bengal,paschim bardhaman,durgapur,wheat,kalyan,19-08-2025,2500,2735,2600
west bengal,uttar dinajpur,raiganj,potato,other,19-08-2025,1100,1130,1120
andhra pradesh,anantapur,anantapur,mousambi(sweet lime),mousambi,19-08-2025,900,1850,1250
andhra pradesh,chittor,palamaner,cabbage,cabbage,19-08-2025,600,1000,800
andhra pradesh,chittor,palamaner,tomato,hybrid,19-08-2025,3800,4600,4100
andhra pradesh,chittor,vayalapadu,tomato,hybrid,19-08-2025,4000,4600,4200
andhra pradesh,cuddapah,cuddapah,groundnut,local,19-08-2025,1997,3997,3997
andhra pradesh,east godavari,ambajipeta,banana,banana - ripe,19-08-2025,800,1760,1280
andhra pradesh,kurnool,kurnool,arhar (tur/red gram)(whole),local,19-08-2025,3309,6390,6382
andhra pradesh,kurnool,kurnool,foxtail millet(navane),other,19-08-2025,1859,2679,2679
andhra pradesh,nellore,atmakur(sps),paddy(dhan)(common),mtu-1010,19-08-2025,2300,2400,2320
andhra pradesh,nellore,gudur,paddy(dhan)(common),b p t,19-08-2025,2300,2370,2350
chandigarh,chandigarh,chandigarh(grain/fruit),bitter gourd,bitter gourd,19-08-2025,1500,2500,2200
chandigarh,chandigarh,chandigarh(grain/fruit),cauliflower,other,19-08-2025,2000,3200,3000
chandigarh,chandigarh,chandigarh(grain/fruit),ginger(green),other,19-08-2025,2000,4000,3500
chandigarh,chandigarh,chandigarh(grain/fruit),lemon,other,19-08-2025,2000,3000,2600
chandigarh,chandigarh,chandigarh(grain/fruit),onion,other,19-08-2025,800,1600,1400
chandigarh,chandigarh,chandigarh(grain/fruit),pomegranate,other,19-08-2025,4000,14000,9000
chandigarh,chandigarh,chandigarh(grain/fruit),pumpkin,other,19-08-2025,500,1000,800
gujarat,ahmedabad,viramgam,paddy(dhan)(common),other,19-08-2025,1035,1955,1495
gujarat,amreli,bagasara,corriander seed,"a-1, green",19-08-2025,5000,6250,5625
gujarat,amreli,savarkundla,groundnut,big (with shell),19-08-2025,4500,5280,5125
gujarat,anand,khambhat(veg yard khambhat),guar,other,19-08-2025,3000,4000,3600
gujarat,anand,khambhat(veg yard khambhat),tinda,other,19-08-2025,2000,2500,2200
gujarat,banaskanth,palanpur,castor seed,castor seed,19-08-2025,6475,6505,6490
gujarat,banaskanth,palanpur,maize,deshi red,19-08-2025,2380,2380,2380
gujarat,banaskanth,palanpur,rajgir,other,19-08-2025,4905,5865,5385
gujarat,banaskanth,vadgam,bajra(pearl millet/cumbu),other,19-08-2025,1820,2550,2475
gujarat,bharuch,jambusar,cotton,other,19-08-2025,5800,6400,6100
gujarat,bharuch,jambusar(kaavi),maize,other,19-08-2025,2000,2200,2100
gujarat,botad,botad,arhar (tur/red gram)(whole),other,19-08-2025,4005,5350,4750
gujarat,dahod,dahod,green gram (moong)(whole),green (whole),19-08-2025,7200,7800,7500
gujarat,dahod,dahod,paddy(dhan)(common),paddy coarse,19-08-2025,1690,1690,1690
gujarat,dahod,dahod,paddy(dhan)(common),paddy fine,19-08-2025,1900,1950,1915
gujarat,dahod,dahod,wheat,wheat,19-08-2025,2760,2765,2760
gujarat,dahod,dahod(veg. market),cucumbar(kheera),cucumbar,19-08-2025,500,1500,1000
gujarat,dahod,dahod(veg. market),garlic,other,19-08-2025,3500,9500,6500
gujarat,dahod,dahod(veg. market),ginger(green),green ginger,19-08-2025,2500,6000,4250
gujarat,devbhumi dwarka,jam khambalia,bengal gram(gram)(whole),other,19-08-2025,5250,5450,5350
gujarat,gandhinagar,dehgam,wheat,other,19-08-2025,2540,2700,2620
gujarat,gandhinagar,dehgam(rekhiyal),bajra(pearl millet/cumbu),other,19-08-2025,2410,2500,2455
gujarat,gandhinagar,kalol,guar seed(cluster beans seed),other,19-08-2025,4705,4705,4705
gujarat,gandhinagar,kalol,mustard,other,19-08-2025,6400,6400,6400
gujarat,gandhinagar,kalol,wheat,other,19-08-2025,2500,2775,2650
gujarat,jamnagar,dhrol,bengal gram(gram)(whole),other,19-08-2025,5250,5675,5465
gujarat,jamnagar,kalawad,methi seeds,other,19-08-2025,3500,4350,4120
gujarat,jamnagar,kalawad,"sesamum(sesame,gingelly,til)",other,19-08-2025,7000,8925,7850
gujarat,kheda,kapadvanj,bajra(pearl millet/cumbu),hybrid,19-08-2025,1500,2450,1975
gujarat,kheda,nadiad,tomato,other,19-08-2025,2100,2500,2250
gujarat,kheda,nadiyad(piplag),bottle gourd,bottle gourd,19-08-2025,1200,1300,1250
gujarat,kheda,nadiyad(piplag),ginger(green),green ginger,19-08-2025,4000,5000,4500
gujarat,kheda,nadiyad(piplag),guar,gwar,19-08-2025,2000,2500,2400
gujarat,kheda,nadiyad(piplag),tomato,tomato,19-08-2025,1500,1800,1650
gujarat,mehsana,kadi,bajra(pearl millet/cumbu),deshi,19-08-2025,1800,2435,2300
gujarat,mehsana,vijapur,castor seed,other,19-08-2025,6440,6535,6500
gujarat,navsari,navsari,bhindi(ladies finger),bhindi,19-08-2025,500,1000,750
gujarat,navsari,navsari,methi(leaves),methi,19-08-2025,3500,4000,3750
gujarat,navsari,navsari,tomato,other,19-08-2025,2500,5000,3750
gujarat,patan,sami,cummin seed(jeera),cummin seed(jeera),19-08-2025,17000,18125,17625
gujarat,patan,sami,isabgul (psyllium),isabgul (psyllium),19-08-2025,7250,9250,8500
gujarat,patan,siddhpur,bajra(pearl millet/cumbu),deshi,19-08-2025,1400,2775,2087
gujarat,patan,siddhpur,mustard,mustard,19-08-2025,6155,6485,6320
gujarat,patan,siddhpur,wheat,hybrid,19-08-2025,2580,2680,2630
gujarat,porbandar,porbandar,cauliflower,african sarson,19-08-2025,3000,4000,3500
gujarat,porbandar,porbandar,mousambi(sweet lime),mousambi,19-08-2025,2500,3500,3000
gujarat,rajkot,dhoraji,wheat,lokwan,19-08-2025,2545,2605,2605
gujarat,rajkot,rajkot,arhar (tur/red gram)(whole),arhar (whole),19-08-2025,5550,6580,6110
gujarat,rajkot,rajkot,bajra(pearl millet/cumbu),deshi,19-08-2025,1850,2105,1900
gujarat,rajkot,rajkot,castor seed,caster,19-08-2025,6000,6480,6350
gujarat,rajkot,rajkot,groundnut,g20,19-08-2025,4250,5500,4950
gujarat,rajkot,rajkot,methi seeds,methiseeds,19-08-2025,4050,6075,4750
gujarat,rajkot,rajkot(veg.sub yard),bottle gourd,bottle gourd,19-08-2025,500,1000,750
gujarat,rajkot,rajkot(veg.sub yard),brinjal,brinjal,19-08-2025,500,1500,1000
gujarat,surat,surat,cowpea(veg),other,19-08-2025,3500,7500,5500
gujarat,surat,surat,drumstick,other,19-08-2025,2000,4000,3000
gujarat,surat,surat,elephant yam (suran),other,19-08-2025,3500,4500,4000
gujarat,surat,surat,ginger(green),other,19-08-2025,2000,6500,4250
gujarat,surat,surat,mango (raw-ripe),other,19-08-2025,10000,14000,12000
gujarat,surat,surat,onion,other,19-08-2025,700,2100,1400
gujarat,surat,surat,papaya (raw),other,19-08-2025,800,1900,1350
gujarat,surat,surat,potato,other,19-08-2025,600,1800,1200
gujarat,surendranagar,chotila,groundnut,jl-24,19-08-2025,5000,6000,5500
gujarat,surendranagar,dasada patadi,castor seed,castor seed,19-08-2025,6400,6425,6420
gujarat,surendranagar,dasada patadi,cummin seed(jeera),cummin seed(jeera),19-08-2025,17000,18000,17680
gujarat,surendranagar,dasada patadi,suva (dill seed),suva (dill seed),19-08-2025,5500,6000,5900
gujarat,surendranagar,vadhvan,bhindi(ladies finger),bhindi,19-08-2025,1000,1500,1250
gujarat,surendranagar,vadhvan,bottle gourd,bottle gourd,19-08-2025,250,500,375
gujarat,surendranagar,vadhvan,cabbage,cabbage,19-08-2025,1000,1500,1250
gujarat,surendranagar,vadhvan,raddish,raddish,19-08-2025,500,1000,750
gujarat,surendranagar,vadhvan,ridgeguard(tori),ridgeguard(tori),19-08-2025,1000,1500,1250
gujarat,surendranagar,vadhvan,tinda,tinda,19-08-2025,3500,4500,4000
gujarat,vadodara(baroda),padra,bhindi(ladies finger),other,19-08-2025,1000,1250,1125
gujarat,vadodara(baroda),padra,brinjal,other,19-08-2025,1000,2000,1500
gujarat,vadodara(baroda),padra,colacasia,other,19-08-2025,3250,3500,3400
gujarat,vadodara(baroda),padra,lemon,other,19-08-2025,3500,4500,4000
gujarat,vadodara(baroda),padra,little gourd (kundru),other,19-08-2025,1000,2000,1500
gujarat,vadodara(baroda),padra,onion,other,19-08-2025,1500,2200,1850
gujarat,vadodara(baroda),padra,ridgeguard(tori),other,19-08-2025,1000,1500,1250
gujarat,valsad,chikli(khorgam),bitter gourd,other,19-08-2025,1500,2000,1750
gujarat,valsad,chikli(khorgam),bottle gourd,other,19-08-2025,1750,2500,2125
gujarat,valsad,chikli(khorgam),tinda,other,19-08-2025,4000,5000,4500
haryana,ambala,ambala cantt.,bhindi(ladies finger),bhindi,19-08-2025,1500,2500,2000
haryana,ambala,ambala cantt.,cabbage,cabbage,19-08-2025,500,800,600
haryana,ambala,barara,colacasia,colacasia,19-08-2025,1200,1500,1200
haryana,ambala,barara,guava,other,19-08-2025,2500,2500,2500
haryana,ambala,barara,mousambi(sweet lime),other,19-08-2025,3500,4000,3500
haryana,ambala,barara,tomato,other,19-08-2025,700,1500,1200
haryana,gurgaon,farukh nagar,onion,other,19-08-2025,1800,2100,1800
haryana,gurgaon,farukh nagar,tomato,other,19-08-2025,4900,5300,4900
haryana,gurgaon,gurgaon,apple,other,19-08-2025,5000,10000,7500
haryana,gurgaon,sohna,guava,guava,19-08-2025,1500,1500,1500
haryana,gurgaon,sohna,onion,onion,19-08-2025,1400,2000,1800
haryana,gurgaon,sohna,potato,potato,19-08-2025,1200,1200,1200
haryana,gurgaon,sohna,spinach,spinach,19-08-2025,1200,3000,2500
haryana,hissar,barwala(hisar),onion,other,19-08-2025,1800,2000,1900
haryana,hissar,hansi,cucumbar(kheera),other,19-08-2025,2000,3000,2500
haryana,hissar,hansi,onion,other,19-08-2025,1500,2000,1800
haryana,hissar,hansi,pomegranate,other,19-08-2025,5000,10000,8000
haryana,hissar,hansi,tomato,other,19-08-2025,5000,6000,5500
haryana,jhajar,bahadurgarh,carrot,other,19-08-2025,5000,6000,5500
haryana,jhajar,bahadurgarh,garlic,other,19-08-2025,10000,12000,11000
haryana,jhajar,bahadurgarh,lemon,other,19-08-2025,6000,7000,6500
haryana,jhajar,bahadurgarh,pomegranate,other,19-08-2025,7500,8000,7800
haryana,kaithal,dhand,apple,other,19-08-2025,8000,9000,8800
haryana,kaithal,dhand,onion,other,19-08-2025,1500,2000,1900
haryana,kaithal,dhand,potato,other,19-08-2025,1100,1200,1180
haryana,kurukshetra,ladwa,colacasia,other,19-08-2025,3000,3000,3000
haryana,kurukshetra,ladwa,cucumbar(kheera),cucumbar,19-08-2025,1000,2000,1500
haryana,kurukshetra,ladwa,lemon,lemon,19-08-2025,4000,5000,4200
haryana,kurukshetra,pehowa,potato,other,19-08-2025,1400,1740,1560
haryana,mahendragarh-narnaul,narnaul,apple,apple,19-08-2025,6000,8000,8000
haryana,mahendragarh-narnaul,narnaul,bhindi(ladies finger),bhindi,19-08-2025,2000,3000,2500
haryana,mahendragarh-narnaul,narnaul,brinjal,brinjal,19-08-2025,1800,2000,2000
haryana,mahendragarh-narnaul,narnaul,ginger(green),green ginger,19-08-2025,4000,6000,5000
haryana,mahendragarh-narnaul,narnaul,mousambi(sweet lime),mousambi,19-08-2025,3000,3000,3000
haryana,mahendragarh-narnaul,narnaul,onion,onion,19-08-2025,1500,1700,1600
haryana,mahendragarh-narnaul,narnaul,potato,potato,19-08-2025,1300,1300,1300
haryana,mahendragarh-narnaul,narnaul,potato,potato,19-08-2025,1000,1000,1000
haryana,mewat,punhana,onion,other,19-08-2025,1700,1700,1700
haryana,mewat,punhana,potato,other,19-08-2025,1200,1200,1200
haryana,mewat,tauru,bottle gourd,other,19-08-2025,1500,1500,1500
haryana,mewat,tauru,brinjal,other,19-08-2025,1500,1500,1500
haryana,mewat,tauru,potato,potato,19-08-2025,1400,1400,1400
haryana,mewat,tauru,tomato,hybrid,19-08-2025,6000,6000,6000
haryana,panipat,panipat,apple,other,19-08-2025,2000,8000,5000
haryana,panipat,panipat,chikoos(sapota),other,19-08-2025,3500,3700,3600
haryana,panipat,panipat,raddish,other,19-08-2025,500,1500,1000
haryana,panipat,samalkha,brinjal,brinjal,19-08-2025,1100,1100,1100
haryana,rewari,kosli,banana,other,19-08-2025,2000,2000,2000
haryana,rewari,kosli,brinjal,other,19-08-2025,1000,1000,1000
haryana,rewari,rewari,apple,apple,19-08-2025,6000,18000,12000
haryana,rewari,rewari,potato,other,19-08-2025,1000,1800,1400
haryana,rewari,rewari,tomato,other,19-08-2025,2000,3000,2500
haryana,rohtak,meham,potato,other,19-08-2025,800,1000,900
haryana,rohtak,meham,spinach,other,19-08-2025,2000,2000,2000
haryana,sonipat,ganaur,banana,banana - ripe,19-08-2025,2800,3000,2800
haryana,sonipat,ganaur,brinjal,brinjal,19-08-2025,2800,3000,2800
haryana,sonipat,ganaur,lemon,lemon,19-08-2025,7000,8000,7500
haryana,sonipat,ganaur,pumpkin,pumpkin,19-08-2025,1200,1500,1400
haryana,sonipat,ganaur,yam (ratalu),yam (ratalu),19-08-2025,2400,2500,2400
haryana,sonipat,gohana,banana - green,other,19-08-2025,2000,3000,2200
haryana,sonipat,gohana,bhindi(ladies finger),other,19-08-2025,2000,3000,2500
haryana,sonipat,gohana,onion,other,19-08-2025,1200,2500,1500
haryana,sonipat,gohana,water melon,other,19-08-2025,2000,2500,2200
haryana,sonipat,sonepat,bhindi(ladies finger),other,19-08-2025,2100,2300,2100
haryana,sonipat,sonepat,bitter gourd,other,19-08-2025,1900,2100,1900
haryana,sonipat,sonepat,tomato,other,19-08-2025,3600,4500,3600
haryana,yamuna nagar,chhachrauli,bottle gourd,bottle gourd,19-08-2025,1300,2200,1300
haryana,yamuna nagar,jagadhri,ginger(green),other,19-08-2025,4000,4800,4400
haryana,yamuna nagar,jagadhri,mousambi(sweet lime),other,19-08-2025,2100,2650,2450
haryana,yamuna nagar,jagadhri,tomato,other,19-08-2025,3800,4600,4450
haryana,yamuna nagar,sadhaura,bottle gourd,bottle gourd,19-08-2025,900,1500,1000
haryana,yamuna nagar,sadhaura,potato,other,19-08-2025,700,1000,800
haryana,yamuna nagar,sadhaura,pumpkin,other,19-08-2025,700,1000,800
himachal pradesh,bilaspur,bilaspur,bitter gourd,other,19-08-2025,2800,3300,3200
himachal pradesh,bilaspur,bilaspur,green chilli,other,19-08-2025,4500,7500,6500
himachal pradesh,chamba,chamba,bitter gourd,other,19-08-2025,3500,4000,3750
himachal pradesh,chamba,chamba,ginger(green),other,19-08-2025,9000,10000,9500
himachal pradesh,chamba,chamba,guava,other,19-08-2025,7000,7500,7250
himachal pradesh,chamba,chamba,mousambi(sweet lime),other,19-08-2025,5000,5500,5250
himachal pradesh,kangra,dharamshala,cabbage,other,19-08-2025,3500,3600,3550
himachal pradesh,kangra,dharamshala,mousambi(sweet lime),other,19-08-2025,4800,5500,5150
himachal pradesh,kangra,kangra,capsicum,other,19-08-2025,7000,7500,7200
himachal pradesh,kangra,kangra,french beans (frasbean),other,19-08-2025,9000,10000,9500
himachal pradesh,kangra,kangra,papaya,other,19-08-2025,3500,4000,3700
himachal pradesh,kangra,kangra,raddish,other,19-08-2025,2000,3000,2500
himachal pradesh,kangra,kangra,spinach,other,19-08-2025,4000,4500,4200
himachal pradesh,kangra,kangra(baijnath),apple,apple,19-08-2025,4500,9000,7500
himachal pradesh,kangra,kangra(baijnath),cucumbar(kheera),cucumbar,19-08-2025,2700,2800,2800
himachal pradesh,kangra,kangra(baijnath),green chilli,green chilly,19-08-2025,5500,6000,5800
himachal pradesh,kangra,kangra(baijnath),mousambi(sweet lime),mousambi,19-08-2025,5000,5200,5200
himachal pradesh,kangra,kangra(baijnath),pineapple,other,19-08-2025,4000,5000,4500
himachal pradesh,kangra,kangra(baijnath),pomegranate,other,19-08-2025,8500,15000,12000
himachal pradesh,kangra,kangra(baijnath),potato,potato,19-08-2025,1600,2500,1800
himachal pradesh,kangra,kangra(baijnath),tomato,tomato,19-08-2025,5600,5800,5700
himachal pradesh,kangra,kangra(jaisinghpur),lemon,lemon,19-08-2025,7500,8500,8000
himachal pradesh,kangra,kangra(nagrota bagwan),carrot,carrot,19-08-2025,2400,2800,2500
himachal pradesh,kangra,kangra(nagrota bagwan),colacasia,colacasia,19-08-2025,2500,2800,2600
himachal pradesh,kangra,kangra(nagrota bagwan),ginger(green),green ginger,19-08-2025,7800,8000,8000
himachal pradesh,kangra,kangra(nagrota bagwan),sponge gourd,other,19-08-2025,2200,3000,2500
himachal pradesh,kangra,palampur,cucumbar(kheera),other,19-08-2025,2500,3000,2700
himachal pradesh,kangra,palampur,ginger(green),other,19-08-2025,8000,9000,8500
himachal pradesh,kangra,palampur,mashrooms,other,19-08-2025,19000,20000,19500
himachal pradesh,kangra,palampur,mousambi(sweet lime),other,19-08-2025,6500,7000,6700
himachal pradesh,kangra,palampur,tomato,tomato,19-08-2025,4500,6000,5200
himachal pradesh,kullu,bhuntar,bhindi(ladies finger),other,19-08-2025,2200,2500,2300
himachal pradesh,kullu,bhuntar,bitter gourd,bitter gourd,19-08-2025,1600,2000,1800
himachal pradesh,kullu,kullu(patli kuhal),apple,other,19-08-2025,1500,6000,4000
himachal pradesh,mandi,mandi(mandi),apple,apple,19-08-2025,2000,4000,3000
himachal pradesh,mandi,mandi(mandi),carrot,carrot,19-08-2025,2500,3000,2800
himachal pradesh,mandi,mandi(mandi),coriander(leaves),coriander,19-08-2025,15000,15000,15000
himachal pradesh,mandi,mandi(mandi),french beans (frasbean),french beans (frasbean),19-08-2025,6000,8000,7000
himachal pradesh,mandi,mandi(mandi),mousambi(sweet lime),mousambi,19-08-2025,4000,5000,5000
himachal pradesh,mandi,mandi(mandi),tomato,tomato,19-08-2025,4000,7000,6000
himachal pradesh,sirmore,nahan,cauliflower,other,19-08-2025,4000,5000,4500
himachal pradesh,sirmore,nahan,ginger(green),other,19-08-2025,8000,10000,9000
himachal pradesh,sirmore,nahan,potato,other,19-08-2025,1500,2000,1800
himachal pradesh,sirmore,nahan,pumpkin,other,19-08-2025,1500,2000,1800
himachal pradesh,sirmore,paonta sahib,bitter gourd,other,19-08-2025,2000,3000,2500
himachal pradesh,sirmore,paonta sahib,cabbage,other,19-08-2025,2000,2500,2200
himachal pradesh,sirmore,paonta sahib,capsicum,other,19-08-2025,4000,6000,5000
himachal pradesh,sirmore,paonta sahib,mousambi(sweet lime),other,19-08-2025,5000,6000,5500
himachal pradesh,sirmore,paonta sahib,pineapple,other,19-08-2025,4000,4200,4100
himachal pradesh,sirmore,paonta sahib,sponge gourd,other,19-08-2025,2000,2500,2200
jammu and kashmir,baramulla,nowpora,apple,rizakwadi,19-08-2025,1700,2100,1900
jammu and kashmir,baramulla,nowpora,pear(marasebu),pears,19-08-2025,3500,5900,4700
jammu and kashmir,jammu,narwal jammu (f&v),apple,kullu royal delicious,19-08-2025,5000,8000,6500
jammu and kashmir,jammu,narwal jammu (f&v),field pea,field pea,19-08-2025,7500,8000,7750
jammu and kashmir,jammu,narwal jammu (f&v),pineapple,pine apple,19-08-2025,4000,6000,5000
jammu and kashmir,kathua,kathua,brinjal,other,19-08-2025,1000,1200,1100
jammu and kashmir,kathua,kathua,coriander(leaves),coriander,19-08-2025,10000,12000,11000
jammu and kashmir,kathua,kathua,indian beans (seam),other,19-08-2025,7000,7500,7250
jammu and kashmir,kathua,kathua,raddish,other,19-08-2025,2500,3000,2750
jammu and kashmir,kathua,kathua,tomato,other,19-08-2025,4500,5000,4750
jammu and kashmir,pulwama,pulwama (f&v),pear(marasebu),other,19-08-2025,5625,6250,5937.5
jammu and kashmir,rajouri,rajouri (f&v),french beans (frasbean),other,19-08-2025,6000,6200,6100
jammu and kashmir,srinagar,parimpore,carrot,other,19-08-2025,3000,3500,3250
jammu and kashmir,srinagar,parimpore,cucumbar(kheera),other,19-08-2025,1300,1500,1400
jammu and kashmir,srinagar,parimpore,garlic,other,19-08-2025,6000,7000,6500
jammu and kashmir,srinagar,parimpore,lemon,other,19-08-2025,4000,4500,4250
jammu and kashmir,srinagar,parimpore,peas wet,other,19-08-2025,9000,11000,10000
jammu and kashmir,udhampur,udhampur,apple,delicious,19-08-2025,8000,10000,9000
karnataka,bangalore,ramanagara,bhindi(ladies finger),bhindi,19-08-2025,2400,3500,3200
karnataka,bangalore,ramanagara,ginger(green),green ginger,19-08-2025,4800,6000,5500
karnataka,chamrajnagar,chamaraj nagar,cucumbar(kheera),cucumbar,19-08-2025,500,1200,900
karnataka,chamrajnagar,chamaraj nagar,green chilli,green chilly,19-08-2025,2500,3500,3000
karnataka,chamrajnagar,chamaraj nagar,knool khol,knool khol,19-08-2025,1500,2300,1900
karnataka,davangere,davangere,beans,beans (whole),19-08-2025,2000,2500,2300
karnataka,davangere,davangere,beetroot,beetroot,19-08-2025,1800,2200,2000
karnataka,davangere,davangere,bhindi(ladies finger),bhindi,19-08-2025,1800,2200,2000
karnataka,davangere,davangere,bunch beans,bunch beans,19-08-2025,2000,2400,2200
karnataka,davangere,davangere,capsicum,capsicum,19-08-2025,2800,3400,3200
karnataka,davangere,davangere,cauliflower,cauliflower,19-08-2025,1700,2400,2100
karnataka,davangere,davangere,knool khol,knool khol,19-08-2025,1900,2400,2200
karnataka,davangere,davangere,lime,lime,19-08-2025,1100,1500,1300
karnataka,davangere,davangere,mousambi(sweet lime),mousambi,19-08-2025,2000,3000,2500
karnataka,davangere,davangere,sweet pumpkin,sweet pumpkin,19-08-2025,1100,1600,1400
karnataka,shimoga,shimoga,arhar dal(tur dal),arhar dal(tur),19-08-2025,9500,11000,10250
karnataka,shimoga,shimoga,bengal gram dal (chana dal),bengal gram dal,19-08-2025,7000,7800,7400
karnataka,shimoga,shimoga,bhindi(ladies finger),bhindi,19-08-2025,2800,3000,2900
karnataka,shimoga,shimoga,cabbage,cabbage,19-08-2025,400,600,500
karnataka,shimoga,shimoga,methi seeds,methiseeds,19-08-2025,7000,8000,7500
karnataka,shimoga,shimoga,mustard,other,19-08-2025,6500,7500,7000
karnataka,shimoga,shimoga,raddish,raddish,19-08-2025,1800,2000,1900
karnataka,shimoga,shimoga,ridgeguard(tori),ridgeguard(tori),19-08-2025,3800,4000,3900
kerala,alappuzha,aroor,banana,nendra bale,19-08-2025,5000,5200,5100
kerala,alappuzha,aroor,beetroot,other,19-08-2025,5900,6100,6000
kerala,alappuzha,aroor,brinjal,other,19-08-2025,5500,5700,5600
kerala,alappuzha,aroor,ginger(green),other,19-08-2025,8000,8200,8100
kerala,alappuzha,aroor,green chilli,other,19-08-2025,7500,7700,7600
kerala,alappuzha,aroor,lemon,other,19-08-2025,6000,6200,6100
kerala,alappuzha,chengannur,beetroot,beetroot,19-08-2025,3900,4200,4000
kerala,alappuzha,chengannur,bitter gourd,other,19-08-2025,4800,5100,5000
kerala,alappuzha,chengannur,cabbage,other,19-08-2025,3800,4300,4000
kerala,alappuzha,chengannur,capsicum,other,19-08-2025,0,0,8000
kerala,alappuzha,chengannur,colacasia,colacasia,19-08-2025,6800,7300,7000
kerala,alappuzha,chengannur,cowpea(veg),cowpea (veg),19-08-2025,5800,6100,6000
kerala,alappuzha,chengannur,green chilli,green chilly,19-08-2025,3900,4200,4000
kerala,alappuzha,harippad,amphophalus,other,19-08-2025,5000,5500,5000
kerala,alappuzha,harippad,beetroot,other,19-08-2025,5000,5500,5000
kerala,alappuzha,harippad,cabbage,other,19-08-2025,4000,4600,4000
kerala,alappuzha,harippad,capsicum,other,19-08-2025,8000,8600,8000
kerala,alappuzha,harippad,carrot,other,19-08-2025,6000,6500,6000
kerala,alappuzha,kayamkulam,beetroot,other,19-08-2025,2100,2300,2200
kerala,alappuzha,kayamkulam,bhindi(ladies finger),other,19-08-2025,4400,4600,4500
kerala,alappuzha,kayamkulam,cauliflower,other,19-08-2025,4100,4300,4200
kerala,alappuzha,kayamkulam,cowpea(veg),other,19-08-2025,3700,3900,3800
kerala,alappuzha,kayamkulam,ginger(green),other,19-08-2025,5900,6100,6000
kerala,alappuzha,kayamkulam,tomato,other,19-08-2025,4100,4300,4200
kerala,ernakulam,aluva,amaranthus,amaranthus,19-08-2025,3000,6000,4500
kerala,ernakulam,aluva,colacasia,other,19-08-2025,6000,8000,7000
kerala,ernakulam,aluva,drumstick,drumstick,19-08-2025,2000,4000,3000
kerala,ernakulam,aluva,green chilli,green chilly,19-08-2025,4500,6000,5300
kerala,ernakulam,aluva,pumpkin,pumpkin,19-08-2025,2200,3500,2900
kerala,ernakulam,aluva,snakeguard,snakeguard,19-08-2025,3500,5000,4300
kerala,ernakulam,ernakulam,amphophalus,amphophalus,19-08-2025,4500,5000,4800
kerala,ernakulam,ernakulam,ashgourd,ashgourd,19-08-2025,2300,2800,2500
kerala,ernakulam,mazhuvannur vfpck,banana,nendra bale,19-08-2025,1500,5500,4200
kerala,ernakulam,mazhuvannur vfpck,tapioca,other,19-08-2025,1200,1800,1600
kerala,ernakulam,north paravur,amla(nelli kai),amla,19-08-2025,5000,6000,5500
kerala,ernakulam,north paravur,ashgourd,ashgourd,19-08-2025,3000,3500,3200
kerala,ernakulam,north paravur,beetroot,beetroot,19-08-2025,3500,4000,3800
kerala,ernakulam,north paravur,bitter gourd,bitter gourd,19-08-2025,5000,6000,5500
kerala,ernakulam,north paravur,bottle gourd,bottle gourd,19-08-2025,2000,2500,2200
kerala,ernakulam,north paravur,french beans (frasbean),french beans (frasbean),19-08-2025,5500,6000,5800
kerala,ernakulam,north paravur,little gourd (kundru),little gourd (kundru),19-08-2025,5500,6000,5800
kerala,ernakulam,north paravur,sweet potato,hosur green,19-08-2025,3500,4000,3800
kerala,ernakulam,north paravur,tomato,deshi,19-08-2025,4500,5000,4800
kerala,ernakulam,perumbavoor,cabbage,cabbage,19-08-2025,2000,3000,2500
kerala,ernakulam,perumbavoor,carrot,carrot,19-08-2025,5000,6000,5500
kerala,ernakulam,perumbavoor,cauliflower,cauliflower,19-08-2025,2800,3800,3200
kerala,ernakulam,perumbavoor,cowpea(veg),cowpea (veg),19-08-2025,5500,6500,6000
kerala,ernakulam,perumbavoor,elephant yam (suran),other,19-08-2025,4000,5000,4500
kerala,ernakulam,perumbavoor,ginger(green),green ginger,19-08-2025,6500,7500,7000
kerala,ernakulam,perumbavoor,snakeguard,snakeguard,19-08-2025,2500,3500,3000
kerala,ernakulam,piravam,amaranthus,other,19-08-2025,4000,5000,4500
kerala,ernakulam,piravam,amphophalus,other,19-08-2025,5000,6000,5500
kerala,ernakulam,piravam,bottle gourd,other,19-08-2025,4000,5000,4500
kerala,ernakulam,piravam,brinjal,other,19-08-2025,4000,5000,4500
kerala,ernakulam,piravam,onion,big,19-08-2025,2500,3500,3000
kerala,ernakulam,piravam,pineapple,pine apple,19-08-2025,4000,5000,4500
kerala,ernakulam,pothanikkadu vfpck,banana,palayamthodan,19-08-2025,1800,2950,2500
kerala,ernakulam,pothanikkadu vfpck,banana,poovan,19-08-2025,4000,4800,4350
kerala,ernakulam,thrippunithura,amphophalus,amphophalus,19-08-2025,5500,8000,5700
kerala,ernakulam,thrippunithura,ashgourd,ashgourd,19-08-2025,3400,5000,3600
kerala,ernakulam,thrippunithura,brinjal,brinjal,19-08-2025,5000,6500,5200
kerala,ernakulam,thrippunithura,little gourd (kundru),other,19-08-2025,6000,6500,6200
kerala,ernakulam,thrippunithura,tapioca,tapioca,19-08-2025,3000,3500,3200
kerala,idukki,adimali,ashgourd,ashgourd,19-08-2025,2500,2500,2500
kerala,idukki,adimali,banana,nendra bale,19-08-2025,6000,6000,6000
kerala,idukki,adimali,banana,poovan,19-08-2025,5000,5000,5000
kerala,idukki,adimali,banana,robusta,19-08-2025,4000,4000,4000
kerala,idukki,thodupuzha,apple,other,19-08-2025,6300,6500,6500
kerala,idukki,thodupuzha,cocoa,other,19-08-2025,6300,6500,6500
kerala,idukki,thodupuzha,rubber,rss-4,19-08-2025,17800,18000,18000
kerala,idukki,thodupuzha,water melon,other,19-08-2025,1600,1800,1800
kerala,kannur,payyannur,arecanut(betelnut/supari),other,19-08-2025,36000,38000,37000
kerala,kannur,payyannur,coconut seed,coconut seed,19-08-2025,5700,5900,5800
kerala,kannur,taliparamba,banana,other,19-08-2025,8300,8500,8400
kerala,kannur,taliparamba,green chilli,green chilly,19-08-2025,4900,5100,5000
kerala,kannur,thalasserry,carrot,carrot,19-08-2025,6800,7200,7000
kerala,kannur,thalasserry,onion,1st sort,19-08-2025,2300,2500,2400
kerala,kannur,thalasserry,potato,other,19-08-2025,2300,2500,2400
kerala,kannur,thalasserry,snakeguard,other,19-08-2025,4600,5000,4800
kerala,kasargod,kasargod,bhindi(ladies finger),other,19-08-2025,6500,6700,6600
kerala,kasargod,kasargod,cucumbar(kheera),other,19-08-2025,2000,2200,2100
kerala,kollam,anchal,banana,nendra bale,19-08-2025,7800,8000,7900
kerala,kollam,anchal,banana,red banana,19-08-2025,5800,6000,5900
kerala,kollam,anchal,banana,robusta,19-08-2025,2800,3000,2900
kerala,kollam,anchal,bitter gourd,bitter gourd,19-08-2025,6500,6700,6600
kerala,kollam,anchal,brinjal,brinjal,19-08-2025,4500,4700,4600
kerala,kollam,anchal,coconut,other,19-08-2025,6300,6500,6400
kerala,kollam,anchal,cucumbar(kheera),other,19-08-2025,1800,2000,1900
kerala,kollam,anchal,snakeguard,snakeguard,19-08-2025,4500,4700,4600
kerala,kollam,kottarakkara,cabbage,other,19-08-2025,5000,5500,5500
kerala,kollam,kottarakkara,coconut,other,19-08-2025,9000,10000,9500
kerala,kollam,kottarakkara,cowpea(veg),other,19-08-2025,6600,7500,7000
kerala,kollam,kottarakkara,ginger(green),other,19-08-2025,6000,7500,7000
kerala,kollam,kottarakkara,mango,other,19-08-2025,7500,8700,8000
kerala,kollam,kottarakkara,onion,other,19-08-2025,4000,4500,4200
kerala,kottayam,athirampuzha,ashgourd,ashgourd,19-08-2025,3000,3200,3100
kerala,kottayam,athirampuzha,banana - green,banana - green,19-08-2025,4000,4400,4200
kerala,kottayam,athirampuzha,carrot,carrot,19-08-2025,7800,8000,7900
kerala,kottayam,kuruppanthura,banana,poovan,19-08-2025,8000,8600,8500
kerala,kottayam,kuruppanthura,banana - green,banana - green,19-08-2025,5000,6000,5500
kerala,kottayam,kuruppanthura,brinjal,brinjal,19-08-2025,4600,6000,5000
kerala,kottayam,kuruppanthura,cauliflower,cauliflower,19-08-2025,4800,6000,5000
kerala,kottayam,kuruppanthura,drumstick,drumstick,19-08-2025,3000,4000,3500
kerala,kottayam,kuruppanthura,snakeguard,snakeguard,19-08-2025,5400,6000,6000
kerala,kottayam,kuruppanthura,tapioca,tapioca,19-08-2025,3000,4400,3500
kerala,kottayam,mannackanad  vfpck,elephant yam (suran),elephant yam (suran),19-08-2025,4600,5000,4800
kerala,kottayam,pala,banana,banana - ripe,19-08-2025,4300,5000,4600
kerala,kottayam,pala,beetroot,beetroot,19-08-2025,5500,6600,6000
kerala,kottayam,pala,snakeguard,snakeguard,19-08-2025,5000,6000,5500
kerala,kottayam,pala,tomato,tomato,19-08-2025,5800,7000,6400
kerala,kottayam,pampady,ashgourd,other,19-08-2025,2500,4000,3500
kerala,kottayam,pampady,ginger(green),green ginger,19-08-2025,12500,15000,14500
kerala,kottayam,pampady,mango (raw-ripe),other,19-08-2025,7500,9000,8500
kerala,kottayam,pampady,tomato,other,19-08-2025,4200,5500,5000
kerala,kottayam,thalayolaparambu,banana,banana - ripe,19-08-2025,3800,4200,4000
kerala,kottayam,thalayolaparambu,banana,palayamthodan,19-08-2025,3200,3500,3300
kerala,kottayam,thalayolaparambu,bitter gourd,bitter gourd,19-08-2025,3500,4000,3700
kerala,kottayam,thalayolaparambu,cauliflower,cauliflower,19-08-2025,4000,4400,4200
kerala,kottayam,thalayolaparambu,little gourd (kundru),other,19-08-2025,4300,4600,4400
kerala,kottayam,thalayolaparambu,mango,other,19-08-2025,8000,8300,8100
kerala,kottayam,thalayolaparambu,onion,onion,19-08-2025,4200,4500,4300
kerala,kottayam,thalayolaparambu,pumpkin,pumpkin,19-08-2025,2400,2700,2500
kerala,kottayam,thalayolaparambu,tomato,tomato,19-08-2025,5000,5300,5100
kerala,kozhikode(calicut),kallachi,beetroot,beetroot,19-08-2025,4300,4700,4500
kerala,kozhikode(calicut),kallachi,bitter gourd,bitter gourd,19-08-2025,4800,5200,5000
kerala,kozhikode(calicut),kallachi,drumstick,drumstick,19-08-2025,3300,3700,3500
kerala,kozhikode(calicut),kallachi,onion,other,19-08-2025,5300,5700,5500
kerala,kozhikode(calicut),kallachi,snakeguard,snakeguard,19-08-2025,3800,4200,4000
kerala,kozhikode(calicut),kallachi,tomato,tomato,19-08-2025,3400,3800,3600
kerala,kozhikode(calicut),mukkom,apple,other,19-08-2025,14000,15000,14500
kerala,kozhikode(calicut),mukkom,ashgourd,other,19-08-2025,3400,3800,3600
kerala,kozhikode(calicut),mukkom,beetroot,beetroot,19-08-2025,3200,3600,3400
kerala,kozhikode(calicut),mukkom,bottle gourd,bottle gourd,19-08-2025,3200,3600,3400
kerala,kozhikode(calicut),mukkom,cowpea(veg),cowpea (veg),19-08-2025,6500,7000,6700
kerala,kozhikode(calicut),mukkom,ginger(green),green ginger,19-08-2025,6500,7000,6700
kerala,kozhikode(calicut),mukkom,grapes,other,19-08-2025,11000,12000,11500
kerala,kozhikode(calicut),mukkom,onion,onion,19-08-2025,2300,2600,2400
kerala,kozhikode(calicut),mukkom,snakeguard,snakeguard,19-08-2025,4200,4500,4300
kerala,kozhikode(calicut),perambra,amaranthus,amaranthus,19-08-2025,3000,4000,3000
kerala,kozhikode(calicut),perambra,amphophalus,amphophalus,19-08-2025,5000,5500,5200
kerala,kozhikode(calicut),perambra,bitter gourd,other,19-08-2025,4000,5000,4500
kerala,kozhikode(calicut),perambra,cauliflower,cauliflower,19-08-2025,3500,4000,3500
kerala,kozhikode(calicut),perambra,cowpea(veg),other,19-08-2025,4000,5500,5000
kerala,kozhikode(calicut),perambra,green chilli,other,19-08-2025,5000,6500,5500
kerala,kozhikode(calicut),perambra,tomato,tomato,19-08-2025,3500,4000,3600
kerala,kozhikode(calicut),quilandy,amphophalus,other,19-08-2025,5200,5500,5400
kerala,kozhikode(calicut),quilandy,brinjal,other,19-08-2025,3200,3500,3400
kerala,kozhikode(calicut),quilandy,cluster beans,other,19-08-2025,5200,5500,5400
kerala,kozhikode(calicut),quilandy,pumpkin,other,19-08-2025,2400,2500,2400
kerala,kozhikode(calicut),thamarassery,amphophalus,other,19-08-2025,3600,4900,4200
kerala,kozhikode(calicut),thamarassery,banana - green,banana - green,19-08-2025,3500,4500,3800
kerala,kozhikode(calicut),thamarassery,beetroot,other,19-08-2025,3400,5000,4000
kerala,kozhikode(calicut),thamarassery,bitter gourd,other,19-08-2025,3600,4500,3900
kerala,kozhikode(calicut),thamarassery,bottle gourd,other,19-08-2025,3600,4800,4000
kerala,kozhikode(calicut),vengeri(kozhikode),bhindi(ladies finger),bhindi,19-08-2025,3200,3500,3500
kerala,kozhikode(calicut),vengeri(kozhikode),carrot,carrot,19-08-2025,6600,6900,6900
kerala,kozhikode(calicut),vengeri(kozhikode),cucumbar(kheera),cucumbar,19-08-2025,1800,2100,2100
kerala,malappuram,kottakkal,amranthas red,chawli lal,19-08-2025,2200,2400,2300
kerala,malappuram,kottakkal,banana,nendra bale,19-08-2025,3600,3800,3700
kerala,malappuram,kottakkal,cowpea(veg),other,19-08-2025,4200,4400,4300
kerala,malappuram,kottakkal,onion,other,19-08-2025,2300,2500,2400
kerala,malappuram,kottakkal,pineapple,other,19-08-2025,4000,4200,4100
kerala,malappuram,kottakkal,water melon,other,19-08-2025,1500,1700,1600
kerala,palakad,koduvayoor,banana - green,other,19-08-2025,2500,2900,2700
kerala,palakad,koduvayoor,cabbage,other,19-08-2025,1600,2000,1800
kerala,palakad,koduvayoor,colacasia,other,19-08-2025,5400,5800,5600
kerala,palakad,koduvayoor,cucumbar(kheera),cucumbar,19-08-2025,1400,1800,1600
kerala,palakad,koduvayoor,french beans (frasbean),other,19-08-2025,8500,8900,8700
kerala,palakad,koduvayoor,garlic,other,19-08-2025,14000,14400,14200
kerala,palakad,koduvayoor,little gourd (kundru),other,19-08-2025,4200,4600,4400
kerala,palakad,koduvayoor,onion,big,19-08-2025,2200,2600,2400
kerala,palakad,koduvayoor,tapioca,other,19-08-2025,2600,3000,2800
kerala,palakad,palakkad,banana,nendra bale,19-08-2025,3800,5000,4500
kerala,palakad,palakkad,banana,poovan,19-08-2025,7000,8000,7600
kerala,palakad,palakkad,bengal gram(gram)(whole),average (whole),19-08-2025,8800,10000,9500
kerala,palakad,palakkad,black gram (urd beans)(whole),black gram (whole),19-08-2025,9500,11000,10300
kerala,palakad,palakkad,black gram (urd beans)(whole),black gram dal,19-08-2025,11000,12000,11600
kerala,palakad,palakkad,bottle gourd,bottle gourd,19-08-2025,4000,5000,4600
kerala,palakad,palakkad,brinjal,brinjal,19-08-2025,3500,4500,4100
kerala,palakad,palakkad,capsicum,capsicum,19-08-2025,6000,7000,6600
kerala,palakad,palakkad,cauliflower,cauliflower,19-08-2025,3500,4500,4100
kerala,palakad,palakkad,coconut,coconut,19-08-2025,6700,7000,6900
kerala,palakad,palakkad,cowpea (lobia/karamani),cowpea (whole),19-08-2025,9000,10000,9600
kerala,palakad,palakkad,ginger(green),green ginger,19-08-2025,4000,5000,4600
kerala,palakad,palakkad,green peas,green peas,19-08-2025,14000,16000,15100
kerala,palakad,palakkad,kabuli chana(chickpeas-white),kabuli chana(chickpeas-white),19-08-2025,11000,12000,11600
kerala,palakad,palakkad,lemon,other,19-08-2025,5500,6500,6100
kerala,palakad,palakkad,lime,other,19-08-2025,4500,5500,5100
kerala,palakad,palakkad,onion,big,19-08-2025,2800,3500,3200
kerala,palakad,palakkad,onion,small,19-08-2025,5000,6000,5600
kerala,palakad,palakkad,snakeguard,snakeguard,19-08-2025,3800,4500,4200
kerala,palakad,palakkad,tapioca,tapioca,19-08-2025,2000,3000,2600
kerala,pathanamthitta,kuttoor,amaranthus,amaranthus,19-08-2025,4600,5000,4800
kerala,pathanamthitta,kuttoor,banana,other,19-08-2025,4100,4500,4300
kerala,pathanamthitta,kuttoor,bitter gourd,bitter gourd,19-08-2025,8600,9000,8800
kerala,pathanamthitta,kuttoor,pepper ungarbled,other,19-08-2025,59000,63000,61000
kerala,thirssur,annamanada  vfpck,banana,nendra bale,19-08-2025,2000,4900,3800
kerala,thirssur,annamanada  vfpck,banana,palayamthodan,19-08-2025,1500,2400,2000
kerala,thirssur,chavakkad,ashgourd,other,19-08-2025,3000,4000,4000
kerala,thirssur,chavakkad,green chilli,other,19-08-2025,5000,9000,9000
kerala,thirssur,chelakkara,snakeguard,other,19-08-2025,4000,4500,4200
kerala,wayanad,manathavady,banana,other,19-08-2025,2500,2500,2500
kerala,wayanad,manathavady,cowpea(veg),cowpea (veg),19-08-2025,2700,2800,2800
kerala,wayanad,manathavady,rubber,other,19-08-2025,18600,18600,18600
kerala,wayanad,pulpally,bitter gourd,other,19-08-2025,2800,3000,2900
kerala,wayanad,pulpally,green chilli,other,19-08-2025,3200,3400,3300
kerala,wayanad,pulpally,rubber,other,19-08-2025,18600,18800,18700
madhya pradesh,alirajpur,alirajpur,maize,local,19-08-2025,2100,2100,2100
madhya pradesh,badwani,badwani(f&v),cabbage,cabbage,19-08-2025,1000,1000,1000
madhya pradesh,badwani,sendhwa(f&v),coriander(leaves),local,19-08-2025,700,1000,900
madhya pradesh,bhind,gohad,mustard,mustard,19-08-2025,6960,7230,7200
madhya pradesh,bhopal,berasia,soyabean,yellow,19-08-2025,3240,4650,4500
madhya pradesh,bhopal,bhopal,garlic,garlic,19-08-2025,1650,7550,5600
madhya pradesh,chhindwara,chhindwara,gur(jaggery),jaggery,19-08-2025,4120,4120,4120
madhya pradesh,dewas,khategaon,green gram (moong)(whole),green (whole),19-08-2025,1570,6200,6200
madhya pradesh,dhar,dhamnod,cotton,without ginned cotton,19-08-2025,7000,7300,7300
madhya pradesh,dhar,dhamnod,wheat,wheat,19-08-2025,2450,2754,2754
madhya pradesh,dhar,dhar,wheat,mill quality,19-08-2025,2450,2470,2470
madhya pradesh,dhar,kukshi,bengal gram(gram)(whole),gram,19-08-2025,5500,5800,5800
madhya pradesh,dhar,kukshi,wheat,wheat,19-08-2025,2700,2700,2700
madhya pradesh,dhar,manawar,wheat,wheat,19-08-2025,2750,2750,2750
madhya pradesh,dhar,manawar(f&v),cucumbar(kheera),cucumbar,19-08-2025,800,1000,900
madhya pradesh,dhar,manawar(f&v),green chilli,green chilly,19-08-2025,2300,2500,2400
madhya pradesh,dhar,manawar(f&v),onion,onion,19-08-2025,988,1188,1088
madhya pradesh,dhar,manawar(f&v),potato,potato,19-08-2025,1250,1450,1350
madhya pradesh,guna,guna,wheat,wheat,19-08-2025,2600,3190,2830
madhya pradesh,hoshangabad,itarsi,green gram (moong)(whole),green (whole),19-08-2025,500,7700,7500
madhya pradesh,hoshangabad,pipariya,bengal gram(gram)(whole),gram,19-08-2025,5262,5712,5712
madhya pradesh,hoshangabad,pipariya,wheat,wheat,19-08-2025,2640,2640,2640
madhya pradesh,hoshangabad,semriharchand,green gram (moong)(whole),green (whole),19-08-2025,1500,7165,7165
madhya pradesh,indore,indore,bengal gram(gram)(whole),gram,19-08-2025,5435,5965,5965
madhya pradesh,indore,indore,onion,onion,19-08-2025,983,983,983
madhya pradesh,indore,indore,wheat,wheat,19-08-2025,2501,2771,2756
madhya pradesh,indore,indore(f&v),pineapple,pine apple,19-08-2025,1500,3500,2500
madhya pradesh,indore,mhow,soyabean,black,19-08-2025,4100,4100,4100
madhya pradesh,indore,mhow,soyabean,soyabeen,19-08-2025,1501,4250,4250
madhya pradesh,indore,sanwer,wheat,wheat,19-08-2025,2400,2737,2400
madhya pradesh,jabalpur,shahpura bhitoni (f&v),black gram (urd beans)(whole),urda/urd,19-08-2025,6580,6900,6900
madhya pradesh,khandwa,pandhana,soyabean,yellow,19-08-2025,4436,4436,4436
madhya pradesh,khandwa,pandhana,wheat,lokwan,19-08-2025,2690,2690,2690
madhya pradesh,khandwa,sanawad(f&v),brinjal,arkasheela mattigulla,19-08-2025,1000,1000,1000
madhya pradesh,khandwa,sanawad(f&v),tomato,deshi,19-08-2025,3000,3500,3200
madhya pradesh,khargone,karhi,wheat,wheat,19-08-2025,2650,2650,2650
madhya pradesh,khargone,sanawad,bengal gram(gram)(whole),gram,19-08-2025,6800,6800,6800
madhya pradesh,khargone,sanawad,wheat,wheat,19-08-2025,2620,2718,2708
madhya pradesh,mandla,bichhiya,paddy(dhan)(common),kshatriya,19-08-2025,2141,2145,2145
madhya pradesh,mandla,bichhiya,wheat,local,19-08-2025,2500,2500,2500
madhya pradesh,mandla,bichhiya,wheat,mill quality,19-08-2025,2300,2300,2300
madhya pradesh,mandsaur,piplya,bengal gram(gram)(whole),gram,19-08-2025,4501,4501,4501
madhya pradesh,mandsaur,shamgarh,onion,onion,19-08-2025,410,1113,801
madhya pradesh,mandsaur,sitmau,linseed,flaxseed,19-08-2025,7300,7300,7300
madhya pradesh,mandsaur,sitmau,wheat,lokwan,19-08-2025,2667,2667,2667
madhya pradesh,morena,morena,potato,potato,19-08-2025,600,700,700
madhya pradesh,morena,morena,wheat,wheat,19-08-2025,2598,2612,2599
madhya pradesh,morena,sabalgarh(f&v),green chilli,green chilly,19-08-2025,1000,1000,1000
madhya pradesh,morena,sabalgarh(f&v),lemon,other,19-08-2025,1000,1000,1000
madhya pradesh,neemuch,neemuch,garlic,average,19-08-2025,1067,1129,1129
madhya pradesh,neemuch,neemuch,soyabean,soyabeen,19-08-2025,3800,4680,4550
madhya pradesh,raisen,begamganj,bengal gram(gram)(whole),gram,19-08-2025,5500,5570,5570
madhya pradesh,raisen,gairatganj,wheat,wheat,19-08-2025,2600,2901,2700
madhya pradesh,raisen,silvani,bengal gram(gram)(whole),gram,19-08-2025,5200,5850,5850
madhya pradesh,raisen,udaipura,arhar (tur/red gram)(whole),arhar dal(tur),19-08-2025,5400,5870,5870
madhya pradesh,raisen,udaipura,bengal gram(gram)(whole),desi (f.a.q. split),19-08-2025,5000,6000,5805
madhya pradesh,raisen,udaipura,paddy(dhan)(common),paddy,19-08-2025,2710,2800,2800
madhya pradesh,raisen,udaipura,wheat,mill quality,19-08-2025,2580,2615,2605
madhya pradesh,rajgarh,biaora,garlic,garlic,19-08-2025,500,7250,7250
madhya pradesh,rajgarh,biaora,wheat,wheat,19-08-2025,2200,2649,2619
madhya pradesh,rajgarh,jeerapur,lentil (masur)(whole),masur dal,19-08-2025,7090,7150,7150
madhya pradesh,rajgarh,khilchipur,soyabean,soyabeen,19-08-2025,4395,4395,4395
madhya pradesh,rajgarh,kurawar,lentil (masur)(whole),masur dal,19-08-2025,5300,6405,6405
madhya pradesh,rajgarh,kurawar,soyabean,soyabeen,19-08-2025,3200,4675,4575
madhya pradesh,rajgarh,machalpur,wheat,wheat,19-08-2025,2560,2640,2640
madhya pradesh,ratlam,a lot,wheat,wheat,19-08-2025,2500,2630,2630
madhya pradesh,ratlam,jaora,kabuli chana(chickpeas-white),dollar gram,19-08-2025,7300,9740,9740
madhya pradesh,ratlam,jawra(f&v),bhindi(ladies finger),bhindi,19-08-2025,1000,1500,1200
madhya pradesh,ratlam,jawra(f&v),cauliflower,cauliflower,19-08-2025,1500,3000,1800
madhya pradesh,ratlam,jawra(f&v),other green and fresh vegetables,other,19-08-2025,1500,3000,1800
madhya pradesh,ratlam,ratlam,onion,onion,19-08-2025,800,1531,1381
madhya pradesh,ratlam,ratlam,wheat,wheat,19-08-2025,2700,2850,2850
madhya pradesh,rewa,chaakghat,wheat,mill quality,19-08-2025,2500,2525,2525
madhya pradesh,sagar,bamora,soyabean,yellow,19-08-2025,3801,3801,3801
madhya pradesh,sagar,bina,black gram (urd beans)(whole),urda/urd,19-08-2025,5400,5400,5400
madhya pradesh,sagar,bina,lentil (masur)(whole),masur dal,19-08-2025,6460,6570,6501
madhya pradesh,sagar,khurai,lak(teora),tiwada,19-08-2025,3165,3210,3210
madhya pradesh,sagar,khurai(f&v),potato,potato,19-08-2025,1000,1400,1200
madhya pradesh,sagar,sagar,green gram (moong)(whole),green (whole),19-08-2025,7030,7030,7030
madhya pradesh,sagar,sagar,mustard,mustard,19-08-2025,8100,8100,8100
madhya pradesh,sagar,shahagarh,black gram (urd beans)(whole),urda/urd,19-08-2025,4291,4291,4291
madhya pradesh,satna,nagod,mustard,sarson(black),19-08-2025,6500,6500,6500
madhya pradesh,sehore,ashta,lentil (masur)(whole),masur dal,19-08-2025,6500,6900,6900
madhya pradesh,sehore,sehore,coriander(leaves),coriander,19-08-2025,7000,7000,7000
madhya pradesh,shajapur,agar,garlic,garlic,19-08-2025,1300,7500,7001
madhya pradesh,shajapur,nalkehda,wheat,wheat,19-08-2025,2533,2680,2600
madhya pradesh,shajapur,shujalpur,kabuli chana(chickpeas-white),dollar gram,19-08-2025,2500,8311,8311
madhya pradesh,shajapur,soyatkalan,onion,onion,19-08-2025,585,1645,1000
madhya pradesh,shivpuri,badarwas,bengal gram(gram)(whole),gram,19-08-2025,5405,5755,5405
madhya pradesh,shivpuri,badarwas,lentil (masur)(whole),masur dal,19-08-2025,5800,6325,6325
madhya pradesh,shivpuri,badarwas,wheat,wheat,19-08-2025,2450,2630,2615
madhya pradesh,shivpuri,kolaras,wheat,wheat,19-08-2025,2555,2565,2565
madhya pradesh,shivpuri,magroni,wheat,wheat,19-08-2025,2533,2598,2589
madhya pradesh,shivpuri,pohari,wheat,wheat,19-08-2025,2565,2565,2565
madhya pradesh,singroli,singroli,wheat,wheat,19-08-2025,2300,2300,2300
madhya pradesh,ujjain,badnagar,soyabean,yellow,19-08-2025,4651,4670,4670
madhya pradesh,ujjain,badnagar,wheat,wheat,19-08-2025,2549,2753,2753
madhya pradesh,ujjain,khachrod,soyabean,soyabeen,19-08-2025,4474,4572,4572
madhya pradesh,ujjain,mahidpur,maize,local,19-08-2025,2310,2310,2310
madhya pradesh,ujjain,mahidpur,soyabean,soyabeen,19-08-2025,3815,4625,4625
madhya pradesh,ujjain,ujjain,onion,onion,19-08-2025,324,1617,1140
madhya pradesh,umariya,umariya,wheat,mill quality,19-08-2025,2500,2500,2500
madhya pradesh,umariya,umariya,wheat,wheat,19-08-2025,2300,2300,2300
madhya pradesh,vidisha,ganjbasoda,lak(teora),tiwada,19-08-2025,2970,3342,3342
madhya pradesh,vidisha,ganjbasoda,wheat,pissi,19-08-2025,2560,2731,2680
maharashtra,ahmednagar,rahata,bottle gourd,other,19-08-2025,1000,2000,1500
maharashtra,ahmednagar,rahata,cabbage,other,19-08-2025,500,1000,750
maharashtra,ahmednagar,rahata,cauliflower,other,19-08-2025,500,1000,750
maharashtra,ahmednagar,rahata,green chilli,other,19-08-2025,4000,5000,4500
maharashtra,ahmednagar,rahata,guar,other,19-08-2025,2000,11600,6000
maharashtra,ahmednagar,rahata,methi(leaves),other,19-08-2025,5,12,8
maharashtra,ahmednagar,rahata,potato,other,19-08-2025,1200,1500,1300
maharashtra,ahmednagar,rahata,tomato,other,19-08-2025,1000,4250,2550
maharashtra,amarawati,amarawati,arhar (tur/red gram)(whole),other,19-08-2025,6150,6450,6300
maharashtra,chandrapur,chandrapur(ganjwad),potato,other,19-08-2025,1500,1700,1600
maharashtra,chandrapur,chimur,paddy(dhan)(common),other,19-08-2025,2600,2700,2650
maharashtra,chattrapati sambhajinagar,chattrapati sambhajinagar,bottle gourd,other,19-08-2025,700,1300,1000
maharashtra,chattrapati sambhajinagar,chattrapati sambhajinagar,cauliflower,other,19-08-2025,1200,2000,1600
maharashtra,chattrapati sambhajinagar,chattrapati sambhajinagar,pomegranate,other,19-08-2025,1400,6900,4150
maharashtra,chattrapati sambhajinagar,chattrapati sambhajinagar,potato,other,19-08-2025,1000,1500,1250
maharashtra,chattrapati sambhajinagar,chattrapati sambhajinagar,tender coconut,other,19-08-2025,2900,3200,3050
maharashtra,chattrapati sambhajinagar,chattrapati sambhajinagar,tomato,other,19-08-2025,3000,5000,4000
maharashtra,dharashiv(usmanabad),umarga,soyabean,yellow,19-08-2025,4200,4200,4200
maharashtra,jalgaon,bhusaval,bhindi(ladies finger),other,19-08-2025,2000,2500,2500
maharashtra,jalgaon,bhusaval,carrot,other,19-08-2025,2500,2500,2500
maharashtra,jalgaon,bhusaval,lime,other,19-08-2025,3000,4000,4000
maharashtra,jalgaon,bhusaval,methi(leaves),other,19-08-2025,2500,4000,3000
maharashtra,jalgaon,bhusaval,tomato,other,19-08-2025,2000,3000,2500
maharashtra,kolhapur,kolhapur,cauliflower,other,19-08-2025,500,1250,900
maharashtra,mumbai,mumbai,almond(badam),other,19-08-2025,80000,115000,97500
maharashtra,mumbai,mumbai,banana - green,other,19-08-2025,2400,2800,2600
maharashtra,mumbai,mumbai,cauliflower,other,19-08-2025,1200,2200,1700
maharashtra,mumbai,mumbai,french beans (frasbean),other,19-08-2025,3000,5000,4000
maharashtra,mumbai,mumbai,green peas,other,19-08-2025,10500,13000,12750
maharashtra,mumbai,mumbai,green peas,white fozi,19-08-2025,4000,7000,5700
maharashtra,mumbai,mumbai,jowar(sorghum),other,19-08-2025,2300,6000,4700
maharashtra,mumbai,mumbai,methi(leaves),other,19-08-2025,800,1200,1000
maharashtra,mumbai,mumbai,mustard,other,19-08-2025,6000,9000,7500
maharashtra,mumbai,mumbai,onion green,other,19-08-2025,400,600,500
maharashtra,mumbai,mumbai,peas wet,other,19-08-2025,6000,8000,7000
maharashtra,mumbai,mumbai,pointed gourd (parval),other,19-08-2025,3000,4000,3500
maharashtra,mumbai,mumbai,raddish,other,19-08-2025,3000,4000,3500
maharashtra,mumbai,mumbai,snakeguard,other,19-08-2025,1800,2200,2000
maharashtra,mumbai,mumbai- fruit market,papaya,other,19-08-2025,1000,3000,2000
maharashtra,mumbai,mumbai- fruit market,pear(marasebu),other,19-08-2025,10000,15000,12500
maharashtra,mumbai,vashi new mumbai,potato,other,19-08-2025,1000,1500,1250
maharashtra,nagpur,kalmeshwar,cabbage,other,19-08-2025,1045,1500,1325
maharashtra,nashik,devala,onion,other,19-08-2025,500,1650,1475
maharashtra,nashik,kalvan,bajra(pearl millet/cumbu),other,19-08-2025,2911,2911,2911
maharashtra,pune,khed(chakan),cabbage,other,19-08-2025,400,600,500
maharashtra,pune,pune(moshi),apple,other,19-08-2025,10000,20000,15000
maharashtra,pune,pune(moshi),beans,other,19-08-2025,4000,6000,5000
maharashtra,pune,pune(moshi),chikoos(sapota),other,19-08-2025,5000,5000,5000
maharashtra,pune,pune(moshi),coriander(leaves),other,19-08-2025,5,6,6
maharashtra,pune,pune(moshi),cucumbar(kheera),other,19-08-2025,500,1000,750
maharashtra,pune,pune(moshi),mint(pudina),other,19-08-2025,5,5,5
maharashtra,pune,pune(moshi),peas wet,other,19-08-2025,6000,7000,6500
maharashtra,pune,pune(moshi),spinach,other,19-08-2025,6,7,7
maharashtra,pune,pune(pimpri),cabbage,other,19-08-2025,800,1000,900
maharashtra,pune,pune(pimpri),cucumbar(kheera),other,19-08-2025,1000,1600,1300
maharashtra,pune,pune(pimpri),guar,other,19-08-2025,3000,5000,4000
maharashtra,pune,pune(pimpri),onion,local,19-08-2025,1400,1900,1650
maharashtra,pune,pune(pimpri),raddish,other,19-08-2025,7,8,8
maharashtra,raigad,alibagh,rice,other,19-08-2025,2500,2700,2600
maharashtra,raigad,murud,rice,other,19-08-2025,2500,2700,2600
maharashtra,raigad,panvel,guar,other,19-08-2025,5000,6000,5500
maharashtra,ratnagiri,ratnagiri (nachane),french beans (frasbean),other,19-08-2025,5000,6000,5200
maharashtra,ratnagiri,ratnagiri (nachane),tomato,other,19-08-2025,3000,4000,3200
maharashtra,sangli,sangli,maize,other,19-08-2025,2450,2550,2500
maharashtra,sangli,sangli,mataki,other,19-08-2025,7500,8500,8000
maharashtra,satara,karad,bottle gourd,other,19-08-2025,1000,1200,1200
maharashtra,satara,karad,cabbage,other,19-08-2025,800,1200,1200
maharashtra,satara,karad,cauliflower,other,19-08-2025,1500,2000,2000
maharashtra,satara,karad,chilly capsicum,other,19-08-2025,3000,3500,3500
maharashtra,satara,karad,onion,other,19-08-2025,500,1400,1400
maharashtra,satara,patan,bhindi(ladies finger),other,19-08-2025,2000,3000,2500
maharashtra,satara,satara,cabbage,other,19-08-2025,600,800,700
maharashtra,satara,satara,green chilli,other,19-08-2025,3000,4000,3500
maharashtra,satara,satara,tomato,other,19-08-2025,2000,3000,2500
maharashtra,satara,vai,potato,local,19-08-2025,1800,2000,1900
maharashtra,sholapur,solapur,black gram (urd beans)(whole),mogan medium,19-08-2025,7500,7500,7500
maharashtra,sholapur,solapur,pomegranate,other,19-08-2025,1000,22500,5200
maharashtra,sholapur,solapur,seetapal,other,19-08-2025,2000,12000,7000
maharashtra,sholapur,solapur,soyabean,other,19-08-2025,4610,4675,4645
maharashtra,thane,ulhasnagar,wheat,other,19-08-2025,3000,3500,3250
nagaland,dimapur,dimapur,beans,other,19-08-2025,5500,6500,6000
nagaland,dimapur,dimapur,bottle gourd,other,19-08-2025,3000,4000,3500
nagaland,kohima,kohima,beans,beans (whole),19-08-2025,10000,10200,10100
odisha,bargarh,bargarh,tomato,other,19-08-2025,5800,6000,5900
odisha,bolangir,kantabaji,green chilli,other,19-08-2025,5800,6000,5900
odisha,boudh,boudh,banana - green,banana - green,19-08-2025,2500,4000,3000
odisha,boudh,boudh,cucumbar(kheera),other,19-08-2025,3500,5000,4000
odisha,boudh,boudh,onion,other,19-08-2025,2500,4000,3000
odisha,boudh,khunthabandha,bhindi(ladies finger),other,19-08-2025,3000,5000,4000
odisha,boudh,khunthabandha,cabbage,other,19-08-2025,2000,3000,2500
odisha,cuttack,banki,bhindi(ladies finger),bhindi,19-08-2025,2200,2500,2350
odisha,cuttack,banki,bhindi(ladies finger),other,19-08-2025,2200,2500,2300
odisha,cuttack,banki,green chilli,other,19-08-2025,7000,7200,7100
odisha,dhenkanal,kamakhyanagar,bhindi(ladies finger),bhindi,19-08-2025,5000,6000,5500
odisha,dhenkanal,kamakhyanagar,brinjal,brinjal,19-08-2025,4800,5200,5000
odisha,dhenkanal,kamakhyanagar,cabbage,cabbage,19-08-2025,2800,3200,3000
odisha,dhenkanal,kamakhyanagar,cauliflower,cauliflower,19-08-2025,5000,5200,5000
odisha,dhenkanal,kamakhyanagar,tomato,tomato,19-08-2025,6000,6200,6000
odisha,gajapati,kasinagar,brinjal,other,19-08-2025,1500,2000,2000
odisha,gajapati,parlakhemundi,cluster beans,cluster beans,19-08-2025,2300,2500,2400
odisha,jagatsinghpur,rahama,pumpkin,other,19-08-2025,1500,3000,2000
odisha,mayurbhanja,karanjia,bhindi(ladies finger),other,19-08-2025,5500,6000,6000
odisha,mayurbhanja,karanjia,rice,other,19-08-2025,3400,3500,3500
odisha,sonepur,dungurapalli,bhindi(ladies finger),other,19-08-2025,3500,3800,3600
odisha,sonepur,dungurapalli,brinjal,other,19-08-2025,3000,3500,3200
odisha,sundergarh,panposh,bhindi(ladies finger),other,19-08-2025,5000,5400,5200
odisha,sundergarh,sargipali,pumpkin,pumpkin,19-08-2025,500,1000,800
odisha,sundergarh,sargipali,tomato,other,19-08-2025,4000,4500,4200
punjab,amritsar,mehta,bhindi(ladies finger),bhindi,19-08-2025,2000,2000,2000
punjab,amritsar,mehta,bottle gourd,bottle gourd,19-08-2025,1500,1500,1500
punjab,bhatinda,bhagta bhai ka,tomato,other,19-08-2025,4200,4200,4200
punjab,bhatinda,rampuraphul(nabha mandi),green chilli,green chilly,19-08-2025,2000,3000,2500
punjab,bhatinda,rampuraphul(nabha mandi),onion,other,19-08-2025,1000,1800,1500
punjab,fatehgarh,bassi pathana,apple,apple,19-08-2025,7000,8500,7500
punjab,fatehgarh,bassi pathana,ginger(green),green ginger,19-08-2025,7500,8500,8000
punjab,fatehgarh,bassi pathana,tomato,tomato,19-08-2025,4800,5500,5000
punjab,fatehgarh,khamano,green chilli,green chilly,19-08-2025,5400,5400,5400
punjab,fatehgarh,khamano,spinach,spinach,19-08-2025,2000,2000,2000
punjab,fatehgarh,sirhind,bhindi(ladies finger),other,19-08-2025,2000,2600,2300
punjab,fatehgarh,sirhind,brinjal,other,19-08-2025,1000,1500,1200
punjab,fatehgarh,sirhind,capsicum,other,19-08-2025,3500,5000,4000
punjab,fatehgarh,sirhind,carrot,other,19-08-2025,2300,2700,2500
punjab,fatehgarh,sirhind,ginger(dry),other,19-08-2025,3700,5500,4500
punjab,fatehgarh,sirhind,onion,other,19-08-2025,1500,2000,1800
punjab,fatehgarh,sirhind,pumpkin,other,19-08-2025,600,1000,800
punjab,fatehgarh,sirhind,spinach,other,19-08-2025,1300,2000,1500
punjab,fazilka,fazilka,guava,other,19-08-2025,3500,4500,4000
punjab,fazilka,jalalabad,brinjal,other,19-08-2025,1800,1900,1850
punjab,fazilka,jalalabad,cabbage,other,19-08-2025,1900,2000,1900
punjab,fazilka,jalalabad,garlic,garlic,19-08-2025,6000,6000,6000
punjab,fazilka,jalalabad,lemon,lemon,19-08-2025,2000,2000,2000
punjab,fazilka,jalalabad,onion,other,19-08-2025,1500,1850,1700
punjab,fazilka,jalalabad,papaya,other,19-08-2025,3000,3200,3100
punjab,fazilka,jalalabad,water melon,other,19-08-2025,2000,2000,2000
punjab,gurdaspur,gurdaspur,apple,apple,19-08-2025,5000,6000,5500
punjab,gurdaspur,gurdaspur,bitter gourd,other,19-08-2025,3000,3500,3300
punjab,gurdaspur,gurdaspur,brinjal,other,19-08-2025,1400,1600,1500
punjab,gurdaspur,gurdaspur,papaya,other,19-08-2025,3000,3500,3300
punjab,hoshiarpur,garh shankar,capsicum,capsicum,19-08-2025,4000,5000,4500
punjab,hoshiarpur,garh shankar,mango,other,19-08-2025,3000,4000,3500
punjab,hoshiarpur,garh shankar,pomegranate,other,19-08-2025,5000,6500,5500
punjab,jalandhar,bhogpur,bitter gourd,other,19-08-2025,2000,2000,2000
punjab,jalandhar,jalandhar city,maize,other,19-08-2025,1700,2450,2100
punjab,jalandhar,lohian khas,bitter gourd,other,19-08-2025,2800,3000,2900
punjab,jalandhar,noor mehal,bitter gourd,other,19-08-2025,2200,2200,2200
punjab,jalandhar,noor mehal,capsicum,other,19-08-2025,2800,2800,2800
punjab,jalandhar,noor mehal,potato,other,19-08-2025,1000,1000,1000
punjab,jalandhar,noor mehal,ridgeguard(tori),other,19-08-2025,2000,2000,2000
punjab,jalandhar,noor mehal,tomato,other,19-08-2025,2600,2600,2600
punjab,kapurthala,kapurthala,green chilli,green chilly,19-08-2025,1900,2100,2000
punjab,ludhiana,doraha,onion,other,19-08-2025,2000,2000,2000
punjab,ludhiana,doraha,tomato,other,19-08-2025,2800,4000,3800
punjab,ludhiana,khanna,mousambi(sweet lime),other,19-08-2025,3000,4000,3500
punjab,ludhiana,khanna,pear(marasebu),other,19-08-2025,3000,5000,4000
punjab,ludhiana,ludhiana,bottle gourd,other,19-08-2025,300,1200,700
punjab,ludhiana,ludhiana,capsicum,other,19-08-2025,2300,3600,3000
punjab,ludhiana,ludhiana,coriander(leaves),other,19-08-2025,1500,4000,3000
punjab,ludhiana,ludhiana,green chilli,other,19-08-2025,1000,3000,2200
punjab,ludhiana,ludhiana,guava,other,19-08-2025,1500,4000,3000
punjab,ludhiana,ludhiana,mousambi(sweet lime),other,19-08-2025,2000,3000,2700
punjab,ludhiana,ludhiana,pear(marasebu),other,19-08-2025,1500,4000,3000
punjab,ludhiana,ludhiana,ridgeguard(tori),other,19-08-2025,700,1700,1300
punjab,ludhiana,sahnewal,bitter gourd,bitter gourd,19-08-2025,2500,2500,2500
punjab,moga,baghapurana,bitter gourd,bitter gourd,19-08-2025,1800,2500,2000
punjab,moga,baghapurana,green chilli,green chilly,19-08-2025,3500,4000,3700
punjab,moga,baghapurana,guava,guava,19-08-2025,2200,2700,2500
punjab,moga,baghapurana,pumpkin,other,19-08-2025,1500,2200,2000
punjab,moga,kot ise khan,green chilli,other,19-08-2025,1200,1400,1300
punjab,moga,nihal singh wala,onion,other,19-08-2025,1500,2000,1800
punjab,moga,nihal singh wala,tomato,other,19-08-2025,3500,4500,3800
punjab,mohali,kurali,brinjal,other,19-08-2025,2000,2200,2100
punjab,mohali,kurali,capsicum,other,19-08-2025,5000,5540,5250
punjab,mohali,kurali,ginger(dry),other,19-08-2025,5500,5700,5600
punjab,mohali,kurali,lemon,other,19-08-2025,2800,3000,2900
punjab,mohali,kurali,mousambi(sweet lime),mousambi,19-08-2025,3000,4000,3500
punjab,mohali,lalru,bottle gourd,other,19-08-2025,1000,1000,1000
punjab,mohali,lalru,brinjal,other,19-08-2025,2000,3000,2000
punjab,mohali,lalru,garlic,average,19-08-2025,8000,8000,8000
punjab,mohali,lalru,pumpkin,other,19-08-2025,800,1000,900
punjab,nawanshahr,nawan shahar(subzi mandi),coriander(leaves),other,19-08-2025,8500,9000,8850
punjab,nawanshahr,nawan shahar(subzi mandi),french beans (frasbean),other,19-08-2025,7400,7500,7450
punjab,nawanshahr,nawan shahar(subzi mandi),ginger(green),other,19-08-2025,5000,5500,5300
punjab,nawanshahr,nawan shahar(subzi mandi),leafy vegetable,other,19-08-2025,3500,4000,3800
punjab,nawanshahr,nawan shahar(subzi mandi),mousambi(sweet lime),other,19-08-2025,4000,4500,4300
punjab,nawanshahr,nawan shahar(subzi mandi),pear(marasebu),other,19-08-2025,3500,3700,3600
punjab,nawanshahr,nawan shahar(subzi mandi),pomegranate,other,19-08-2025,9000,10000,9650
punjab,pathankot,pathankot,banana,medium,19-08-2025,3100,3700,3700
punjab,pathankot,pathankot,capsicum,capsicum,19-08-2025,2900,3200,3200
punjab,pathankot,pathankot,guava,guava,19-08-2025,4100,4300,4300
punjab,pathankot,pathankot,mousambi(sweet lime),mousambi,19-08-2025,3700,4200,4200
punjab,pathankot,pathankot,spinach,spinach,19-08-2025,1200,1500,1500
punjab,patiala,nabha,bhindi(ladies finger),other,19-08-2025,1800,2700,2300
punjab,patiala,nabha,bitter gourd,other,19-08-2025,1700,2700,2200
punjab,patiala,nabha,cauliflower,other,19-08-2025,2300,3400,2800
punjab,patiala,nabha,ginger(dry),other,19-08-2025,3600,6000,4500
punjab,patiala,nabha,grapes,other,19-08-2025,16300,16300,16300
punjab,patiala,nabha,lemon,other,19-08-2025,2000,3000,2400
punjab,patiala,patiala,brinjal,brinjal,19-08-2025,800,900,900
punjab,patiala,patiala,cabbage,cabbage,19-08-2025,1400,2000,1700
punjab,patiala,patiala,guava,guava,19-08-2025,1800,3100,1800
punjab,patiala,patiala,mango,other,19-08-2025,3500,5400,4200
punjab,patiala,rajpura,banana,other,19-08-2025,3000,4000,3300
punjab,patiala,rajpura,cucumbar(kheera),other,19-08-2025,1400,2100,1600
punjab,patiala,rajpura,onion,local,19-08-2025,1300,1600,1500
punjab,patiala,rajpura,potato,other,19-08-2025,700,1200,900
punjab,patiala,rajpura,ridgeguard(tori),other,19-08-2025,2000,2500,2300
punjab,ropar (rupnagar),chamkaur sahib,bhindi(ladies finger),other,19-08-2025,2050,2200,2100
punjab,ropar (rupnagar),chamkaur sahib,cucumbar(kheera),other,19-08-2025,2850,3000,2900
punjab,ropar (rupnagar),chamkaur sahib,peas wet,other,19-08-2025,7850,8000,7900
punjab,sangrur,ahmedgarh,potato,other,19-08-2025,1000,1200,1200
punjab,tarntaran,patti,brinjal,other,19-08-2025,1500,2000,1800
punjab,tarntaran,patti,onion,other,19-08-2025,1500,2000,1800
punjab,tarntaran,tarantaran,bhindi(ladies finger),other,19-08-2025,2600,3000,2800
punjab,tarntaran,tarantaran,brinjal,other,19-08-2025,2400,2600,2500
punjab,tarntaran,tarantaran,cauliflower,other,19-08-2025,3000,4000,3500
punjab,tarntaran,tarantaran,garlic,average,19-08-2025,5000,5500,5200
punjab,tarntaran,tarantaran,potato,other,19-08-2025,700,900,800
punjab,tarntaran,tarantaran,tomato,other,19-08-2025,4000,5000,4500
rajasthan, jhunjhunu,surajgarh,mustard,other,19-08-2025,6735,6735,6735
rajasthan,beawar,beawar,barley (jau),other,19-08-2025,2200,2300,2250
rajasthan,bikaner,bikaner (f&v),apple,other,19-08-2025,4400,4600,4500
rajasthan,bikaner,bikaner (f&v),bhindi(ladies finger),other,19-08-2025,1700,1900,1800
rajasthan,bikaner,bikaner (f&v),cauliflower,other,19-08-2025,2900,3100,3000
rajasthan,bikaner,bikaner (f&v),chikoos(sapota),other,19-08-2025,3900,4100,4000
rajasthan,bikaner,bikaner (f&v),coriander(leaves),other,19-08-2025,2900,3100,3000
rajasthan,bikaner,bikaner (f&v),garlic,other,19-08-2025,5400,5600,5500
rajasthan,bikaner,bikaner (f&v),ginger(dry),other,19-08-2025,3900,4100,4000
rajasthan,bikaner,bikaner (f&v),lemon,other,19-08-2025,3900,4100,4000
rajasthan,bikaner,bikaner (f&v),long melon(kakri),other,19-08-2025,2900,3100,3000
rajasthan,bikaner,bikaner (f&v),orange,other,19-08-2025,3900,4100,4000
rajasthan,bikaner,bikaner (f&v),tomato,other,19-08-2025,2900,3100,3000
rajasthan,churu,sadulpur,bajra(pearl millet/cumbu),local,19-08-2025,2200,2300,2250
rajasthan,dausa,lalsot,barley (jau),other,19-08-2025,2150,2150,2150
rajasthan,ganganagar,sriganganagar (f&v),capsicum,other,19-08-2025,2800,3200,3000
rajasthan,ganganagar,sriganganagar (f&v),garlic,garlic,19-08-2025,4800,5200,5000
rajasthan,ganganagar,sriganganagar (f&v),pomegranate,other,19-08-2025,9800,10200,10000
rajasthan,ganganagar,sriganganagar (f&v),potato,other,19-08-2025,900,1300,1100
rajasthan,ganganagar,suratgarh,garlic,average,19-08-2025,6800,7100,6950
rajasthan,ganganagar,suratgarh,green gram (moong)(whole),other,19-08-2025,3900,6125,5270
rajasthan,ganganagar,suratgarh,onion,1st sort,19-08-2025,1300,1500,1400
rajasthan,hanumangarh,rawatsar,potato,(red nanital),19-08-2025,1100,1100,1100
rajasthan,jaipur,jaipur (f&v),banana,other,19-08-2025,1000,2000,1500
rajasthan,jaipur,jaipur (f&v),beetroot,beetroot,19-08-2025,1700,1800,1750
rajasthan,jaipur,jaipur (f&v),cucumbar(kheera),cucumbar,19-08-2025,1000,1500,1250
rajasthan,jaipur,jaipur (f&v),lemon,lemon,19-08-2025,2000,2500,2250
rajasthan,jaipur rural,bassi,bajra(pearl millet/cumbu),other,19-08-2025,2225,2366,2295
rajasthan,jalore,jalore,bhindi(ladies finger),other,19-08-2025,1200,1500,1300
rajasthan,jalore,jalore,onion green,other,19-08-2025,3000,3500,3300
rajasthan,jodhpur,jodhpur(f&v)(paota),brinjal,other,19-08-2025,500,2000,1000
rajasthan,jodhpur,jodhpur(f&v)(paota),cabbage,other,19-08-2025,1000,2000,1500
rajasthan,jodhpur,jodhpur(f&v)(paota),carrot,other,19-08-2025,1000,2000,1500
rajasthan,jodhpur,jodhpur(f&v)(paota),cluster beans,other,19-08-2025,2000,4000,3000
rajasthan,jodhpur,jodhpur(f&v)(paota),cucumbar(kheera),other,19-08-2025,1000,2000,1500
rajasthan,jodhpur,jodhpur(f&v)(paota),marigold(loose),other,19-08-2025,4500,6500,5500
rajasthan,jodhpur,jodhpur(f&v)(paota),pumpkin,other,19-08-2025,800,1000,900
rajasthan,jodhpur,jodhpur(f&v)(paota),ridgeguard(tori),other,19-08-2025,800,2500,2000
telangana,adilabad,adilabad(rythu bazar),cauliflower,african sarson,19-08-2025,8000,8200,8000
telangana,adilabad,chinnoar,tomato,deshi,19-08-2025,5000,5000,5000
telangana,hyderabad,l b nagar,cluster beans,cluster beans,19-08-2025,2000,3000,2500
telangana,hyderabad,l b nagar,cucumbar(kheera),cucumbar,19-08-2025,1000,1500,1200
telangana,hyderabad,l b nagar,green chilli,green chilly,19-08-2025,2500,3500,3000
telangana,hyderabad,mahboob manison,onion,1st sort,19-08-2025,1800,2400,2000
telangana,karimnagar,husnabad,maize,medium,19-08-2025,2225,2320,2300
telangana,karimnagar,karimnagar,brinjal,brinjal,19-08-2025,2500,2500,2500
telangana,karimnagar,karimnagar,cabbage,cabbage,19-08-2025,1000,1000,1000
telangana,karimnagar,karimnagar,cluster beans,cluster beans,19-08-2025,3500,3500,3500
telangana,karimnagar,karimnagar,ridgeguard(tori),other,19-08-2025,3000,3000,3000
telangana,karimnagar,vemulawada,paddy(dhan)(common),i.r. 64,19-08-2025,2300,2320,2320
telangana,khammam,bhadrachalam,paddy(dhan)(common),samba masuri,19-08-2025,2320,2320,2320
telangana,khammam,kallur,paddy(dhan)(common),paddy,19-08-2025,2320,2320,2320
telangana,nalgonda,devarakonda,paddy(dhan)(common),mtu-1010,19-08-2025,2300,2300,2300
telangana,nalgonda,devarkonda(mallepalli),paddy(dhan)(common),mtu-1010,19-08-2025,2300,2300,2300
telangana,nalgonda,devarkonda(mallepalli),paddy(dhan)(common),mtu-1010,19-08-2025,2300,2300,2300
telangana,nalgonda,suryapeta,black gram dal (urd dal),black gram dal,19-08-2025,3766,3766,3766
telangana,ranga reddy,chevella,cauliflower,african sarson,19-08-2025,2000,2000,2000
telangana,ranga reddy,kukatpally(rythu bazar),bitter gourd,bitter gourd,19-08-2025,2300,2300,2300
telangana,ranga reddy,kukatpally(rythu bazar),capsicum,capsicum,19-08-2025,4500,4500,4500
telangana,ranga reddy,kukatpally(rythu bazar),colacasia,colacasia,19-08-2025,2500,2500,2500
telangana,ranga reddy,kukatpally(rythu bazar),leafy vegetable,leafy vegetables,19-08-2025,2000,2000,2000
telangana,warangal,warangal,bhindi(ladies finger),bhindi,19-08-2025,1000,1200,1100
telangana,warangal,warangal,cabbage,cabbage,19-08-2025,1600,2000,1800
telangana,warangal,warangal,carrot,carrot,19-08-2025,3500,4000,3750
telangana,warangal,warangal,colacasia,colacasia,19-08-2025,3500,4000,3750
telangana,warangal,warangal,french beans (frasbean),french beans (frasbean),19-08-2025,8500,9000,8750
telangana,warangal,warangal,potato,potato,19-08-2025,2200,2600,2400
tripura,sepahijala,melaghar,brinjal,brinjal,19-08-2025,3500,4100,4000
tripura,sepahijala,melaghar,cock,local,19-08-2025,500,550,525
tripura,sepahijala,melaghar,paddy(dhan)(common),swarna masuri (new),19-08-2025,1975,2025,2000
tripura,sepahijala,melaghar,rice,fine,19-08-2025,4600,4800,4700
uttar pradesh,agra,achnera,barley (jau),dara,19-08-2025,2340,2400,2370
uttar pradesh,agra,achnera,cabbage,cabbage,19-08-2025,1760,1840,1800
uttar pradesh,agra,achnera,green chilli,green chilly,19-08-2025,4360,4440,4400
uttar pradesh,agra,achnera,gur(jaggery),red,19-08-2025,4380,4420,4400
uttar pradesh,agra,achnera,lemon,lemon,19-08-2025,3400,3440,3420
uttar pradesh,agra,achnera,mustard,sarson(black),19-08-2025,7050,7150,7100
uttar pradesh,agra,achnera,potato,desi,19-08-2025,890,1090,990
uttar pradesh,agra,fatehabad,bajra(pearl millet/cumbu),deshi,19-08-2025,1800,2300,2000
uttar pradesh,agra,fatehabad,brinjal,round,19-08-2025,700,1300,1200
uttar pradesh,agra,fatehabad,pumpkin,pumpkin,19-08-2025,700,800,800
uttar pradesh,agra,khairagarh,onion,red,19-08-2025,1200,1300,1250
uttar pradesh,aligarh,aligarh,barley (jau),dara,19-08-2025,2320,2440,2380
uttar pradesh,aligarh,aligarh,bottle gourd,bottle gourd,19-08-2025,1400,1510,1450
uttar pradesh,aligarh,aligarh,papaya,papaya,19-08-2025,2530,2670,2600
uttar pradesh,aligarh,aligarh,rice,iii,19-08-2025,8310,8400,8350
uttar pradesh,aligarh,aligarh,tomato,hybrid,19-08-2025,3960,4060,4000
uttar pradesh,aligarh,aligarh,wheat,dara,19-08-2025,2550,2610,2580
uttar pradesh,aligarh,charra,green chilli,green chilly,19-08-2025,4800,5000,4900
uttar pradesh,aligarh,charra,onion,red,19-08-2025,1500,1600,1550
uttar pradesh,aligarh,khair,apple,delicious,19-08-2025,6500,10000,8000
uttar pradesh,aligarh,khair,brinjal,round/long,19-08-2025,1000,1500,1200
uttar pradesh,aligarh,khair,cucumbar(kheera),cucumbar,19-08-2025,1200,1800,1500
uttar pradesh,amethi,sultanpur,bhindi(ladies finger),bhindi,19-08-2025,1530,1580,1550
uttar pradesh,amethi,sultanpur,brinjal,brinjal,19-08-2025,1680,1725,1700
uttar pradesh,amethi,sultanpur,green chilli,green chilly,19-08-2025,4580,4635,4600
uttar pradesh,amethi,sultanpur,lemon,lemon,19-08-2025,4280,4335,4300
uttar pradesh,amethi,sultanpur,onion,red,19-08-2025,1100,1135,1120
uttar pradesh,amethi,sultanpur,rice,common,19-08-2025,3285,3330,3300
uttar pradesh,amethi,sultanpur,tomato,deshi,19-08-2025,4070,4150,4090
uttar pradesh,amroha,hasanpur,lemon,lemon,19-08-2025,2310,3000,2520
uttar pradesh,amroha,hasanpur,onion,nasik,19-08-2025,1000,1200,1100
uttar pradesh,amroha,hasanpur,pumpkin,pumpkin,19-08-2025,1410,1500,1450
uttar pradesh,ayodhya,faizabad,banana,banana - ripe,19-08-2025,2780,2900,2850
uttar pradesh,ayodhya,faizabad,bengal gram(gram)(whole),desi (whole),19-08-2025,6300,6440,6385
uttar pradesh,ayodhya,faizabad,maize,hybrid,19-08-2025,2320,2415,2385
uttar pradesh,ayodhya,faizabad,paddy(dhan)(common),common,19-08-2025,2080,2095,2090
uttar pradesh,badaun,babrala,wood,eucalyptus,19-08-2025,580,600,590
uttar pradesh,badaun,badayoun,bitter gourd,bitter gourd,19-08-2025,2200,2310,2240
uttar pradesh,badaun,badayoun,bottle gourd,bottle gourd,19-08-2025,1300,1420,1360
uttar pradesh,badaun,badayoun,ginger(green),green ginger,19-08-2025,4170,4300,4225
uttar pradesh,badaun,badayoun,onion,nasik,19-08-2025,1330,1430,1375
uttar pradesh,badaun,visoli,potato,desi,19-08-2025,650,650,650
uttar pradesh,badaun,wazirganj,cucumbar(kheera),cucumbar,19-08-2025,1925,2000,1950
uttar pradesh,badaun,wazirganj,potato,desi,19-08-2025,1025,1100,1050
uttar pradesh,badaun,wazirganj,wheat,dara,19-08-2025,2400,2440,2425
uttar pradesh,baghpat,baraut,apple,kasmir/shimla - ii,19-08-2025,9000,9200,9100
uttar pradesh,baghpat,baraut,bengal gram dal (chana dal),bengal gram dal,19-08-2025,7450,7650,7560
uttar pradesh,baghpat,baraut,bitter gourd,bitter gourd,19-08-2025,2350,2450,2400
uttar pradesh,baghpat,baraut,black gram dal (urd dal),black gram dal,19-08-2025,9800,10200,10000
uttar pradesh,baghpat,baraut,potato,desi,19-08-2025,950,1200,1050
uttar pradesh,balrampur,tulsipur,potato,desi,19-08-2025,1180,1260,1220
uttar pradesh,barabanki,barabanki,banana,banana - ripe,19-08-2025,2810,2900,2865
uttar pradesh,barabanki,barabanki,banana - green,banana - green,19-08-2025,1700,1780,1740
uttar pradesh,barabanki,barabanki,ginger(green),green ginger,19-08-2025,3960,4060,4010
uttar pradesh,barabanki,barabanki,onion,red,19-08-2025,1310,1400,1360
uttar pradesh,barabanki,barabanki,papaya,papaya,19-08-2025,2810,2900,2860
uttar pradesh,barabanki,barabanki,pomegranate,pomogranate,19-08-2025,6860,6960,6910
uttar pradesh,barabanki,barabanki,potato,desi,19-08-2025,1040,1120,1085
uttar pradesh,barabanki,barabanki,rice,iii,19-08-2025,3340,3420,3380
uttar pradesh,bareilly,anwala,bottle gourd,bottle gourd,19-08-2025,1000,1200,1100
uttar pradesh,bareilly,anwala,pumpkin,pumpkin,19-08-2025,1000,1200,1100
uttar pradesh,bareilly,anwala,ridgeguard(tori),ridgeguard(tori),19-08-2025,1400,1600,1500
uttar pradesh,bareilly,bareilly,apple,apple,19-08-2025,7950,8025,8000
uttar pradesh,bareilly,bareilly,cucumbar(kheera),cucumbar,19-08-2025,1950,2025,2000
uttar pradesh,bareilly,bareilly,ginger(green),green ginger,19-08-2025,4225,4250,4240
uttar pradesh,bareilly,bareilly,onion,red,19-08-2025,1350,1400,1370
uttar pradesh,basti,basti,brinjal,brinjal,19-08-2025,1650,1850,1750
uttar pradesh,basti,basti,lemon,lemon,19-08-2025,4350,4550,4450
uttar pradesh,basti,basti,wheat,dara,19-08-2025,2425,2580,2530
uttar pradesh,bulandshahar,buland shahr,potato,f.a.q.,19-08-2025,1050,1170,1070
uttar pradesh,bulandshahar,buland shahr,pumpkin,pumpkin,19-08-2025,1300,1500,1400
uttar pradesh,bulandshahar,gulavati,bottle gourd,bottle gourd,19-08-2025,1000,1200,1100
uttar pradesh,bulandshahar,gulavati,brinjal,other,19-08-2025,700,900,800
uttar pradesh,bulandshahar,gulavati,cucumbar(kheera),cucumbar,19-08-2025,1300,1500,1400
uttar pradesh,bulandshahar,gulavati,ginger(green),green ginger,19-08-2025,6100,6300,6200
uttar pradesh,bulandshahar,gulavati,lemon,other,19-08-2025,7100,7300,7200
uttar pradesh,bulandshahar,gulavati,pumpkin,other,19-08-2025,750,850,800
uttar pradesh,bulandshahar,jahangirabad,arhar dal(tur dal),arhar dal(tur),19-08-2025,10090,10330,10210
uttar pradesh,bulandshahar,jahangirabad,bitter gourd,bitter gourd,19-08-2025,2325,2540,2430
uttar pradesh,bulandshahar,jahangirabad,paddy(dhan)(basmati),basmati 1509,19-08-2025,3001,3100,3051
uttar pradesh,bulandshahar,jahangirabad,rice,iii,19-08-2025,3145,3360,3250
uttar pradesh,bulandshahar,khurja,banana - green,banana - green,19-08-2025,1700,1900,1800
uttar pradesh,bulandshahar,khurja,bottle gourd,bottle gourd,19-08-2025,1340,1540,1440
uttar pradesh,bulandshahar,khurja,gur(jaggery),red,19-08-2025,4100,4400,4280
uttar pradesh,bulandshahar,khurja,maize,yellow,19-08-2025,2220,2320,2270
uttar pradesh,bulandshahar,khurja,papaya,papaya,19-08-2025,2700,2900,2800
uttar pradesh,bulandshahar,khurja,tomato,hybrid,19-08-2025,3800,4100,4000
uttar pradesh,etah,aliganj,maize,hybrid,19-08-2025,1950,1970,1965
uttar pradesh,etawah,etawah,bhindi(ladies finger),bhindi,19-08-2025,900,1150,1050
uttar pradesh,etawah,etawah,brinjal,brinjal,19-08-2025,1350,1650,1550
uttar pradesh,etawah,etawah,cabbage,cabbage,19-08-2025,1950,2250,2150
uttar pradesh,etawah,etawah,mousambi(sweet lime),mousambi,19-08-2025,2550,2850,2750
uttar pradesh,etawah,etawah,potato,desi,19-08-2025,800,1200,1050
uttar pradesh,etawah,etawah,sponge gourd,sponge gourd,19-08-2025,1550,1850,1750
uttar pradesh,farukhabad,farukhabad,green chilli,green chilly,19-08-2025,4450,4650,4550
uttar pradesh,farukhabad,farukhabad,mousambi(sweet lime),mousambi,19-08-2025,2800,2950,2900
uttar pradesh,farukhabad,farukhabad,tomato,hybrid,19-08-2025,4100,4350,4200
uttar pradesh,farukhabad,kamlaganj,banana,banana - ripe,19-08-2025,2100,2200,2130
uttar pradesh,farukhabad,kamlaganj,potato,desi,19-08-2025,800,820,810
uttar pradesh,fatehpur,fatehpur,bottle gourd,bottle gourd,19-08-2025,1450,1600,1525
uttar pradesh,fatehpur,jahanabad,paddy(dhan)(common),common,19-08-2025,2400,2420,2410
uttar pradesh,fatehpur,khaga,cucumbar(kheera),cucumbar,19-08-2025,2000,2130,2050
uttar pradesh,fatehpur,khaga,potato,desi,19-08-2025,920,1050,990
uttar pradesh,fatehpur,khaga,pumpkin,pumpkin,19-08-2025,1535,1670,1600
uttar pradesh,fatehpur,khaga,tomato,hybrid,19-08-2025,4060,4220,4150
uttar pradesh,firozabad,tundla,barley (jau),dara,19-08-2025,2300,2345,2320
uttar pradesh,firozabad,tundla,gur(jaggery),red,19-08-2025,4050,4125,4100
uttar pradesh,firozabad,tundla,lemon,lemon,19-08-2025,3375,3425,3400
uttar pradesh,firozabad,tundla,onion,red,19-08-2025,1400,1445,1420
uttar pradesh,firozabad,tundla,pomegranate,pomogranate,19-08-2025,6200,6300,6250
uttar pradesh,firozabad,tundla,sponge gourd,sponge gourd,19-08-2025,2125,2175,2150
uttar pradesh,firozabad,tundla,wheat,dara,19-08-2025,2510,2550,2530
uttar pradesh,gorakhpur,chorichora,garlic,garlic,19-08-2025,9000,9200,9100
uttar pradesh,gorakhpur,chorichora,ginger(green),green ginger,19-08-2025,8500,8800,8600
uttar pradesh,hamirpur,kurara,bengal gram(gram)(whole),average (whole),19-08-2025,5400,5500,5450
uttar pradesh,hamirpur,kurara,peas(dry),peas(dry),19-08-2025,3200,3300,3250
uttar pradesh,hardoi,shahabad(new mandi),tomato,tomato,19-08-2025,3750,3850,3800
uttar pradesh,hathras,haathras,banana,banana - ripe,19-08-2025,2450,2650,2580
uttar pradesh,hathras,haathras,cabbage,cabbage,19-08-2025,1250,1450,1380
uttar pradesh,hathras,haathras,cauliflower,cauliflower,19-08-2025,3300,3500,3400
uttar pradesh,hathras,haathras,maize,yellow,19-08-2025,2100,2200,2150
uttar pradesh,hathras,haathras,papaya,papaya,19-08-2025,2350,2550,2450
uttar pradesh,hathras,sikandraraau,bajra(pearl millet/cumbu),deshi,19-08-2025,2190,2310,2260
uttar pradesh,jalaun (orai),ait,wheat,dara,19-08-2025,2425,2600,2510
uttar pradesh,jaunpur,mugrabaadshahpur,bottle gourd,bottle gourd,19-08-2025,1400,1600,1500
uttar pradesh,jaunpur,mugrabaadshahpur,mustard,sarson(black),19-08-2025,6885,7085,6985
uttar pradesh,jaunpur,mugrabaadshahpur,raddish,raddish,19-08-2025,2150,2350,2250
uttar pradesh,jaunpur,mugrabaadshahpur,rice,common,19-08-2025,3340,3540,3440
uttar pradesh,jaunpur,mugrabaadshahpur,ridgeguard(tori),ridgeguard(tori),19-08-2025,1915,2115,2015
uttar pradesh,jaunpur,mugrabaadshahpur,white peas,white peas,19-08-2025,4085,4285,4185
uttar pradesh,jhansi,jhansi,bhindi(ladies finger),bhindi,19-08-2025,1700,1850,1790
uttar pradesh,jhansi,jhansi,cabbage,cabbage,19-08-2025,1800,1950,1840
uttar pradesh,jhansi,jhansi,capsicum,capsicum,19-08-2025,5000,5260,5100
uttar pradesh,jhansi,jhansi,onion,red,19-08-2025,1300,1450,1320
uttar pradesh,kannuj,chhibramau,ginger(green),green ginger,19-08-2025,3950,4150,4050
uttar pradesh,kannuj,chhibramau,groundnut,hybrid,19-08-2025,5650,5850,5750
uttar pradesh,kannuj,chhibramau,gur(jaggery),red,19-08-2025,4100,4200,4150
uttar pradesh,kannuj,chhibramau,onion,red,19-08-2025,1375,1500,1440
uttar pradesh,kannuj,chhibramau,pumpkin,pumpkin,19-08-2025,1320,1450,1380
uttar pradesh,kanpur,choubepur,garlic,garlic,19-08-2025,5900,6100,6000
uttar pradesh,kanpur,choubepur,lemon,lemon,19-08-2025,3800,4000,3900
uttar pradesh,kanpur,choubepur,potato,local,19-08-2025,950,1050,1000
uttar pradesh,kanpur,choubepur,pumpkin,pumpkin,19-08-2025,1400,1600,1500
uttar pradesh,kanpur,choubepur,rice,iii,19-08-2025,3135,3250,3185
uttar pradesh,kanpur,choubepur,wheat,dara,19-08-2025,2480,2540,2525
uttar pradesh,kanpur,kanpur(grain),ginger(green),green ginger,19-08-2025,3880,4080,3980
uttar pradesh,kanpur,kanpur(grain),onion,red,19-08-2025,1300,1500,1400
uttar pradesh,kaushambi,bharwari,lemon,lemon,19-08-2025,1500,1900,1800
uttar pradesh,khiri (lakhimpur),maigalganj,apple,kasmir/shimla - ii,19-08-2025,7900,7970,7935
uttar pradesh,khiri (lakhimpur),maigalganj,brinjal,other,19-08-2025,1820,1860,1840
uttar pradesh,khiri (lakhimpur),maigalganj,onion,red,19-08-2025,1900,1976,1929
uttar pradesh,lalitpur,lalitpur,brinjal,round,19-08-2025,1650,1720,1680
uttar pradesh,lalitpur,lalitpur,papaya,papaya,19-08-2025,2170,2230,2200
uttar pradesh,lalitpur,lalitpur,potato,local,19-08-2025,1150,1220,1180
uttar pradesh,lalitpur,lalitpur,tomato,hybrid,19-08-2025,3570,3630,3600
uttar pradesh,lalitpur,mehrauni,soyabean,soyabeen,19-08-2025,3900,4100,4000
uttar pradesh,lucknow,lucknow,apple,kasmir/shimla - ii,19-08-2025,8800,9000,8900
uttar pradesh,lucknow,lucknow,bitter gourd,bitter gourd,19-08-2025,2300,2420,2360
uttar pradesh,lucknow,lucknow,green chilli,green chilly,19-08-2025,4800,4950,4850
uttar pradesh,lucknow,lucknow,papaya,papaya,19-08-2025,2750,2850,2800
uttar pradesh,lucknow,lucknow,potato,desi,19-08-2025,1130,1230,1180
uttar pradesh,lucknow,lucknow,pumpkin,pumpkin,19-08-2025,1500,1600,1550
uttar pradesh,lucknow,lucknow,tomato,deshi,19-08-2025,4010,4110,4060
uttar pradesh,maharajganj,anandnagar,papaya,papaya,19-08-2025,2000,2200,2100
uttar pradesh,maharajganj,anandnagar,potato,red,19-08-2025,1100,1300,1200
uttar pradesh,maharajganj,gadaura,garlic,garlic,19-08-2025,3000,3200,3100
uttar pradesh,maharajganj,nautnava,apple,delicious,19-08-2025,8500,8800,8600
uttar pradesh,maharajganj,nautnava,mousambi(sweet lime),mousambi,19-08-2025,2300,2600,2460
uttar pradesh,maharajganj,nautnava,pumpkin,pumpkin,19-08-2025,500,600,560
uttar pradesh,maharajganj,nautnava,rice,iii,19-08-2025,2800,3150,2960
uttar pradesh,mainpuri,ghiraur,banana,banana - ripe,19-08-2025,2610,2810,2710
uttar pradesh,mainpuri,ghiraur,green chilli,green chilly,19-08-2025,4330,4530,4430
uttar pradesh,mainpuri,ghiraur,lemon,lemon,19-08-2025,3130,3325,3230
uttar pradesh,mainpuri,ghiraur,mustard,mustard,19-08-2025,7080,7200,7140
uttar pradesh,mainpuri,ghiraur,wheat,dara,19-08-2025,2460,2640,2540
uttar pradesh,mainpuri,mainpuri,bhindi(ladies finger),bhindi,19-08-2025,1500,1700,1600
uttar pradesh,mainpuri,mainpuri,black gram dal (urd dal),black gram dal,19-08-2025,9700,9850,9780
uttar pradesh,mainpuri,mainpuri,colacasia,colacasia,19-08-2025,1700,1900,1800
uttar pradesh,mainpuri,mainpuri,gur(jaggery),red,19-08-2025,4420,4520,4470
uttar pradesh,mainpuri,mainpuri,lemon,lemon,19-08-2025,3200,3400,3300
uttar pradesh,mainpuri,mainpuri,maize,yellow,19-08-2025,2040,2240,2230
uttar pradesh,mainpuri,mainpuri,potato,local,19-08-2025,800,1070,985
uttar pradesh,mainpuri,mainpuri,sponge gourd,sponge gourd,19-08-2025,1560,1700,1620
uttar pradesh,mainpuri,mainpuri,wheat,dara,19-08-2025,2470,2490,2481
uttar pradesh,mathura,kosikalan,banana,banana - ripe,19-08-2025,2500,2600,2560
uttar pradesh,mathura,kosikalan,bottle gourd,bottle gourd,19-08-2025,1040,1100,1080
uttar pradesh,mathura,kosikalan,cucumbar(kheera),cucumbar,19-08-2025,1500,1580,1545
uttar pradesh,mathura,mathura,apple,kasmir/shimla - ii,19-08-2025,7000,7500,7200
uttar pradesh,mathura,mathura,bengal gram(gram)(whole),desi (whole),19-08-2025,6500,6900,6700
uttar pradesh,mathura,mathura,bitter gourd,bitter gourd,19-08-2025,2000,2400,2200
uttar pradesh,mathura,mathura,bottle gourd,bottle gourd,19-08-2025,1000,1230,1150
uttar pradesh,mathura,mathura,capsicum,capsicum,19-08-2025,5400,5700,5600
uttar pradesh,mathura,mathura,colacasia,colacasia,19-08-2025,1800,2100,2000
uttar pradesh,mathura,mathura,cucumbar(kheera),cucumbar,19-08-2025,1500,1700,1600
uttar pradesh,mathura,mathura,mousambi(sweet lime),mousambi,19-08-2025,2600,3000,2800
uttar pradesh,mathura,mathura,pomegranate,pomogranate,19-08-2025,4900,5200,5000
uttar pradesh,mathura,mathura,potato,desi,19-08-2025,900,1100,1000
uttar pradesh,mathura,mathura,sponge gourd,sponge gourd,19-08-2025,1500,1700,1600
uttar pradesh,mau(maunathbhanjan),doharighat,green chilli,green chilly,19-08-2025,4900,5000,4960
uttar pradesh,mau(maunathbhanjan),doharighat,lemon,lemon,19-08-2025,3700,3800,3750
uttar pradesh,mau(maunathbhanjan),doharighat,masur dal,kala masoor new,19-08-2025,9000,9100,9045
uttar pradesh,mau(maunathbhanjan),doharighat,onion,red,19-08-2025,1900,2000,1960
uttar pradesh,mau(maunathbhanjan),kopaganj,bhindi(ladies finger),bhindi,19-08-2025,900,1000,950
uttar pradesh,mau(maunathbhanjan),kopaganj,cucumbar(kheera),cucumbar,19-08-2025,1000,1200,1100
uttar pradesh,mau(maunathbhanjan),kopaganj,green chilli,green chilly,19-08-2025,1900,2000,1950
uttar pradesh,mau(maunathbhanjan),kopaganj,onion,red,19-08-2025,1200,1300,1250
uttar pradesh,meerut,meerut,bottle gourd,bottle gourd,19-08-2025,1490,1690,1590
uttar pradesh,meerut,meerut,cauliflower,cauliflower,19-08-2025,3100,3300,3200
uttar pradesh,meerut,meerut,maize,local,19-08-2025,2310,2410,2360
uttar pradesh,meerut,meerut,mousambi(sweet lime),mousambi,19-08-2025,3210,3410,3310
uttar pradesh,meerut,meerut,potato,desi,19-08-2025,1020,1220,1120
uttar pradesh,meerut,meerut,raddish,raddish,19-08-2025,2100,2300,2200
uttar pradesh,meerut,meerut,wheat,dara,19-08-2025,2560,2660,2610
uttar pradesh,mirzapur,mirzapur,gur(jaggery),red,19-08-2025,4615,4700,4665
uttar pradesh,mirzapur,mirzapur,onion,red,19-08-2025,1345,1415,1375
uttar pradesh,pillibhit,puranpur,apple,delicious,19-08-2025,9900,9980,9940
uttar pradesh,pillibhit,puranpur,bhindi(ladies finger),bhindi,19-08-2025,1700,1790,1745
uttar pradesh,pillibhit,puranpur,potato,potato,19-08-2025,1020,1100,1060
uttar pradesh,pillibhit,puranpur,pumpkin,pumpkin,19-08-2025,1300,1370,1335
uttar pradesh,pillibhit,puranpur,rice,iii,19-08-2025,3430,3510,3470
uttar pradesh,pillibhit,puranpur,tomato,local,19-08-2025,3970,4045,4005
uttar pradesh,pillibhit,puranpur,wheat,dara,19-08-2025,2360,2440,2400
uttar pradesh,pillibhit,vishalpur,green chilli,green chilly,19-08-2025,4350,4415,4380
uttar pradesh,pillibhit,vishalpur,wheat,dara,19-08-2025,2490,2500,2500
uttar pradesh,pratapgarh,pratapgarh,apple,delicious,19-08-2025,8800,9150,8900
uttar pradesh,pratapgarh,pratapgarh,bengal gram dal (chana dal),bengal gram dal,19-08-2025,7650,7950,7700
uttar pradesh,pratapgarh,pratapgarh,cauliflower,cauliflower,19-08-2025,2300,2500,2345
uttar pradesh,pratapgarh,pratapgarh,garlic,garlic,19-08-2025,6500,6700,6540
uttar pradesh,pratapgarh,pratapgarh,ginger(green),green ginger,19-08-2025,4200,4350,4230
uttar pradesh,pratapgarh,pratapgarh,gur(jaggery),yellow,19-08-2025,4300,4450,4325
uttar pradesh,pratapgarh,pratapgarh,lemon,lemon,19-08-2025,5100,5250,5150
uttar pradesh,pratapgarh,pratapgarh,mustard oil,mustard oil,19-08-2025,14400,14650,14500
uttar pradesh,pratapgarh,pratapgarh,potato,desi,19-08-2025,900,1150,1000
uttar pradesh,pratapgarh,pratapgarh,rice,iii,19-08-2025,3150,3350,3240
uttar pradesh,pratapgarh,pratapgarh,wheat,dara,19-08-2025,2500,2680,2575
uttar pradesh,prayagraj,ajuha,tomato,deshi,19-08-2025,4100,4220,4160
uttar pradesh,raebarelli,bachranwa,arhar dal(tur dal),arhar dal(tur),19-08-2025,9875,9950,9900
uttar pradesh,raebarelli,bachranwa,gur(jaggery),red,19-08-2025,4400,4435,4425
uttar pradesh,raebarelli,bachranwa,onion,red,19-08-2025,1375,1415,1400
uttar pradesh,raebarelli,jayas,bottle gourd,bottle gourd,19-08-2025,1550,1575,1560
uttar pradesh,raebarelli,jayas,colacasia,colacasia,19-08-2025,2060,2100,2080
uttar pradesh,raebarelli,jayas,lemon,lemon,19-08-2025,4325,4375,4350
uttar pradesh,raebarelli,jayas,pointed gourd (parval),pointed gourd (parval),19-08-2025,3180,3250,3200
uttar pradesh,raebarelli,lalganj,rice,common,19-08-2025,3100,3200,3150
uttar pradesh,raebarelli,raibareilly,apple,kasmir/shimla - ii,19-08-2025,8150,8260,8200
uttar pradesh,raebarelli,raibareilly,banana,banana - ripe,19-08-2025,2700,2800,2750
uttar pradesh,raebarelli,raibareilly,black gram (urd beans)(whole),black gram (whole),19-08-2025,8800,8830,8815
uttar pradesh,raebarelli,raibareilly,spinach,spinach,19-08-2025,1860,1950,1900
uttar pradesh,raebarelli,salon,onion,1st sort,19-08-2025,1455,1470,1460
uttar pradesh,rampur,rampur,bengal gram(gram)(whole),desi (whole),19-08-2025,6500,6600,6550
uttar pradesh,rampur,rampur,gur(jaggery),red,19-08-2025,4250,4350,4300
uttar pradesh,rampur,rampur,pomegranate,pomogranate,19-08-2025,6500,6600,6540
uttar pradesh,rampur,rampur,potato,desi,19-08-2025,1010,1100,1050
uttar pradesh,rampur,shahabad,wood,other,19-08-2025,500,900,700
uttar pradesh,rampur,vilaspur,banana,banana - ripe,19-08-2025,2000,2400,2200
uttar pradesh,saharanpur,chutmalpur,bitter gourd,bitter gourd,19-08-2025,1500,1700,1600
uttar pradesh,saharanpur,chutmalpur,green chilli,green chilly,19-08-2025,2900,3300,3100
uttar pradesh,saharanpur,chutmalpur,guava,guava,19-08-2025,4100,4300,4200
uttar pradesh,saharanpur,chutmalpur,pumpkin,pumpkin,19-08-2025,900,1100,1000
uttar pradesh,saharanpur,chutmalpur,ridgeguard(tori),ridgeguard(tori),19-08-2025,1300,1500,1400
uttar pradesh,saharanpur,chutmalpur,tomato,hybrid,19-08-2025,2400,2600,2500
uttar pradesh,saharanpur,saharanpur,banana - green,banana - green,19-08-2025,1670,1980,1830
uttar pradesh,saharanpur,saharanpur,cauliflower,cauliflower,19-08-2025,3800,4200,4000
uttar pradesh,saharanpur,saharanpur,maize,yellow,19-08-2025,2300,2500,2400
uttar pradesh,saharanpur,saharanpur,tomato,hybrid,19-08-2025,4000,4800,4400
uttar pradesh,sambhal,sambhal,brinjal,round/long,19-08-2025,700,950,850
uttar pradesh,sambhal,sambhal,potato,desi,19-08-2025,600,1350,1000
uttar pradesh,sant kabir nagar,khalilabad,brinjal,brinjal,19-08-2025,700,800,750
uttar pradesh,sant kabir nagar,khalilabad,cauliflower,cauliflower,19-08-2025,1700,1800,1750
uttar pradesh,sant kabir nagar,khalilabad,potato,desi,19-08-2025,1500,1800,1600
uttar pradesh,shahjahanpur,puwaha,sponge gourd,sponge gourd,19-08-2025,1600,1750,1700
uttar pradesh,shahjahanpur,puwaha,wheat,dara,19-08-2025,2500,2600,2550
uttar pradesh,shahjahanpur,shahjahanpur,apple,simla,19-08-2025,10280,10400,10340
uttar pradesh,shahjahanpur,shahjahanpur,rice,common,19-08-2025,3380,3480,3440
uttar pradesh,shahjahanpur,tilhar,bitter gourd,bitter gourd,19-08-2025,2140,2240,2190
uttar pradesh,shahjahanpur,tilhar,cabbage,cabbage,19-08-2025,1560,1660,1610
uttar pradesh,shahjahanpur,tilhar,tomato,deshi,19-08-2025,4000,4065,4040
uttar pradesh,shamli,kairana,brinjal,round/long,19-08-2025,1000,1100,1050
uttar pradesh,shamli,kairana,cabbage,cabbage,19-08-2025,2200,2300,2250
uttar pradesh,shamli,kairana,raddish,raddish,19-08-2025,600,700,650
uttar pradesh,shamli,khandhla,brinjal,round/long,19-08-2025,1400,1500,1450
uttar pradesh,shamli,shamli,apple,kasmir/shimla - ii,19-08-2025,8300,8500,8400
uttar pradesh,shamli,shamli,barley (jau),dara,19-08-2025,2340,2420,2380
uttar pradesh,shamli,shamli,mousambi(sweet lime),mousambi,19-08-2025,3350,3450,3400
uttar pradesh,shamli,shamli,mustard oil,mustard oil,19-08-2025,14950,15050,15000
uttar pradesh,shamli,shamli,papaya,papaya,19-08-2025,2550,2650,2600
uttar pradesh,shamli,shamli,pumpkin,pumpkin,19-08-2025,1260,1360,1310
uttar pradesh,shamli,shamli,sugar,chini,19-08-2025,4160,4240,4200
uttar pradesh,shravasti,payagpur,tomato,deshi,19-08-2025,5700,6000,5800
uttar pradesh,sitapur,hargaon (laharpur),wheat,dara,19-08-2025,2460,2470,2465
uttar pradesh,sitapur,sitapur,banana,banana - ripe,19-08-2025,2600,2850,2780
uttar pradesh,sitapur,sitapur,bengal gram(gram)(whole),average (whole),19-08-2025,6400,6700,6580
uttar pradesh,sitapur,sitapur,bottle gourd,bottle gourd,19-08-2025,1440,1700,1610
uttar pradesh,sitapur,sitapur,brinjal,round/long,19-08-2025,1550,1800,1680
uttar pradesh,sitapur,sitapur,gur(jaggery),yellow,19-08-2025,3800,4200,4010
uttar pradesh,sitapur,sitapur,lentil (masur)(whole),masoor gola,19-08-2025,6300,6730,6710
uttar pradesh,sitapur,sitapur,rice,common,19-08-2025,2600,3240,3180
uttar pradesh,sitapur,sitapur,tomato,hybrid,19-08-2025,2900,3950,3800
uttar pradesh,unnao,bangarmau,banana,banana - ripe,19-08-2025,2740,2840,2790
uttar pradesh,unnao,bangarmau,bengal gram(gram)(whole),desi (whole),19-08-2025,6550,6650,6600
uttar pradesh,unnao,bangarmau,maize,yellow,19-08-2025,2180,2280,2230
uttar pradesh,unnao,bangarmau,onion,red,19-08-2025,1320,1420,1370
uttar pradesh,unnao,bangarmau,pomegranate,pomogranate,19-08-2025,6750,6850,6800
uttar pradesh,unnao,bangarmau,pumpkin,pumpkin,19-08-2025,1420,1520,1470
uttar pradesh,unnao,bangarmau,wheat,dara,19-08-2025,2470,2570,2520
uttrakhand,champawat,tanakpur,potato,other,19-08-2025,1100,1120,1110
uttrakhand,dehradoon,chakrata,tomato,other,19-08-2025,1500,2000,1600
uttrakhand,dehradoon,dehradoon,bhindi(ladies finger),other,19-08-2025,1250,1800,1500
uttrakhand,dehradoon,dehradoon,mango,other,19-08-2025,1800,3500,2500
uttrakhand,dehradoon,rishikesh,bhindi(ladies finger),other,19-08-2025,1000,1750,1200
uttrakhand,dehradoon,rishikesh,guava,other,19-08-2025,2500,3200,2800
uttrakhand,dehradoon,rishikesh,mousambi(sweet lime),other,19-08-2025,4000,4500,4200
uttrakhand,dehradoon,rishikesh,pear(marasebu),pears,19-08-2025,2200,4000,2800
uttrakhand,garhwal (pauri),kotadwara,apple,kasmir/shimla - ii,19-08-2025,2500,3000,2800
uttrakhand,garhwal (pauri),kotadwara,bottle gourd,other,19-08-2025,800,1000,900
uttrakhand,garhwal (pauri),kotadwara,brinjal,brinjal,19-08-2025,1000,1400,1200
uttrakhand,garhwal (pauri),kotadwara,cucumbar(kheera),cucumbar,19-08-2025,1500,1800,1700
uttrakhand,garhwal (pauri),kotadwara,sponge gourd,sponge gourd,19-08-2025,1300,1500,1400
uttrakhand,haridwar,bhagwanpur(naveen mandi sthal),pumpkin,other,19-08-2025,600,800,700
uttrakhand,haridwar,haridwar union,banana,other,19-08-2025,1200,1600,1400
uttrakhand,haridwar,haridwar union,cucumbar(kheera),cucumbar,19-08-2025,800,1500,1200
uttrakhand,haridwar,haridwar union,onion,onion,19-08-2025,1200,1700,1400
uttrakhand,haridwar,lakshar,wheat,other,19-08-2025,2475,2500,2490
uttrakhand,haridwar,manglaur,banana,other,19-08-2025,1200,1600,1400
uttrakhand,haridwar,manglaur,bhindi(ladies finger),bhindi,19-08-2025,1300,1600,1500
uttrakhand,haridwar,roorkee,bhindi(ladies finger),other,19-08-2025,600,800,700
uttrakhand,haridwar,roorkee,bitter gourd,other,19-08-2025,500,700,600
uttrakhand,haridwar,roorkee,cucumbar(kheera),other,19-08-2025,500,700,600
uttrakhand,haridwar,roorkee,mango,other,19-08-2025,2000,4000,3000
uttrakhand,haridwar,roorkee,potato,other,19-08-2025,800,1250,1000
uttrakhand,nanital,haldwani,colacasia,other,19-08-2025,1500,2000,1800
uttrakhand,nanital,haldwani,lemon,other,19-08-2025,3500,4500,4000
uttrakhand,udhamsinghnagar,rudrapur,capsicum,other,19-08-2025,5000,6500,6000
uttrakhand,udhamsinghnagar,rudrapur,ginger(dry),other,19-08-2025,7000,10000,8000
uttrakhand,udhamsinghnagar,rudrapur,onion,other,19-08-2025,1800,2000,1900
uttrakhand,udhamsinghnagar,rudrapur,tomato,other,19-08-2025,4000,5000,4500
west bengal,bankura,bankura sadar,paddy(dhan)(common),common,19-08-2025,2200,2320,2300
west bengal,bankura,bishnupur(bankura),rice,common,19-08-2025,3500,3700,3600
west bengal,bankura,khatra,brinjal,round/long,19-08-2025,4000,5000,4400
west bengal,bankura,khatra,paddy(dhan)(common),swarna masuri (new),19-08-2025,2250,2320,2300
west bengal,bankura,khatra,rice,common,19-08-2025,3500,3700,3600
west bengal,bankura,khatra,tomato,tomato,19-08-2025,5000,6200,6000
west bengal,birbhum,rampurhat,mustard,mustard,19-08-2025,7400,7600,7500
west bengal,coochbehar,baxirhat,pointed gourd (parval),other,19-08-2025,3400,3800,3500
west bengal,coochbehar,haldibari,brinjal,brinjal,19-08-2025,3200,3500,3300
west bengal,coochbehar,mathabhanga,pointed gourd (parval),other,19-08-2025,3200,3600,3400
west bengal,coochbehar,mathabhanga,potato,jyoti,19-08-2025,1100,1150,1120
west bengal,darjeeling,darjeeling,potato,jyoti,19-08-2025,2100,2300,2200
west bengal,darjeeling,darjeeling,squash(chappal kadoo),other,19-08-2025,1700,1900,1800
west bengal,darjeeling,darjeeling,tomato,other,19-08-2025,5600,5800,5700
west bengal,darjeeling,karsiyang(matigara),squash(chappal kadoo),other,19-08-2025,1600,1800,1700
west bengal,darjeeling,karsiyang(matigara),tomato,other,19-08-2025,5500,6000,5800
west bengal,darjeeling,siliguri,rice,fine(basmati),19-08-2025,4600,4800,4700
west bengal,darjeeling,siliguri,tomato,hybrid,19-08-2025,5400,5600,5500
west bengal,malda,english bazar,green gram dal (moong dal),green gram dal,19-08-2025,10700,11600,11000
west bengal,malda,english bazar,lentil (masur)(whole),masur dal,19-08-2025,8700,9700,9000
west bengal,malda,english bazar,potato,local,19-08-2025,1100,1115,1110
west bengal,medinipur(w),ghatal,green chilli,green chilly,19-08-2025,8000,8200,8100
west bengal,medinipur(w),ghatal,sweet pumpkin,other,19-08-2025,2500,2700,2600
west bengal,nadia,kalyani,potato,jyoti,19-08-2025,1360,1400,1380
west bengal,nadia,kalyani,rice,other,19-08-2025,4500,4700,4600
west bengal,north 24 parganas,barasat,onion,other,19-08-2025,2200,2200,2200
west bengal,paschim bardhaman,asansol,peas(dry),peas(dry),19-08-2025,5200,5450,5300
west bengal,paschim bardhaman,asansol,potato,jyoti,19-08-2025,1160,1240,1200
west bengal,paschim bardhaman,asansol,potato,jyoti,19-08-2025,1050,1260,1100
west bengal,paschim bardhaman,durgapur,masur dal,masur dal,19-08-2025,9450,9600,9500
west bengal,paschim bardhaman,durgapur,mustard,other,19-08-2025,6875,7200,7050
west bengal,paschim bardhaman,durgapur,mustard,other,19-08-2025,6200,6500,6350
west bengal,paschim bardhaman,durgapur,onion,nasik,19-08-2025,1700,1850,1800
west bengal,paschim bardhaman,durgapur,onion,nasik,19-08-2025,1500,1650,1600
west bengal,paschim bardhaman,durgapur,potato,jyoti,19-08-2025,1160,1260,1240
west bengal,paschim bardhaman,durgapur,tomato,hybrid,19-08-2025,4350,4500,4450
west bengal,paschim bardhaman,durgapur,tomato,hybrid,19-08-2025,4000,4250,4150
west bengal,paschim bardhaman,durgapur,wheat,kalyan,19-08-2025,2750,3050,2875
west bengal,uttar dinajpur,kaliaganj,rice,fine,19-08-2025,3900,4100,4000
andhra pradesh,chittor,palamaner,cauliflower,cauliflower,19-08-2025,600,1000,800
andhra pradesh,chittor,palamaner,potato,(red nanital),19-08-2025,1000,2000,1500
andhra pradesh,east godavari,ravulapelem,banana,chakkarakeli(red),19-08-2025,1800,3200,2700
andhra pradesh,guntur,duggirala,turmeric,bulb,19-08-2025,9811,10400,10200
andhra pradesh,guntur,pidugurala(palnadu),dry chillies,1st sort,19-08-2025,9000,13300,11900
andhra pradesh,guntur,pidugurala(palnadu),dry chillies,red,19-08-2025,10000,14500,13000
andhra pradesh,west godavari,chintalapudi,lemon,lemon,19-08-2025,2400,3000,2700
chandigarh,chandigarh,chandigarh(grain/fruit),capsicum,capsicum,19-08-2025,2500,4500,3500
chandigarh,chandigarh,chandigarh(grain/fruit),cucumbar(kheera),other,19-08-2025,800,1500,1200
gujarat,ahmedabad,viramgam,cummin seed(jeera),other,19-08-2025,15500,17475,16490
gujarat,ahmedabad,viramgam,wheat,other,19-08-2025,2500,2705,2605
gujarat,amreli,babra,cummin seed(jeera),other,19-08-2025,15250,17500,16125
gujarat,amreli,bagasara,bengal gram(gram)(whole),average (whole),19-08-2025,5350,5730,5540
gujarat,amreli,damnagar,brinjal,other,19-08-2025,1100,1400,1300
gujarat,amreli,damnagar,cabbage,cabbage,19-08-2025,1800,2500,2100
gujarat,amreli,damnagar,coriander(leaves),coriander,19-08-2025,800,1100,1000
gujarat,amreli,damnagar,green chilli,green chilly,19-08-2025,2200,3000,2800
gujarat,amreli,savarkundla,bajra(pearl millet/cumbu),deshi,19-08-2025,1900,2950,2400
gujarat,amreli,savarkundla,bengal gram(gram)(whole),average (whole),19-08-2025,5000,5800,5450
gujarat,amreli,savarkundla,cummin seed(jeera),cummin seed(jeera),19-08-2025,15005,17760,17000
gujarat,amreli,savarkundla,wheat,bansi,19-08-2025,2400,2925,2625
gujarat,anand,khambhat(veg yard khambhat),bottle gourd,bottle gourd,19-08-2025,500,1000,700
gujarat,anand,khambhat(veg yard khambhat),cauliflower,other,19-08-2025,3000,4000,3300
gujarat,anand,khambhat(veg yard khambhat),drumstick,other,19-08-2025,3000,4000,3500
gujarat,bharuch,jambusar,jowar(sorghum),other,19-08-2025,3300,3900,3600
gujarat,bharuch,jambusar,maize,other,19-08-2025,2100,2300,2200
gujarat,bharuch,jambusar,wheat,other,19-08-2025,2400,3000,2700
gujarat,bharuch,jambusar(kaavi),bajra(pearl millet/cumbu),other,19-08-2025,2000,2200,2100
gujarat,botad,botad,bajra(pearl millet/cumbu),other,19-08-2025,1950,1950,1950
gujarat,botad,botad,"sesamum(sesame,gingelly,til)",white,19-08-2025,8650,10050,9400
gujarat,botad,botad,soanf,other,19-08-2025,6000,6750,6400
gujarat,botad,botad,wheat,other,19-08-2025,2000,2750,2400
gujarat,chhota udaipur,bodeliu,cotton,shanker 6 (b) 30mm fine,19-08-2025,6910,6951,6925
gujarat,chhota udaipur,hadad    ,cotton,shanker 6 (b) 30mm fine,19-08-2025,6800,6975,6900
gujarat,dahod,dahod,bajra(pearl millet/cumbu),other,19-08-2025,2000,2450,2275
gujarat,dahod,dahod,bengal gram(gram)(whole),desi (whole),19-08-2025,5975,6075,6000
gujarat,dahod,dahod,soyabean,soyabeen,19-08-2025,4550,4657,4600
gujarat,dahod,dahod(veg. market),bhindi(ladies finger),bhindi,19-08-2025,300,1000,650
gujarat,dahod,dahod(veg. market),carrot,carrot,19-08-2025,2500,3500,3000
gujarat,dahod,dahod(veg. market),drumstick,other,19-08-2025,3000,7000,5000
gujarat,dahod,dahod(veg. market),elephant yam (suran),other,19-08-2025,4000,4000,4000
gujarat,dahod,dahod(veg. market),green chilli,green chilly,19-08-2025,1200,5000,3250
gujarat,dahod,dahod(veg. market),mint(pudina),mint(pudina),19-08-2025,6000,10000,8000
gujarat,dahod,devgadhbaria,paddy(dhan)(common),common,19-08-2025,1580,1600,1590
gujarat,dahod,limkheda,wheat,other,19-08-2025,2400,2600,2500
gujarat,gir somnath,veraval,wheat,medium fine,19-08-2025,2300,2600,2455
gujarat,jamnagar,dhrol,bajra(pearl millet/cumbu),other,19-08-2025,2000,2200,2100
gujarat,jamnagar,dhrol,groundnut,other,19-08-2025,5000,6200,5600
gujarat,jamnagar,dhrol,"sesamum(sesame,gingelly,til)",other,19-08-2025,5625,9050,7340
gujarat,jamnagar,kalawad,castor seed,other,19-08-2025,4000,6300,5820
gujarat,kheda,kapadvanj,bottle gourd,other,19-08-2025,200,700,450
gujarat,kheda,kapadvanj,brinjal,other,19-08-2025,300,800,520
gujarat,kheda,kapadvanj,cabbage,other,19-08-2025,1000,1200,1100
gujarat,kheda,nadiyad(chaklasi),bottle gourd,bottle gourd,19-08-2025,1400,1600,1500
gujarat,kheda,nadiyad(chaklasi),coriander(leaves),coriander,19-08-2025,1300,1500,1400
gujarat,kheda,nadiyad(piplag),bitter gourd,bitter gourd,19-08-2025,1400,1500,1450
gujarat,kheda,nadiyad(piplag),cabbage,cabbage,19-08-2025,1500,1600,1550
gujarat,kheda,nadiyad(piplag),cauliflower,cauliflower,19-08-2025,2000,2500,2100
gujarat,kheda,nadiyad(piplag),coriander(leaves),coriander,19-08-2025,1000,1500,1400
gujarat,kheda,nadiyad(piplag),kartali (kantola),kartali (kantola),19-08-2025,7800,8000,7900
gujarat,kheda,nadiyad(piplag),onion,onion,19-08-2025,1200,1400,1300
gujarat,kheda,nadiyad(piplag),pegeon pea (arhar fali),pigeon pea (arhar fali),19-08-2025,9500,10000,9700
gujarat,kheda,nadiyad(piplag),sponge gourd,sponge gourd,19-08-2025,800,900,850
gujarat,kheda,nadiyad(piplag),tinda,tinda,19-08-2025,1500,2000,1700
gujarat,mehsana,kadi,ajwan,other,19-08-2025,5500,8705,6500
gujarat,mehsana,kadi,bajra(pearl millet/cumbu),deshi,19-08-2025,2100,2600,2550
gujarat,mehsana,vijapur(gojjariya),wheat,other,19-08-2025,2700,2805,2740
gujarat,navsari,navsari,cauliflower,african sarson,19-08-2025,2500,3000,2750
gujarat,navsari,navsari,potato,(red nanital),19-08-2025,900,1900,1400
gujarat,patan,sami,ajwan,ajwan,19-08-2025,7000,8750,7500
gujarat,patan,sami,suva (dill seed),other,19-08-2025,6000,6800,6500
gujarat,patan,siddhpur,rajgir,other,19-08-2025,5350,5565,5457
gujarat,porbandar,porbandar,banana,amruthapani,19-08-2025,1500,2500,2000
gujarat,porbandar,porbandar,brinjal,arkasheela mattigulla,19-08-2025,750,1250,1000
gujarat,porbandar,porbandar,lemon,lemon,19-08-2025,2000,2500,2250
gujarat,rajkot,dhoraji,ground nut seed,ground nut seed,19-08-2025,5875,6630,6430
gujarat,rajkot,gondal(veg.market gondal),green chilli,green chilly,19-08-2025,400,2000,1200
gujarat,rajkot,rajkot,corriander seed,"a-1, green",19-08-2025,6950,7350,7200
gujarat,rajkot,rajkot,cummin seed(jeera),cummin seed(jeera),19-08-2025,16500,18470,17000
gujarat,rajkot,rajkot(veg.sub yard),cluster beans,cluster beans,19-08-2025,2500,6000,4250
gujarat,rajkot,rajkot(veg.sub yard),onion,onion,19-08-2025,405,1650,1125
gujarat,surat,surat,banana - green,other,19-08-2025,900,1800,1350
gujarat,surat,surat,beetroot,other,19-08-2025,1500,2100,1800
gujarat,surat,surat,bhindi(ladies finger),other,19-08-2025,1500,3000,2250
gujarat,surat,surat,brinjal,other,19-08-2025,1000,3000,2000
gujarat,surat,surat,carrot,other,19-08-2025,1500,2600,2050
gujarat,surat,surat,green chilli,other,19-08-2025,2500,4300,3400
gujarat,surat,surat,kartali (kantola),other,19-08-2025,8000,11000,9500
gujarat,surat,surat,peas cod,other,19-08-2025,7000,10000,8500
gujarat,surat,surat,pegeon pea (arhar fali),other,19-08-2025,4000,10000,7000
gujarat,surat,surat,turmeric (raw),other,19-08-2025,5000,17500,11250
gujarat,surendranagar,chotila,jowar(sorghum),jowar ( white),19-08-2025,3500,4000,3750
gujarat,surendranagar,vadhvan,brinjal,brinjal,19-08-2025,500,750,625
gujarat,surendranagar,vadhvan,cucumbar(kheera),cucumbar,19-08-2025,250,500,375
gujarat,surendranagar,vadhvan,elephant yam (suran),elephant yam (suran),19-08-2025,3500,4000,3750
gujarat,surendranagar,vadhvan,green chilli,green chilly,19-08-2025,500,1000,750
gujarat,surendranagar,vadhvan,onion green,onion green,19-08-2025,1000,1500,1250
gujarat,vadodara(baroda),padra,potato,other,19-08-2025,1500,2100,1800
gujarat,vadodara(baroda),padra,pumpkin,other,19-08-2025,700,900,800
gujarat,valsad,chikli(khorgam),pointed gourd (parval),other,19-08-2025,2000,2750,2345
haryana,ambala,ambala cantt.,apple,apple,19-08-2025,4500,11000,6800
haryana,ambala,barara,bottle gourd,other,19-08-2025,600,800,700
haryana,ambala,barara,brinjal,other,19-08-2025,600,700,600
haryana,ambala,barara,cabbage,other,19-08-2025,600,600,600
haryana,ambala,barara,capsicum,other,19-08-2025,1200,1500,1200
haryana,ambala,barara,potato,other,19-08-2025,700,1000,800
haryana,fatehabad,jakhal,colacasia,other,19-08-2025,2000,2000,2000
haryana,gurgaon,farukh nagar,potato,other,19-08-2025,1400,1700,1400
haryana,gurgaon,gurgaon,cabbage,other,19-08-2025,1000,1400,1200
haryana,gurgaon,sohna,pumpkin,pumpkin,19-08-2025,1000,1500,1200
haryana,gurgaon,sohna,tomato,tomato,19-08-2025,4000,4500,4500
haryana,hissar,barwala(hisar),apple,other,19-08-2025,12000,12500,12300
haryana,hissar,barwala(hisar),bhindi(ladies finger),other,19-08-2025,3300,3500,3400
haryana,hissar,barwala(hisar),bottle gourd,other,19-08-2025,1000,1200,1100
haryana,hissar,barwala(hisar),capsicum,capsicum,19-08-2025,5800,6000,5900
haryana,hissar,barwala(hisar),cucumbar(kheera),other,19-08-2025,1800,2500,2400
haryana,hissar,barwala(hisar),leafy vegetable,other,19-08-2025,2800,3000,2900
haryana,hissar,barwala(hisar),mango,other,19-08-2025,9000,10000,9500
haryana,hissar,barwala(hisar),mousambi(sweet lime),other,19-08-2025,3200,3500,3450
haryana,hissar,barwala(hisar),pomegranate,other,19-08-2025,12000,15000,14500
haryana,hissar,barwala(hisar),ridgeguard(tori),other,19-08-2025,2000,2500,2400
haryana,hissar,barwala(hisar),tinda,other,19-08-2025,4800,5000,4900
haryana,hissar,barwala(hisar),tomato,other,19-08-2025,4800,5000,4950
haryana,hissar,hansi,cabbage,other,19-08-2025,2000,2500,2300
haryana,hissar,hansi,capsicum,other,19-08-2025,5000,7000,6000
haryana,hissar,hansi,cauliflower,other,19-08-2025,4000,6000,5000
haryana,hissar,hansi,mousambi(sweet lime),other,19-08-2025,2000,4000,3000
haryana,jhajar,bahadurgarh,ginger(green),other,19-08-2025,5000,6000,5500
haryana,jhajar,bahadurgarh,peas cod,other,19-08-2025,8000,10000,9000
haryana,jhajar,bahadurgarh,tomato,other,19-08-2025,2500,6000,4000
haryana,jhajar,bahadurgarh,tomato,other,19-08-2025,2000,5000,3000
haryana,kaithal,dhand,tomato,deshi,19-08-2025,4800,5000,4970
haryana,kurukshetra,ladwa,apple,apple,19-08-2025,3000,9000,4000
haryana,kurukshetra,ladwa,bhindi(ladies finger),bhindi,19-08-2025,2000,2200,2200
haryana,kurukshetra,ladwa,mousambi(sweet lime),mousambi,19-08-2025,3000,4000,3200
haryana,kurukshetra,ladwa,ridgeguard(tori),ridgeguard(tori),19-08-2025,1000,1200,1000
haryana,kurukshetra,pehowa,onion,other,19-08-2025,1500,1950,1900
haryana,mahendragarh-narnaul,narnaul,bitter gourd,bitter gourd,19-08-2025,2500,3000,3000
haryana,mahendragarh-narnaul,narnaul,cabbage,cabbage,19-08-2025,1500,2500,1800
haryana,mahendragarh-narnaul,narnaul,cucumbar(kheera),cucumbar,19-08-2025,800,2500,1500
haryana,mahendragarh-narnaul,narnaul,guava,guava,19-08-2025,2000,2500,2500
haryana,mahendragarh-narnaul,narnaul,pumpkin,pumpkin,19-08-2025,1000,1500,1500
haryana,mahendragarh-narnaul,narnaul,raddish,raddish,19-08-2025,2000,2000,2000
haryana,mewat,tauru,bhindi(ladies finger),bhindi,19-08-2025,2000,2000,2000
haryana,mewat,tauru,bitter gourd,other,19-08-2025,2000,2000,2000
haryana,mewat,tauru,cucumbar(kheera),other,19-08-2025,1700,1700,1700
haryana,mewat,tauru,ginger(green),other,19-08-2025,7000,7000,7000
haryana,mewat,tauru,lemon,other,19-08-2025,7000,7000,7000
haryana,panipat,madlauda,onion,other,19-08-2025,1500,1500,1500
haryana,panipat,madlauda,potato,other,19-08-2025,1000,1000,1000
haryana,panipat,panipat,cucumbar(kheera),other,19-08-2025,800,2000,1400
haryana,panipat,panipat,potato,other,19-08-2025,500,1000,750
haryana,panipat,samalkha,bitter gourd,bitter gourd,19-08-2025,2000,2000,2000
haryana,panipat,samalkha,guava,guava,19-08-2025,1500,1500,1500
haryana,rewari,kosli,onion,other,19-08-2025,1500,1500,1500
haryana,rewari,rewari,banana,other,19-08-2025,2500,3500,3000
haryana,rewari,rewari,onion,medium,19-08-2025,1000,2000,1500
haryana,rohtak,meham,colacasia,other,19-08-2025,1200,1600,1500
haryana,rohtak,rohtak,banana,other,19-08-2025,1800,2000,2000
haryana,rohtak,rohtak,mango,other,19-08-2025,6000,10000,8000
haryana,rohtak,rohtak,potato,other,19-08-2025,800,1500,1000
haryana,rohtak,rohtak,tomato,other,19-08-2025,1500,3000,2500
haryana,sonipat,ganaur,apple,other,19-08-2025,6500,7000,6800
haryana,sonipat,ganaur,cabbage,cabbage,19-08-2025,2000,2500,2200
haryana,sonipat,ganaur,cauliflower,other,19-08-2025,4500,5000,4800
haryana,sonipat,ganaur,guava,other,19-08-2025,1400,1500,1400
haryana,sonipat,ganaur,mousambi(sweet lime),mousambi,19-08-2025,4000,5000,4500
haryana,sonipat,ganaur,potato,potato,19-08-2025,1300,1400,1300
haryana,sonipat,ganaur,tomato,tomato,19-08-2025,4000,5000,4500
haryana,sonipat,gohana,apple,apple,19-08-2025,5000,8000,6000
haryana,sonipat,gohana,potato,other,19-08-2025,1000,2200,1500
haryana,sonipat,sonepat,green chilli,other,19-08-2025,2100,6500,2100
haryana,yamuna nagar,chhachrauli,brinjal,brinjal,19-08-2025,1600,1800,1600
haryana,yamuna nagar,jagadhri,banana,other,19-08-2025,1800,2200,2000
haryana,yamuna nagar,sadhaura,banana,banana - ripe,19-08-2025,2000,2000,2000
haryana,yamuna nagar,sadhaura,raddish,raddish,19-08-2025,1500,1500,1500
haryana,yamuna nagar,sadhaura,tomato,other,19-08-2025,3000,4500,4000
himachal pradesh,bilaspur,bilaspur,bhindi(ladies finger),other,19-08-2025,2600,3200,2900
himachal pradesh,bilaspur,bilaspur,bottle gourd,other,19-08-2025,2200,3000,2300
himachal pradesh,bilaspur,bilaspur,spinach,other,19-08-2025,2500,3600,3000
himachal pradesh,chamba,chamba,capsicum,other,19-08-2025,5500,6000,5750
himachal pradesh,kangra,dharamshala,pomegranate,other,19-08-2025,11500,13500,12500
himachal pradesh,kangra,dharamshala,tomato,other,19-08-2025,6000,6500,6250
himachal pradesh,kangra,kangra,bhindi(ladies finger),other,19-08-2025,3000,3500,3200
himachal pradesh,kangra,kangra,bitter gourd,other,19-08-2025,3000,4000,3500
himachal pradesh,kangra,kangra,cabbage,other,19-08-2025,2500,3500,3000
himachal pradesh,kangra,kangra,colacasia,colacasia,19-08-2025,2500,3000,2700
himachal pradesh,kangra,kangra,lemon,other,19-08-2025,5000,6000,5500
himachal pradesh,kangra,kangra,mousambi(sweet lime),other,19-08-2025,4500,5000,4700
himachal pradesh,kangra,kangra,pear(marasebu),other,19-08-2025,4000,8000,6000
himachal pradesh,kangra,kangra,pineapple,other,19-08-2025,3500,4000,3700
himachal pradesh,kangra,kangra,pomegranate,other,19-08-2025,10000,12000,11000
himachal pradesh,kangra,kangra(baijnath),banana,banana - ripe,19-08-2025,3200,3500,3500
himachal pradesh,kangra,kangra(baijnath),bhindi(ladies finger),bhindi,19-08-2025,3400,3500,3500
himachal pradesh,kangra,kangra(baijnath),brinjal,brinjal,19-08-2025,3200,3500,3300
himachal pradesh,kangra,kangra(baijnath),cabbage,cabbage,19-08-2025,2800,3000,2900
himachal pradesh,kangra,kangra(baijnath),cauliflower,cauliflower,19-08-2025,4400,4600,4500
himachal pradesh,kangra,kangra(baijnath),coriander(leaves),coriander,19-08-2025,19000,20000,19500
himachal pradesh,kangra,kangra(baijnath),guava,guava,19-08-2025,5500,6500,5800
himachal pradesh,kangra,kangra(baijnath),onion,onion,19-08-2025,2300,2400,2300
himachal pradesh,kangra,kangra(jaisinghpur),bhindi(ladies finger),bhindi,19-08-2025,3200,3800,3500
himachal pradesh,kangra,kangra(jaisinghpur),capsicum,capsicum,19-08-2025,7500,8000,7700
himachal pradesh,kangra,kangra(jaisinghpur),onion,1st sort,19-08-2025,2600,2800,2700
himachal pradesh,kangra,kangra(nagrota bagwan),cauliflower,african sarson,19-08-2025,5000,6000,5500
himachal pradesh,kangra,kangra(nagrota bagwan),pineapple,other,19-08-2025,3500,4000,3700
himachal pradesh,kangra,kangra(nagrota bagwan),spinach,other,19-08-2025,4000,4500,4200
himachal pradesh,kangra,kangra(nagrota bagwan),tomato,deshi,19-08-2025,5500,6000,5700
himachal pradesh,kangra,palampur,bhindi(ladies finger),other,19-08-2025,3000,3500,3200
himachal pradesh,kangra,palampur,peas wet,other,19-08-2025,11000,12000,11500
himachal pradesh,kangra,palampur,pomegranate,other,19-08-2025,7000,12000,9000
himachal pradesh,kangra,palampur,sponge gourd,other,19-08-2025,3500,4000,3700
himachal pradesh,kullu,bandrol,pear(marasebu),other,19-08-2025,1000,5200,3200
himachal pradesh,kullu,bandrol,peas wet,other,19-08-2025,4000,6500,5500
himachal pradesh,kullu,bhuntar,cucumbar(kheera),other,19-08-2025,1000,1500,1200
himachal pradesh,kullu,bhuntar,pomegranate,other,19-08-2025,3000,7000,5000
himachal pradesh,kullu,kullu(chauri bihal),cauliflower,other,19-08-2025,500,1000,800
himachal pradesh,mandi,mandi(mandi),banana,banana - ripe,19-08-2025,3000,4200,3500
himachal pradesh,mandi,mandi(mandi),bitter gourd,bitter gourd,19-08-2025,2000,2500,2000
himachal pradesh,mandi,mandi(mandi),cucumbar(kheera),cucumbar,19-08-2025,1500,3000,2500
himachal pradesh,mandi,mandi(mandi),guava,guava,19-08-2025,2500,6000,4000
himachal pradesh,mandi,mandi(mandi),lemon,lemon,19-08-2025,6000,8000,7000
himachal pradesh,mandi,mandi(mandi),papaya,papaya,19-08-2025,2800,4000,3500
himachal pradesh,mandi,mandi(mandi),sponge gourd,sponge gourd,19-08-2025,2000,2500,2300
himachal pradesh,sirmore,nahan,apple,other,19-08-2025,4000,10000,7000
himachal pradesh,sirmore,nahan,bhindi(ladies finger),other,19-08-2025,2000,2500,2200
himachal pradesh,sirmore,nahan,brinjal,other,19-08-2025,2500,3000,2800
himachal pradesh,sirmore,nahan,french beans (frasbean),other,19-08-2025,4000,6000,5000
himachal pradesh,sirmore,nahan,onion,other,19-08-2025,2000,2200,2100
himachal pradesh,sirmore,paonta sahib,bhindi(ladies finger),other,19-08-2025,2000,2500,2200
himachal pradesh,sirmore,paonta sahib,cauliflower,other,19-08-2025,4000,5000,4500
himachal pradesh,sirmore,paonta sahib,cucumbar(kheera),other,19-08-2025,2000,2500,2200
himachal pradesh,sirmore,paonta sahib,ginger(green),other,19-08-2025,8000,10000,9000
himachal pradesh,sirmore,paonta sahib,papaya,other,19-08-2025,3000,4000,3500
himachal pradesh,sirmore,paonta sahib,tomato,other,19-08-2025,2000,6000,4000
himachal pradesh,solan,waknaghat,raddish,other,19-08-2025,700,1000,1000
jammu and kashmir,baramulla,nowpora,apple,other,19-08-2025,4000,5600,4800
jammu and kashmir,jammu,narwal jammu (f&v),apple,other,19-08-2025,4000,8000,6000
jammu and kashmir,jammu,narwal jammu (f&v),bitter gourd,other,19-08-2025,2800,3000,2900
jammu and kashmir,jammu,narwal jammu (f&v),cabbage,other,19-08-2025,2300,2500,2400
jammu and kashmir,jammu,narwal jammu (f&v),capsicum,other,19-08-2025,4000,5600,4800
jammu and kashmir,jammu,narwal jammu (f&v),guava,other,19-08-2025,4000,5000,4500
jammu and kashmir,jammu,narwal jammu (f&v),pear(marasebu),pears,19-08-2025,4000,6000,5000
jammu and kashmir,kathua,kathua,bhindi(ladies finger),other,19-08-2025,2000,2200,2100
jammu and kashmir,kathua,kathua,capsicum,other,19-08-2025,4000,4500,4250
jammu and kashmir,kathua,kathua,cauliflower,other,19-08-2025,3000,3500,3250
jammu and kashmir,kathua,kathua,knool khol,other,19-08-2025,3000,3500,3250
jammu and kashmir,kathua,kathua,lemon,other,19-08-2025,6000,6500,6250
jammu and kashmir,kathua,kathua,pineapple,pine apple,19-08-2025,4000,4500,4250
jammu and kashmir,kathua,kathua,pomegranate,other,19-08-2025,10000,15000,12500
jammu and kashmir,kathua,kathua,pumpkin,other,19-08-2025,700,800,750
jammu and kashmir,rajouri,rajouri (f&v),bitter gourd,other,19-08-2025,5500,5700,5600
jammu and kashmir,rajouri,rajouri (f&v),bottle gourd,other,19-08-2025,3000,3400,3200
jammu and kashmir,rajouri,rajouri (f&v),brinjal,other,19-08-2025,3000,3200,3100
jammu and kashmir,rajouri,rajouri (f&v),cucumbar(kheera),other,19-08-2025,3000,3200,3100
jammu and kashmir,rajouri,rajouri (f&v),mousambi(sweet lime),mousambi,19-08-2025,6000,6200,6100
jammu and kashmir,srinagar,ganderbal,apple,other,19-08-2025,4500,5500,5000
jammu and kashmir,srinagar,parimpore,cauliflower,other,19-08-2025,2200,2400,2300
jammu and kashmir,srinagar,parimpore,pomegranate,other,19-08-2025,15500,17500,16500
jammu and kashmir,srinagar,parimpore,potato,local,19-08-2025,1400,1600,1500
jammu and kashmir,srinagar,parimpore,spinach,other,19-08-2025,1500,2500,2000
jammu and kashmir,udhampur,udhampur,potato,other,19-08-2025,1000,1400,1200
jammu and kashmir,udhampur,udhampur,raddish,other,19-08-2025,1000,1600,1300
jammu and kashmir,udhampur,udhampur,tomato,other,19-08-2025,3500,4000,3750
karnataka,bangalore,ramanagara,beetroot,beetroot,19-08-2025,2000,2800,2400
karnataka,bangalore,ramanagara,brinjal,round,19-08-2025,4000,4800,4400
karnataka,bangalore,ramanagara,capsicum,capsicum,19-08-2025,4000,6000,5000
karnataka,bangalore,ramanagara,green chilli,green chilly,19-08-2025,4000,6000,5000
karnataka,bangalore,ramanagara,raddish,raddish,19-08-2025,1200,2400,1600
karnataka,bangalore,ramanagara,tomato,tomato,19-08-2025,3000,4000,3500
karnataka,belgaum,sankeshwar,gur(jaggery),nizamabad,19-08-2025,3600,3800,3700
karnataka,belgaum,sankeshwar,rice,other,19-08-2025,2525,2611,2550
karnataka,chamrajnagar,chamaraj nagar,arecanut(betelnut/supari),other,19-08-2025,54690,54690,54690
karnataka,chamrajnagar,chamaraj nagar,beans,beans (whole),19-08-2025,1500,2700,2100
karnataka,chamrajnagar,chamaraj nagar,brinjal,other,19-08-2025,1000,1400,1200
karnataka,chamrajnagar,chamaraj nagar,cabbage,cabbage,19-08-2025,600,700,650
karnataka,chamrajnagar,chamaraj nagar,raddish,raddish,19-08-2025,1000,1600,1300
karnataka,davangere,davangere,apple,apple,19-08-2025,7000,10000,8500
karnataka,davangere,davangere,banana,pachha bale,19-08-2025,1800,2400,2100
karnataka,davangere,davangere,bitter gourd,bitter gourd,19-08-2025,2000,2400,2100
karnataka,davangere,davangere,bottle gourd,bottle gourd,19-08-2025,1300,1700,1500
karnataka,davangere,davangere,cucumbar(kheera),cucumbar,19-08-2025,1800,2200,2000
karnataka,davangere,davangere,raddish,raddish,19-08-2025,2000,2400,2200
karnataka,davangere,davangere,seemebadnekai,seemebadanekai,19-08-2025,1800,2200,2000
karnataka,shimoga,shimoga,beetroot,beetroot,19-08-2025,1800,2000,1900
karnataka,shimoga,shimoga,bengal gram(gram)(whole),jawari/local,19-08-2025,5500,6500,6000
karnataka,shimoga,shimoga,brinjal,brinjal,19-08-2025,1800,2000,1900
karnataka,shimoga,shimoga,corriander seed,coriander seed,19-08-2025,9000,13000,11000
karnataka,shimoga,shimoga,green gram dal (moong dal),green gram dal,19-08-2025,10000,10800,10400
karnataka,shimoga,shimoga,kulthi(horse gram),horse gram (whole),19-08-2025,3300,5300,4300
karnataka,shimoga,shimoga,potato,local,19-08-2025,2000,2800,2400
kerala,alappuzha,aroor,amphophalus,amphophalus,19-08-2025,6000,6200,6100
kerala,alappuzha,aroor,ashgourd,other,19-08-2025,2600,2800,2700
kerala,alappuzha,chengannur,carrot,other,19-08-2025,5800,6100,6000
kerala,alappuzha,chengannur,cauliflower,other,19-08-2025,0,0,4000
kerala,alappuzha,chengannur,onion,onion,19-08-2025,2300,2600,2400
kerala,alappuzha,cherthala,amaranthus,other,19-08-2025,8000,8200,8100
kerala,alappuzha,cherthala,banana - green,banana - green,19-08-2025,3400,3600,3500
kerala,alappuzha,cherthala,long melon(kakri),other,19-08-2025,4000,4200,4100
kerala,alappuzha,cherthala,potato,chips,19-08-2025,4300,4500,4400
kerala,alappuzha,harippad,amaranthus,other,19-08-2025,5000,5500,5000
kerala,alappuzha,harippad,ashgourd,other,19-08-2025,3000,3500,3000
kerala,alappuzha,harippad,bhindi(ladies finger),other,19-08-2025,4000,4500,4000
kerala,alappuzha,harippad,cauliflower,other,19-08-2025,4000,4500,4000
kerala,alappuzha,harippad,colacasia,other,19-08-2025,8000,8700,8000
kerala,alappuzha,harippad,ginger(green),other,19-08-2025,5000,5500,5000
kerala,alappuzha,harippad,mango,other,19-08-2025,5000,5500,5000
kerala,alappuzha,kayamkulam,brinjal,other,19-08-2025,3100,3300,3200
kerala,alappuzha,kayamkulam,cucumbar(kheera),other,19-08-2025,3200,3400,3300
kerala,alappuzha,kayamkulam,drumstick,other,19-08-2025,2100,2300,2200
kerala,alappuzha,kayamkulam,potato,other,19-08-2025,2200,2400,2300
kerala,ernakulam,aluva,banana - green,banana - green,19-08-2025,3200,3400,3300
kerala,ernakulam,aluva,bitter gourd,bitter gourd,19-08-2025,3000,5000,4000
kerala,ernakulam,aluva,brinjal,brinjal,19-08-2025,2500,4000,3300
kerala,ernakulam,aluva,ginger(green),green ginger,19-08-2025,7000,9000,8500
kerala,ernakulam,aluva,little gourd (kundru),other,19-08-2025,4500,6000,5300
kerala,ernakulam,aluva,onion,big,19-08-2025,2200,3000,2600
kerala,ernakulam,aluva,pineapple,pine apple,19-08-2025,2800,3000,2900
kerala,ernakulam,ernakulam,banana,nendra bale,19-08-2025,4200,4800,4600
kerala,ernakulam,ernakulam,cucumbar(kheera),cucumbar,19-08-2025,3800,4500,4300
kerala,ernakulam,mazhuvannur vfpck,pineapple,pine apple,19-08-2025,1300,3000,2200
kerala,ernakulam,north paravur,black pepper,garbled,19-08-2025,75000,95000,80000
kerala,ernakulam,north paravur,brinjal,arkasheela mattigulla,19-08-2025,3500,4500,4000
kerala,ernakulam,north paravur,coriander(leaves),coriander,19-08-2025,7000,8000,7500
kerala,ernakulam,north paravur,cowpea(veg),cowpea (veg),19-08-2025,2800,3500,3000
kerala,ernakulam,north paravur,drumstick,drumstick,19-08-2025,3000,4000,3500
kerala,ernakulam,north paravur,lemon,lemon,19-08-2025,6000,7000,6500
kerala,ernakulam,north paravur,ridgeguard(tori),other,19-08-2025,5500,6500,6000
kerala,ernakulam,north paravur,snakeguard,other,19-08-2025,4000,5000,4500
kerala,ernakulam,perumbavoor,banana,palayamthodan,19-08-2025,1800,2800,2200
kerala,ernakulam,perumbavoor,bhindi(ladies finger),bhindi,19-08-2025,3000,4000,3500
kerala,ernakulam,perumbavoor,bottle gourd,bottle gourd,19-08-2025,1800,2800,2000
kerala,ernakulam,perumbavoor,ginger(dry),dry,19-08-2025,24500,25500,25000
kerala,ernakulam,perumbavoor,pineapple,pine apple,19-08-2025,2800,3800,3200
kerala,ernakulam,perumbavoor,potato,potato,19-08-2025,2800,3800,3200
kerala,ernakulam,piravam,bhindi(ladies finger),other,19-08-2025,5000,6000,5500
kerala,ernakulam,piravam,cabbage,other,19-08-2025,4500,5500,5000
kerala,ernakulam,piravam,capsicum,other,19-08-2025,8000,9000,8500
kerala,ernakulam,piravam,potato,other,19-08-2025,4000,5000,4500
kerala,ernakulam,piravam,snakeguard,other,19-08-2025,4500,5500,5000
kerala,ernakulam,pothanikkadu vfpck,banana,robusta,19-08-2025,1800,2500,2200
kerala,ernakulam,thrippunithura,banana,poovan,19-08-2025,7800,9000,8000
kerala,ernakulam,thrippunithura,banana - green,banana - green,19-08-2025,3700,6000,4000
kerala,ernakulam,thrippunithura,bitter gourd,bitter gourd,19-08-2025,5000,6000,5200
kerala,ernakulam,thrippunithura,capsicum,capsicum,19-08-2025,7500,10000,8000
kerala,ernakulam,thrippunithura,cowpea(veg),cowpea (veg),19-08-2025,5000,6000,5200
kerala,ernakulam,thrippunithura,cucumbar(kheera),cucumbar,19-08-2025,5000,5500,5200
kerala,ernakulam,thrippunithura,drumstick,drumstick,19-08-2025,3000,4000,3200
kerala,ernakulam,thrippunithura,indian beans (seam),other,19-08-2025,9000,9500,9200
kerala,ernakulam,thrippunithura,lemon,other,19-08-2025,8500,9000,8700
kerala,ernakulam,thrippunithura,onion,big,19-08-2025,2600,3000,2600
kerala,ernakulam,thrippunithura,snakeguard,snakeguard,19-08-2025,5400,6000,5600
kerala,ernakulam,thrippunithura,tomato,tomato,19-08-2025,5600,6200,5800
kerala,ernakulam,thuravoor vfpck,banana,palayamthodan,19-08-2025,2800,3000,2900
kerala,ernakulam,thuravoor vfpck,banana,poovan,19-08-2025,5800,6000,5900
kerala,idukki,adimali,amaranthus,amaranthus,19-08-2025,6000,6000,6000
kerala,idukki,adimali,apple,apple,19-08-2025,14000,14000,14000
kerala,idukki,adimali,banana - green,banana - green,19-08-2025,4000,4000,4000
kerala,idukki,adimali,bottle gourd,bottle gourd,19-08-2025,2500,2500,2500
kerala,idukki,adimali,cabbage,cabbage,19-08-2025,4000,4000,4000
kerala,idukki,adimali,cluster beans,cluster beans,19-08-2025,5000,6000,5000
kerala,idukki,adimali,coconut,big,19-08-2025,9000,9000,9000
kerala,idukki,adimali,colacasia,other,19-08-2025,8000,8000,8000
kerala,idukki,adimali,cowpea(veg),cowpea (veg),19-08-2025,5000,5000,5000
kerala,idukki,adimali,cucumbar(kheera),cucumbar,19-08-2025,3000,3000,3000
kerala,idukki,adimali,ginger(green),green ginger,19-08-2025,8000,8000,8000
kerala,idukki,thodupuzha,apple,other,19-08-2025,20800,21000,21000
kerala,idukki,thodupuzha,black pepper,ungrabled,19-08-2025,62800,63000,63000
kerala,kannur,kannur,onion,other,19-08-2025,2400,2600,2500
kerala,kannur,payyannur,amaranthus,other,19-08-2025,3700,3900,3800
kerala,kannur,payyannur,ashgourd,other,19-08-2025,2700,2900,2800
kerala,kannur,payyannur,pumpkin,other,19-08-2025,2900,3100,3000
kerala,kasargod,kasargod,amaranthus,other,19-08-2025,5000,5200,5100
kerala,kasargod,kasargod,arecanut(betelnut/supari),other,19-08-2025,46000,47000,46500
kerala,kasargod,kasargod,cowpea(veg),other,19-08-2025,4500,4700,4600
kerala,kasargod,kasargod,pepper garbled,other,19-08-2025,67000,67200,67100
kerala,kasargod,kasargod,pumpkin,other,19-08-2025,2200,2400,2300
kerala,kollam,anchal,banana,palayamthodan,19-08-2025,3500,3700,3600
kerala,kollam,anchal,banana,poovan,19-08-2025,6600,6800,6700
kerala,kollam,anchal,cabbage,other,19-08-2025,5000,5200,5100
kerala,kollam,anchal,capsicum,capsicum,19-08-2025,6300,6500,6400
kerala,kollam,anchal,colacasia,colacasia,19-08-2025,5500,5700,5600
kerala,kollam,kottarakkara,beetroot,other,19-08-2025,4000,4500,4200
kerala,kollam,kottarakkara,colacasia,other,19-08-2025,8000,9200,9000
kerala,kottayam,athirampuzha,banana,robusta,19-08-2025,3300,3500,3400
kerala,kottayam,athirampuzha,coconut,other,19-08-2025,7600,7800,7700
kerala,kottayam,athirampuzha,colacasia,other,19-08-2025,7800,8000,7900
kerala,kottayam,athirampuzha,cucumbar(kheera),cucumbar,19-08-2025,4000,4200,4100
kerala,kottayam,athirampuzha,little gourd (kundru),other,19-08-2025,4400,4600,4500
kerala,kottayam,athirampuzha,onion,onion,19-08-2025,5000,5200,5100
kerala,kottayam,kuruppanthura,bhindi(ladies finger),bhindi,19-08-2025,4200,6000,5000
kerala,kottayam,kuruppanthura,onion,onion,19-08-2025,5000,6000,5500
kerala,kottayam,kuruppanthura,tomato,tomato,19-08-2025,5600,6000,6000
kerala,kottayam,mannackanad  vfpck,snakeguard,other,19-08-2025,3400,3600,3500
kerala,kottayam,pala,bitter gourd,bitter gourd,19-08-2025,4500,5400,5000
kerala,kottayam,pala,cluster beans,cluster beans,19-08-2025,7000,8000,7500
kerala,kottayam,pala,green chilli,green chilly,19-08-2025,7500,12000,9500
kerala,kottayam,pala,little gourd (kundru),other,19-08-2025,5500,6000,5700
kerala,kottayam,pala,potato,potato,19-08-2025,4200,4600,4400
kerala,kottayam,pampady,amaranthus,amaranthus,19-08-2025,3000,4500,4000
kerala,kottayam,pampady,banana,robusta,19-08-2025,3000,4500,4000
kerala,kottayam,pampady,bhindi(ladies finger),bhindi,19-08-2025,4200,5500,5000
kerala,kottayam,pampady,cowpea(veg),other,19-08-2025,5600,6600,6000
kerala,kottayam,pampady,elephant yam (suran),other,19-08-2025,6200,7600,7000
kerala,kottayam,pampady,green chilli,green chilly,19-08-2025,6600,7600,7000
kerala,kottayam,pampady,potato,other,19-08-2025,3200,4200,4000
kerala,kottayam,pampady,tapioca,tapioca,19-08-2025,3000,3500,3200
kerala,kottayam,ramapuram vfpck,banana,poovan,19-08-2025,3400,3600,3500
kerala,kottayam,thalayolaparambu,banana,poovan,19-08-2025,5200,5600,5400
kerala,kottayam,thalayolaparambu,beetroot,beetroot,19-08-2025,3000,3400,3200
kerala,kottayam,thalayolaparambu,carrot,carrot,19-08-2025,7400,7700,7500
kerala,kottayam,thalayolaparambu,cluster beans,cluster beans,19-08-2025,5800,6200,6000
kerala,kottayam,thalayolaparambu,drumstick,drumstick,19-08-2025,3000,3400,3200
kerala,kottayam,thalayolaparambu,green chilli,green chilly,19-08-2025,5000,5400,5200
kerala,kottayam,thalayolaparambu,lemon,other,19-08-2025,7000,7400,7200
kerala,kozhikode(calicut),kallachi,bottle gourd,bottle gourd,19-08-2025,3300,3700,3500
kerala,kozhikode(calicut),kallachi,cabbage,cabbage,19-08-2025,2300,2700,2500
kerala,kozhikode(calicut),kallachi,cowpea(veg),cowpea (veg),19-08-2025,4800,5200,5000
kerala,kozhikode(calicut),mukkom,amphophalus,amphophalus,19-08-2025,4400,4600,4500
kerala,kozhikode(calicut),mukkom,coconut seed,other,19-08-2025,6500,6900,6700
kerala,kozhikode(calicut),mukkom,drumstick,drumstick,19-08-2025,3000,3400,3200
kerala,kozhikode(calicut),palayam,carrot,other,19-08-2025,6600,6600,6600
kerala,kozhikode(calicut),palayam,drumstick,other,19-08-2025,2300,2300,2300
kerala,kozhikode(calicut),palayam,ginger(green),other,19-08-2025,5500,6000,5500
kerala,kozhikode(calicut),perambra,carrot,other,19-08-2025,7800,8000,8000
kerala,kozhikode(calicut),quilandy,bitter gourd,other,19-08-2025,4200,4500,4400
kerala,kozhikode(calicut),quilandy,cauliflower,other,19-08-2025,2200,2500,2400
kerala,kozhikode(calicut),thamarassery,amaranthus,other,19-08-2025,2300,2900,2400
kerala,kozhikode(calicut),thamarassery,brinjal,other,19-08-2025,2500,3500,2600
kerala,kozhikode(calicut),thamarassery,cluster beans,other,19-08-2025,4500,5500,4600
kerala,kozhikode(calicut),thamarassery,snakeguard,other,19-08-2025,3400,4500,3700
kerala,kozhikode(calicut),vengeri(kozhikode),amaranthus,amaranthus,19-08-2025,2300,2600,2600
kerala,kozhikode(calicut),vengeri(kozhikode),brinjal,brinjal,19-08-2025,2600,2900,2900
kerala,kozhikode(calicut),vengeri(kozhikode),cowpea(veg),cowpea (veg),19-08-2025,4200,4500,4500
kerala,kozhikode(calicut),vengeri(kozhikode),french beans (frasbean),french beans (frasbean),19-08-2025,4600,4900,4900
kerala,kozhikode(calicut),vengeri(kozhikode),ginger(green),green ginger,19-08-2025,6000,6300,6300
kerala,kozhikode(calicut),vengeri(kozhikode),pumpkin,pumpkin,19-08-2025,2100,2400,2400
kerala,malappuram,kottakkal,amla(nelli kai),other,19-08-2025,4300,4500,4400
kerala,malappuram,kottakkal,beetroot,beetroot,19-08-2025,2100,2300,2200
kerala,malappuram,kottakkal,bitter gourd,bitter gourd,19-08-2025,3000,3200,3100
kerala,malappuram,kottakkal,capsicum,other,19-08-2025,5400,5600,5500
kerala,malappuram,kottakkal,cucumbar(kheera),other,19-08-2025,5800,6000,5900
kerala,malappuram,kottakkal,drumstick,other,19-08-2025,2800,3000,2900
kerala,malappuram,kottakkal,grapes,black,19-08-2025,6800,7000,6900
kerala,malappuram,kottakkal,green chilli,other,19-08-2025,5400,5600,5500
kerala,malappuram,kottakkal,guava,banarasi,19-08-2025,4000,4200,4100
kerala,malappuram,kottakkal,lemon,other,19-08-2025,4300,4500,4400
kerala,malappuram,kottakkal,raddish,other,19-08-2025,2800,3000,2900
kerala,malappuram,kottakkal,tomato,other,19-08-2025,3600,3800,3700
kerala,palakad,koduvayoor,banana,poovan,19-08-2025,3500,3900,3700
kerala,palakad,koduvayoor,bhindi(ladies finger),other,19-08-2025,3500,3900,3700
kerala,palakad,koduvayoor,green avare (w),other,19-08-2025,10000,10400,10200
kerala,palakad,koduvayoor,mango,other,19-08-2025,1500,1900,1700
kerala,palakad,koduvayoor,onion,small,19-08-2025,6600,7000,6800
kerala,palakad,koduvayoor,pumpkin,other,19-08-2025,1200,1600,1400
kerala,palakad,koduvayoor,sweet potato,other,19-08-2025,2500,2900,2700
kerala,palakad,koduvayoor,tomato,other,19-08-2025,2200,2600,2400
kerala,palakad,palakkad,beetroot,beetroot,19-08-2025,2300,3000,2700
kerala,palakad,palakkad,chili red,red,19-08-2025,14000,16000,15100
kerala,palakad,palakkad,french beans (frasbean),other,19-08-2025,6500,7500,7100
kerala,palakad,palakkad,green gram (moong)(whole),green (whole),19-08-2025,12000,13500,12800
kerala,palakad,palakkad,mango (raw-ripe),mango - raw-ripe,19-08-2025,8000,9000,8600
kerala,palakad,palakkad,pineapple,pine apple,19-08-2025,4000,5000,4600
kerala,pathanamthitta,kuttoor,coconut oil,copra oil,19-08-2025,48000,52000,50000
kerala,pathanamthitta,kuttoor,coconut seed,other,19-08-2025,18200,18600,18400
kerala,pathanamthitta,kuttoor,cucumbar(kheera),cucumbar,19-08-2025,5600,6000,5800
kerala,pathanamthitta,kuttoor,ginger(green),green ginger,19-08-2025,18300,18700,18500
kerala,thirssur,annamanada  vfpck,banana,poovan,19-08-2025,3800,5800,4800
kerala,thirssur,chavakkad,banana - green,other,19-08-2025,4000,5000,5000
kerala,thirssur,chavakkad,beetroot,other,19-08-2025,4000,4800,4800
kerala,thirssur,chavakkad,bitter gourd,other,19-08-2025,4800,6000,6000
kerala,thirssur,chavakkad,carrot,other,19-08-2025,8000,9000,9000
kerala,thirssur,chavakkad,coconut,other,19-08-2025,6500,7500,7500
kerala,thirssur,chavakkad,pumpkin,other,19-08-2025,2200,3000,3000
kerala,thirssur,chavakkad,tomato,other,19-08-2025,3600,4000,4000
kerala,thirssur,chelakkara,bhindi(ladies finger),other,19-08-2025,4000,4500,4200
kerala,thirssur,chelakkara,bitter gourd,other,19-08-2025,6000,6500,6200
kerala,thirssur,chelakkara,cauliflower,other,19-08-2025,4000,4500,4200
kerala,thirssur,chelakkara,ginger(green),other,19-08-2025,8000,8500,8200
kerala,thiruvananthapuram,pappanchani vfpck,cucumbar(kheera),cucumbar,19-08-2025,48,50,49
kerala,thiruvananthapuram,pappanchani vfpck,snakeguard,other,19-08-2025,48,50,49
kerala,wayanad,pulpally,ginger(dry),other,19-08-2025,1240,1260,1250
kerala,wayanad,pulpally,pumpkin,other,19-08-2025,1500,1700,1600
madhya pradesh,anupur,anuppur,paddy(dhan)(common),paddy,19-08-2025,2050,2050,2050
madhya pradesh,anupur,anuppur,soyabean,soyabeen,19-08-2025,4200,4200,4200
madhya pradesh,ashoknagar,ashoknagar,soyabean,soyabeen,19-08-2025,4001,4640,4572
madhya pradesh,badwani,badwani(f&v),cauliflower,cauliflower,19-08-2025,1500,1500,1500
madhya pradesh,badwani,badwani(f&v),pumpkin,pumpkin,19-08-2025,1200,1200,1200
madhya pradesh,badwani,badwani(f&v),tomato,tomato,19-08-2025,1500,1500,1500
madhya pradesh,badwani,sendhwa(f&v),bhindi(ladies finger),bhindi,19-08-2025,900,1800,1400
madhya pradesh,badwani,sendhwa(f&v),brinjal,round,19-08-2025,600,1000,800
madhya pradesh,badwani,sendhwa(f&v),cucumbar(kheera),cucumbar,19-08-2025,400,900,600
madhya pradesh,betul,betul,wheat,mill quality,19-08-2025,2697,2701,2701
madhya pradesh,bhopal,berasia,mustard,mustard,19-08-2025,6505,6635,6635
madhya pradesh,burhanpur,burhanpur,maize,local,19-08-2025,1940,1940,1940
madhya pradesh,chhatarpur,lavkush nagar(laundi),mustard,mustard,19-08-2025,6200,6300,6300
madhya pradesh,chhatarpur,lavkush nagar(laundi),"sesamum(sesame,gingelly,til)",white,19-08-2025,8400,8405,8405
madhya pradesh,chhatarpur,naugaon,barley (jau),barley,19-08-2025,2250,2251,2251
madhya pradesh,chhindwara,chaurai,wheat,wheat,19-08-2025,2600,2650,2650
madhya pradesh,damoh,damoh,buttery,buttery,19-08-2025,4600,4680,4680
madhya pradesh,damoh,damoh,green peas,pea,19-08-2025,2600,2600,2600
madhya pradesh,damoh,javera,wheat,mill quality,19-08-2025,2405,2415,2415
madhya pradesh,damoh,javera,wheat,wheat-organic,19-08-2025,2490,2490,2490
madhya pradesh,datia,bhander,wheat,other,19-08-2025,2594,2608,2607
madhya pradesh,dewas,dewas,lentil (masur)(whole),masur dal,19-08-2025,4301,4911,4911
madhya pradesh,dewas,haatpipliya,soyabean,soyabeen,19-08-2025,4000,4480,4480
madhya pradesh,dewas,sonkatch,bengal gram(gram)(whole),gram,19-08-2025,5700,5700,5700
madhya pradesh,dhar,dhamnod,soyabean,yellow,19-08-2025,3500,4500,4500
madhya pradesh,dhar,dhar,soyabean,soyabeen,19-08-2025,2580,4744,4682
madhya pradesh,dhar,dhar,wheat,malwa shakti,19-08-2025,2700,2700,2700
madhya pradesh,dhar,gandhwani,soyabean,soyabeen,19-08-2025,4200,4200,4200
madhya pradesh,dhar,kukshi,soyabean,soyabeen,19-08-2025,3950,4100,4100
madhya pradesh,dhar,manawar,maize,local,19-08-2025,2220,2300,2300
madhya pradesh,dhar,manawar(f&v),bitter gourd,bitter gourd,19-08-2025,1050,1250,1150
madhya pradesh,dhar,rajgarh,soyabean,yellow,19-08-2025,3354,4500,4500
madhya pradesh,dhar,rajgarh,wheat,lokwan,19-08-2025,2850,2850,2850
madhya pradesh,guna,binaganj,wheat,wheat,19-08-2025,2600,2610,2610
madhya pradesh,gwalior,dabra,wheat,wheat,19-08-2025,2640,2712,2712
madhya pradesh,harda,harda,wheat,mill quality,19-08-2025,2587,2951,2727
madhya pradesh,harda,khirakiya,mustard,mustard,19-08-2025,6296,6296,6296
madhya pradesh,harda,sirali(f&v),bottle gourd,bottle gourd,19-08-2025,1000,1000,1000
madhya pradesh,harda,sirali(f&v),brinjal,brinjal,19-08-2025,1000,1000,1000
madhya pradesh,harda,timarni,green gram (moong)(whole),green (whole),19-08-2025,1340,7699,6800
madhya pradesh,harda,timarni,soyabean,soyabeen,19-08-2025,3900,4550,4550
madhya pradesh,hoshangabad,itarsi,mustard,mustard,19-08-2025,3600,6600,6600
madhya pradesh,hoshangabad,itarsi,soyabean,soyabeen,19-08-2025,4150,4731,4575
madhya pradesh,hoshangabad,pipariya,arhar (tur/red gram)(whole),arhar dal(tur),19-08-2025,6047,6300,6047
madhya pradesh,hoshangabad,pipariya,green gram (moong)(whole),green (whole),19-08-2025,1200,7670,6950
madhya pradesh,hoshangabad,pipariya,soyabean,soyabeen,19-08-2025,4300,4300,4300
madhya pradesh,indore,gautampura,wheat,wheat,19-08-2025,2500,2640,2640
madhya pradesh,indore,indore,kabuli chana(chickpeas-white),dollar gram,19-08-2025,6705,10805,10200
madhya pradesh,indore,indore,wheat,malwa shakti,19-08-2025,2750,2750,2750
madhya pradesh,indore,indore(f&v),pomegranate,other,19-08-2025,1500,7000,3500
madhya pradesh,indore,mhow,wheat,wheat,19-08-2025,2760,2760,2760
madhya pradesh,jabalpur,sehora,green gram (moong)(whole),green (whole),19-08-2025,6295,7330,7330
madhya pradesh,jabalpur,sehora,wheat,mill quality,19-08-2025,2550,2625,2600
madhya pradesh,jhabua,petlawad,wheat,wheat,19-08-2025,2410,2615,2455
madhya pradesh,khandwa,khandwa,green gram (moong)(whole),green (whole),19-08-2025,1901,6700,6700
madhya pradesh,khandwa,mundi,wheat,wheat,19-08-2025,2580,2580,2580
madhya pradesh,khargone,badwaha,wheat,wheat,19-08-2025,2649,2737,2737
madhya pradesh,mandla,bichhiya,paddy(dhan)(common),common,19-08-2025,1900,2150,2125
madhya pradesh,mandsaur,daloda,garlic,garlic,19-08-2025,3200,9353,4951
madhya pradesh,mandsaur,shamgarh,asalia,asalia,19-08-2025,6090,6090,6090
madhya pradesh,mandsaur,shamgarh,bengal gram(gram)(whole),gram,19-08-2025,5200,5999,5999
madhya pradesh,mandsaur,sitmau,garlic,garlic,19-08-2025,700,6000,2500
madhya pradesh,morena,morena,bengal gram(gram)(whole),gram,19-08-2025,5755,5755,5755
madhya pradesh,morena,morena,mustard,mustard,19-08-2025,6900,7075,7040
madhya pradesh,morena,sabalgarh(f&v),cabbage,other,19-08-2025,1000,1000,1000
madhya pradesh,morena,sabalgarh(f&v),cauliflower,other,19-08-2025,2600,2800,2700
madhya pradesh,morena,sabalgarh(f&v),cucumbar(kheera),other,19-08-2025,600,600,600
madhya pradesh,narsinghpur,gadarwada,bengal gram(gram)(whole),gram,19-08-2025,5200,5621,5621
madhya pradesh,neemuch,neemuch,wheat,wheat,19-08-2025,2639,3036,2900
madhya pradesh,raisen,begamganj,mustard,mustard,19-08-2025,6200,6200,6200
madhya pradesh,raisen,gairatganj,wheat,wheat,19-08-2025,2600,2700,2700
madhya pradesh,raisen,silvani,paddy(dhan)(common),paddy-organic,19-08-2025,2903,2908,2908
madhya pradesh,raisen,udaipura,lentil (masur)(whole),masur dal,19-08-2025,4405,5805,5805
madhya pradesh,rajgarh,biaora,coriander(leaves),coriander,19-08-2025,6500,7440,6990
madhya pradesh,rajgarh,jeerapur,wheat,wheat,19-08-2025,2540,2630,2540
madhya pradesh,rajgarh,machalpur,wheat,wheat,19-08-2025,2580,2600,2600
madhya pradesh,rajgarh,sarangpur,wheat,wheat,19-08-2025,2560,2560,2560
madhya pradesh,ratlam,jaora,methi seeds,methiseeds,19-08-2025,5051,5051,5051
madhya pradesh,ratlam,jaora,wheat,wheat,19-08-2025,2714,2891,2891
madhya pradesh,ratlam,jawra(f&v),tomato,tomato,19-08-2025,3000,4500,3800
madhya pradesh,ratlam,ratlam,green peas,pea,19-08-2025,4500,4521,4500
madhya pradesh,ratlam,ratlam,kabuli chana(chickpeas-white),dollar gram,19-08-2025,5410,5410,5410
madhya pradesh,ratlam,sailana,garlic,garlic,19-08-2025,800,6200,3100
madhya pradesh,sagar,bina,bengal gram(gram)(whole),gram,19-08-2025,5031,5835,5776
madhya pradesh,sagar,bina,soyabean,soyabeen,19-08-2025,1700,4636,4636
madhya pradesh,sagar,bina,wheat,mill quality,19-08-2025,2594,2677,2677
madhya pradesh,sagar,jaisinagar,wheat,mill quality,19-08-2025,2400,2420,2420
madhya pradesh,sagar,khurai(f&v),green chilli,green chilly,19-08-2025,4000,5000,4500
madhya pradesh,sagar,khurai(f&v),onion,1st sort,19-08-2025,800,1000,900
madhya pradesh,sagar,rahatgarh,soyabean,yellow,19-08-2025,4402,4402,4402
madhya pradesh,sagar,sagar,soyabean,soyabeen,19-08-2025,4400,4400,4400
madhya pradesh,sagar,sagar,wheat,wheat,19-08-2025,2410,2665,2595
madhya pradesh,sagar,shahagarh,wheat,mill quality,19-08-2025,2500,2575,2575
madhya pradesh,satna,mehar,wheat,local,19-08-2025,2400,2500,2500
madhya pradesh,sehore,ashta,wheat,wheat,19-08-2025,2600,2746,2746
madhya pradesh,sehore,shyampur,soyabean,yellow,19-08-2025,4063,4188,4188
madhya pradesh,sehore,shyampur,wheat,mill quality,19-08-2025,2305,2315,2315
madhya pradesh,seoni,ghansour,green peas,pea,19-08-2025,2800,2805,2800
madhya pradesh,shajapur,agar,methi seeds,methiseeds,19-08-2025,3550,3550,3550
madhya pradesh,shajapur,badod,wheat,wheat,19-08-2025,2639,2642,2642
madhya pradesh,shajapur,kalapipal,bengal gram(gram)(whole),gram,19-08-2025,5232,5232,5232
madhya pradesh,shajapur,kalapipal,mustard,mustard,19-08-2025,6446,6446,6446
madhya pradesh,shajapur,kalapipal,wheat,wheat,19-08-2025,2804,3005,3005
madhya pradesh,shajapur,nalkehda,soyabean,soyabeen,19-08-2025,3466,4702,4550
madhya pradesh,shajapur,shajapur,onion,medium,19-08-2025,294,1593,500
madhya pradesh,shajapur,shujalpur,soyabean,soyabeen,19-08-2025,3535,4718,4631
madhya pradesh,shajapur,susner,wheat,wheat,19-08-2025,2550,2580,2580
madhya pradesh,sheopur,sheopurbadod,soyabean,soyabeen,19-08-2025,4550,4550,4550
madhya pradesh,sheopur,sheopurkalan,wheat,wheat,19-08-2025,2600,2645,2637
madhya pradesh,shivpuri,kolaras,black gram (urd beans)(whole),urda/urd,19-08-2025,4330,4605,4605
madhya pradesh,shivpuri,pohari,soyabean,soyabeen,19-08-2025,4670,4670,4670
madhya pradesh,tikamgarh,niwadi,wheat,mill quality,19-08-2025,2570,2570,2570
madhya pradesh,ujjain,nagda,wheat,wheat,19-08-2025,2565,2676,2676
madhya pradesh,ujjain,ujjain,coriander(leaves),coriander,19-08-2025,5911,7051,7051
madhya pradesh,vidisha,ganjbasoda,bengal gram(gram)(whole),gram,19-08-2025,5530,5711,5711
madhya pradesh,vidisha,ganjbasoda,lentil (masur)(whole),masur dal,19-08-2025,5670,6485,6400
madhya pradesh,vidisha,ganjbasoda,mustard,mustard,19-08-2025,4900,6835,6835
madhya pradesh,vidisha,ganjbasoda,soyabean,soyabeen,19-08-2025,4260,4545,4545
madhya pradesh,vidisha,shamshabad,wheat,wheat,19-08-2025,2541,2613,2613
maharashtra,ahmednagar,rahata,bitter gourd,other,19-08-2025,1000,1500,1250
maharashtra,ahmednagar,rahata,coriander(leaves),other,19-08-2025,3,10,6
maharashtra,ahmednagar,rahata,cucumbar(kheera),other,19-08-2025,500,1500,1000
maharashtra,ahmednagar,rahata,lime,other,19-08-2025,2000,5000,3500
maharashtra,ahmednagar,rahata,onion green,other,19-08-2025,15,15,15
maharashtra,amarawati,amarawati,bajra(pearl millet/cumbu),other,19-08-2025,2000,2300,2150
maharashtra,amarawati,amarawati,green gram (moong)(whole),other,19-08-2025,6500,6850,6675
maharashtra,amarawati,amarawati,jowar(sorghum),other,19-08-2025,1650,2000,1825
maharashtra,amarawati,amarawati,soyabean,other,19-08-2025,4250,4585,4417
maharashtra,chandrapur,chandrapur(ganjwad),ginger(green),other,19-08-2025,3600,6800,5000
maharashtra,chattrapati sambhajinagar,chattrapati sambhajinagar,amla(nelli kai),other,19-08-2025,2500,3500,3000
maharashtra,chattrapati sambhajinagar,chattrapati sambhajinagar,cabbage,other,19-08-2025,1000,1500,1250
maharashtra,chattrapati sambhajinagar,chattrapati sambhajinagar,chilly capsicum,other,19-08-2025,1200,1600,1400
maharashtra,chattrapati sambhajinagar,chattrapati sambhajinagar,ginger(green),other,19-08-2025,1200,2800,2000
maharashtra,chattrapati sambhajinagar,chattrapati sambhajinagar,guava,other,19-08-2025,1200,3200,2200
maharashtra,chattrapati sambhajinagar,chattrapati sambhajinagar,spinach,other,19-08-2025,1000,1500,1250
maharashtra,dharashiv(usmanabad),murum,bengal gram(gram)(whole),other,19-08-2025,5691,5800,5746
maharashtra,dharashiv(usmanabad),murum,soyabean,yellow,19-08-2025,4200,4516,4322
maharashtra,dharashiv(usmanabad),tuljapur,jowar(sorghum),jowar ( white),19-08-2025,2500,3500,3350
maharashtra,gadchiroli,armori(desaiganj),paddy(dhan)(common),other,19-08-2025,2500,2795,2661
maharashtra,jalgaon,bhusaval,beetroot,other,19-08-2025,2000,2000,2000
maharashtra,jalgaon,bhusaval,coriander(leaves),other,19-08-2025,1800,2500,2200
maharashtra,jalgaon,bhusaval,guar,other,19-08-2025,7000,7000,7000
maharashtra,jalgaon,bhusaval,onion,other,19-08-2025,1000,1600,1200
maharashtra,jalgaon,bhusaval,onion green,other,19-08-2025,3000,3000,3000
maharashtra,kolhapur,kolhapur,apple,other,19-08-2025,4000,12500,6000
maharashtra,kolhapur,kolhapur,brinjal,other,19-08-2025,1000,2500,1800
maharashtra,kolhapur,kolhapur,green chilli,other,19-08-2025,2500,5000,4000
maharashtra,mumbai,mumbai,bajra(pearl millet/cumbu),other,19-08-2025,2800,3900,3500
maharashtra,mumbai,mumbai,bengal gram dal (chana dal),other,19-08-2025,7500,8200,7800
maharashtra,mumbai,mumbai,black gram dal (urd dal),other,19-08-2025,8700,11500,10400
maharashtra,mumbai,mumbai,carrot,other,19-08-2025,2000,3000,2500
maharashtra,mumbai,mumbai,cashewnuts,other,19-08-2025,75000,100000,87500
maharashtra,mumbai,mumbai,cinamon(dalchini),other,19-08-2025,42000,75000,58500
maharashtra,mumbai,mumbai,coconut,other,19-08-2025,3020,3500,3260
maharashtra,mumbai,mumbai,methi seeds,methiseeds,19-08-2025,6500,9500,8000
maharashtra,mumbai,mumbai,pumpkin,other,19-08-2025,1000,2400,1700
maharashtra,mumbai,mumbai,"sesamum(sesame,gingelly,til)",other,19-08-2025,10000,12500,11250
maharashtra,mumbai,mumbai,sugar,other,19-08-2025,3900,4800,4350
maharashtra,mumbai,mumbai,sweet pumpkin,other,19-08-2025,600,1000,800
maharashtra,mumbai,mumbai,turmeric,other,19-08-2025,19000,25000,22000
maharashtra,mumbai,mumbai,wheat,other,19-08-2025,3000,5800,4400
maharashtra,mumbai,mumbai- fruit market,plum,other,19-08-2025,7000,10000,8500
maharashtra,mumbai,mumbai- fruit market,pomegranate,other,19-08-2025,8000,15000,11500
maharashtra,nagpur,kalmeshwar,tomato,other,19-08-2025,4565,5000,4845
maharashtra,nashik,kalvan,onion,other,19-08-2025,500,1950,1300
maharashtra,nashik,malegaon,bajra(pearl millet/cumbu),other,19-08-2025,2000,2770,2460
maharashtra,nashik,malegaon,groundnut,other,19-08-2025,4401,5300,4801
maharashtra,nashik,manmad,onion,other,19-08-2025,500,1588,1400
maharashtra,nashik,pimpalgaon,onion,other,19-08-2025,500,2015,1600
maharashtra,pune,pune,bengal gram(gram)(whole),other,19-08-2025,7800,8100,7950
maharashtra,pune,pune,corriander seed,other,19-08-2025,9000,11000,10000
maharashtra,pune,pune,green gram (moong)(whole),green (whole),19-08-2025,9000,9500,9250
maharashtra,pune,pune,green peas,other,19-08-2025,10400,11600,11000
maharashtra,pune,pune,jowar(sorghum),other,19-08-2025,4500,5500,5000
maharashtra,pune,pune(moshi),bhindi(ladies finger),other,19-08-2025,2000,3000,2500
maharashtra,pune,pune(moshi),carrot,other,19-08-2025,2000,3000,2500
maharashtra,pune,pune(moshi),chilly capsicum,other,19-08-2025,2000,4000,3000
maharashtra,pune,pune(moshi),drumstick,other,19-08-2025,3500,4000,3750
maharashtra,pune,pune(moshi),lime,other,19-08-2025,2500,3000,2750
maharashtra,pune,pune(moshi),tomato,local,19-08-2025,2000,4000,3000
maharashtra,raigad,panvel,bottle gourd,other,19-08-2025,4000,5000,4500
maharashtra,raigad,panvel,cauliflower,other,19-08-2025,4000,5000,4500
maharashtra,raigad,panvel,snakeguard,other,19-08-2025,3000,4000,3500
maharashtra,ratnagiri,ratnagiri (nachane),cabbage,other,19-08-2025,1200,1500,1300
maharashtra,sangli,sangli,black gram (urd beans)(whole),other,19-08-2025,7800,8300,8050
maharashtra,sangli,sangli,green peas,other,19-08-2025,13500,17500,15500
maharashtra,sangli,sangli,wheat,other,19-08-2025,3500,4500,4000
maharashtra,sangli,vita,bhindi(ladies finger),other,19-08-2025,2000,3500,3000
maharashtra,satara,karad,ginger(green),other,19-08-2025,3000,4500,4500
maharashtra,satara,karad,tomato,other,19-08-2025,2500,3000,3000
maharashtra,satara,patan,brinjal,other,19-08-2025,1500,2000,1750
maharashtra,satara,patan,tomato,other,19-08-2025,850,1050,950
maharashtra,satara,satara,bottle gourd,other,19-08-2025,2000,2500,2250
maharashtra,satara,satara,brinjal,other,19-08-2025,1000,3000,2000
maharashtra,satara,satara,cucumbar(kheera),other,19-08-2025,800,1000,900
maharashtra,satara,satara,guar,other,19-08-2025,4000,5000,4500
maharashtra,satara,vai,brinjal,other,19-08-2025,2000,2500,2250
maharashtra,satara,vai,cauliflower,other,19-08-2025,1800,2000,1900
maharashtra,satara,vai,ginger(green),other,19-08-2025,3500,4500,4000
maharashtra,sholapur,solapur,apple,other,19-08-2025,5000,14000,9000
maharashtra,sholapur,solapur,jowar(sorghum),other,19-08-2025,2175,2511,2375
maharashtra,sholapur,solapur,lime,other,19-08-2025,700,4100,2500
maharashtra,sholapur,solapur,wheat,sharbati,19-08-2025,2650,3855,3370
maharashtra,thane,ulhasnagar,rice,other,19-08-2025,4000,5000,4500
nct of delhi,delhi,"flower market,gazipur",rose(loose)),rose(loose),19-08-2025,8000,12000,10000
odisha,bargarh,bargarh,potato,other,19-08-2025,2400,2600,2500
odisha,bargarh,bargarh(barapalli),brinjal,other,19-08-2025,3100,3300,3200
odisha,bargarh,bargarh(barapalli),potato,other,19-08-2025,2100,2300,2200
odisha,bolangir,kantabaji,brinjal,other,19-08-2025,1200,1400,1300
odisha,bolangir,kantabaji,cauliflower,other,19-08-2025,5300,5500,5400
odisha,boudh,boudh,bhindi(ladies finger),other,19-08-2025,4500,6000,5000
odisha,boudh,boudh,brinjal,other,19-08-2025,4000,6000,5000
odisha,boudh,boudh,carrot,carrot,19-08-2025,3000,4500,4000
odisha,boudh,boudh,pumpkin,other,19-08-2025,1500,2500,2000
odisha,boudh,boudh,tomato,other,19-08-2025,3000,3800,3500
odisha,boudh,khunthabandha,tomato,other,19-08-2025,2800,3300,3000
odisha,cuttack,banki,pumpkin,other,19-08-2025,700,800,750
odisha,dhenkanal,kamakhyanagar,bitter gourd,bitter gourd,19-08-2025,5000,5200,5000
odisha,sonepur,pandkital,cauliflower,other,19-08-2025,8000,8500,8500
odisha,sonepur,pandkital,onion,other,19-08-2025,1950,2000,2000
odisha,sonepur,pandkital,tomato,other,19-08-2025,3500,4000,3800
odisha,sundergarh,sargipali,onion,other,19-08-2025,1000,1500,1200
odisha,sundergarh,sargipali,pointed gourd (parval),pointed gourd (parval),19-08-2025,4000,4500,4200
punjab,amritsar,chogawan,bhindi(ladies finger),bhindi,19-08-2025,700,900,800
punjab,bhatinda,bhagta bhai ka,banana,other,19-08-2025,3200,3200,3200
punjab,bhatinda,bhagta bhai ka,bhindi(ladies finger),bhindi,19-08-2025,2500,2500,2500
punjab,faridkot,kotkapura,potato,potato,19-08-2025,1200,1400,1400
punjab,fatehgarh,bassi pathana,banana,medium,19-08-2025,3000,3200,3100
punjab,fatehgarh,bassi pathana,bhindi(ladies finger),bhindi,19-08-2025,2800,3200,3000
punjab,fatehgarh,bassi pathana,bitter gourd,bitter gourd,19-08-2025,2500,3000,2800
punjab,fatehgarh,bassi pathana,cauliflower,cauliflower,19-08-2025,4000,4500,4200
punjab,fatehgarh,bassi pathana,green chilli,green chilly,19-08-2025,4000,4000,4000
punjab,fatehgarh,bassi pathana,mousambi(sweet lime),mousambi,19-08-2025,3000,4000,3500
punjab,fatehgarh,bassi pathana,papaya,papaya,19-08-2025,4000,4000,4000
punjab,fatehgarh,sirhind,apple,other,19-08-2025,4000,8000,6000
punjab,fatehgarh,sirhind,bitter gourd,other,19-08-2025,2000,2500,2300
punjab,fatehgarh,sirhind,cabbage,other,19-08-2025,1500,2000,1800
punjab,fatehgarh,sirhind,colacasia,other,19-08-2025,1600,2000,1800
punjab,fatehgarh,sirhind,raddish,other,19-08-2025,2000,2500,2300
punjab,fatehgarh,sirhind,ridgeguard(tori),other,19-08-2025,1300,1600,1400
punjab,fazilka,fazilka,bitter gourd,other,19-08-2025,2000,4000,3000
punjab,fazilka,fazilka,onion,other,19-08-2025,1500,2500,2000
punjab,fazilka,fazilka,papaya,other,19-08-2025,2000,4000,3000
punjab,fazilka,fazilka,potato,other,19-08-2025,1200,2000,1500
punjab,fazilka,fazilka,pumpkin,other,19-08-2025,500,1500,1000
punjab,fazilka,jalalabad,bitter gourd,bitter gourd,19-08-2025,3000,3000,3000
punjab,fazilka,jalalabad,capsicum,capsicum,19-08-2025,4700,5000,4800
punjab,fazilka,jalalabad,cauliflower,other,19-08-2025,5000,5500,5200
punjab,fazilka,jalalabad,mousambi(sweet lime),mousambi,19-08-2025,2700,3000,2800
punjab,fazilka,jalalabad,pineapple,other,19-08-2025,4500,4600,4550
punjab,fazilka,jalalabad,plum,other,19-08-2025,8500,8800,8600
punjab,gurdaspur,gurdaspur,cabbage,other,19-08-2025,700,900,800
punjab,gurdaspur,gurdaspur,guava,other,19-08-2025,4000,5000,4500
punjab,gurdaspur,kalanaur,bottle gourd,bottle gourd,19-08-2025,400,550,450
punjab,gurdaspur,kalanaur,pumpkin,other,19-08-2025,500,500,500
punjab,hoshiarpur,garh shankar,carrot,carrot,19-08-2025,1800,2200,2000
punjab,hoshiarpur,garh shankar,green chilli,green chilly,19-08-2025,2200,3000,2500
punjab,hoshiarpur,garh shankar,papaya,other,19-08-2025,3000,3500,3300
punjab,hoshiarpur,garh shankar,tomato,deshi,19-08-2025,3000,5000,3500
punjab,hoshiarpur,garhshankar (kotfatuhi),onion,other,19-08-2025,1800,2200,2000
punjab,jalandhar,bhogpur,sweet pumpkin,other,19-08-2025,700,700,700
punjab,jalandhar,lohian khas,green chilli,other,19-08-2025,2500,2700,2600
punjab,jalandhar,mehatpur,cucumbar(kheera),other,19-08-2025,2500,3000,3000
punjab,jalandhar,mehatpur,green chilli,other,19-08-2025,4000,5000,5000
punjab,jalandhar,nakodar,maize,other,19-08-2025,1115,2146,2007
punjab,jalandhar,noor mehal,bhindi(ladies finger),other,19-08-2025,2800,2800,2800
punjab,kapurthala,kapurthala,sponge gourd,other,19-08-2025,1200,1500,1400
punjab,ludhiana,doraha,tomato,other,19-08-2025,3800,3800,3800
punjab,ludhiana,khanna,cabbage,other,19-08-2025,1000,1800,1500
punjab,ludhiana,khanna,ginger(green),other,19-08-2025,3000,6000,4000
punjab,ludhiana,khanna,peas wet,other,19-08-2025,5000,7000,6000
punjab,ludhiana,khanna,potato,other,19-08-2025,500,1500,1000
punjab,ludhiana,khanna,tomato,other,19-08-2025,2000,3000,2500
punjab,ludhiana,ludhiana,cabbage,other,19-08-2025,600,1200,800
punjab,ludhiana,ludhiana,carrot,other,19-08-2025,700,1200,900
punjab,ludhiana,ludhiana,garlic,other,19-08-2025,2200,5800,4000
punjab,ludhiana,ludhiana,onion,other,19-08-2025,500,1500,1000
punjab,ludhiana,sahnewal,tomato,tomato,19-08-2025,7000,7000,7000
punjab,moga,baghapurana,banana,amruthapani,19-08-2025,2000,3000,2500
punjab,moga,baghapurana,cucumbar(kheera),cucumbar,19-08-2025,1500,2000,1700
punjab,moga,nihal singh wala,bottle gourd,bottle gourd,19-08-2025,1000,1800,1500
punjab,moga,nihal singh wala,cucumbar(kheera),other,19-08-2025,2000,3200,3000
punjab,mohali,kurali,bhindi(ladies finger),other,19-08-2025,1800,2000,1900
punjab,mohali,kurali,tomato,other,19-08-2025,4500,5000,4800
punjab,mohali,lalru,colacasia,other,19-08-2025,2000,2600,2500
punjab,mohali,lalru,cucumbar(kheera),other,19-08-2025,2000,2000,2000
punjab,mohali,lalru,green chilli,other,19-08-2025,3500,5000,4000
punjab,mohali,lalru,potato,other,19-08-2025,1000,1200,1200
punjab,nawanshahr,nawan shahar(subzi mandi),cabbage,other,19-08-2025,2400,2500,2430
punjab,nawanshahr,nawan shahar(subzi mandi),carrot,other,19-08-2025,2000,2500,2300
punjab,nawanshahr,nawan shahar(subzi mandi),cucumbar(kheera),other,19-08-2025,2000,2500,2200
punjab,nawanshahr,nawan shahar(subzi mandi),raddish,other,19-08-2025,3000,3200,3100
punjab,nawanshahr,nawanshahar,maize,medium,19-08-2025,1926,1926,1926
punjab,pathankot,pathankot,bitter gourd,bitter gourd,19-08-2025,1400,1700,1700
punjab,pathankot,pathankot,lemon,lemon,19-08-2025,4600,4900,4900
punjab,pathankot,pathankot,pumpkin,pumpkin,19-08-2025,300,500,500
punjab,patiala,ghanaur,onion,other,19-08-2025,1200,1400,1300
punjab,patiala,ghanaur,potato,other,19-08-2025,800,1000,900
punjab,patiala,nabha,apple,other,19-08-2025,3700,8000,4800
punjab,patiala,nabha,ashgourd,other,19-08-2025,1300,2200,1600
punjab,patiala,nabha,garlic,other,19-08-2025,9000,11500,10300
punjab,patiala,nabha,mousambi(sweet lime),other,19-08-2025,2400,3500,2800
punjab,patiala,nabha,onion,other,19-08-2025,1400,2000,1700
punjab,patiala,nabha,papaya,other,19-08-2025,2400,2400,2400
punjab,patiala,nabha,raddish,other,19-08-2025,1700,2600,2200
punjab,patiala,nabha,water melon,other,19-08-2025,2000,2000,2000
punjab,patiala,patiala,onion,onion,19-08-2025,1400,1800,1800
punjab,patiala,patiala,pineapple,pine apple,19-08-2025,4000,4700,4300
punjab,patiala,patiala,pomegranate,pomogranate,19-08-2025,5400,9100,8000
punjab,patiala,patiala,potato,potato,19-08-2025,800,1300,900
punjab,patiala,rajpura,mango,other,19-08-2025,5000,6000,5500
punjab,patiala,samana,bhindi(ladies finger),bhindi,19-08-2025,4000,5000,4500
punjab,ropar (rupnagar),chamkaur sahib,banana,other,19-08-2025,3350,3500,3400
punjab,ropar (rupnagar),chamkaur sahib,bitter gourd,bitter gourd,19-08-2025,3050,3200,3100
punjab,ropar (rupnagar),chamkaur sahib,green chilli,other,19-08-2025,3350,3500,3400
punjab,ropar (rupnagar),chamkaur sahib,lemon,lemon,19-08-2025,4850,5000,4900
punjab,sangrur,dhuri,mousambi(sweet lime),mousambi,19-08-2025,4100,4500,4300
punjab,tarntaran,patti,cucumbar(kheera),other,19-08-2025,1500,2000,1800
punjab,tarntaran,patti,garlic,other,19-08-2025,3500,4000,3800
punjab,tarntaran,patti,green chilli,other,19-08-2025,1200,1800,1500
punjab,tarntaran,patti,pear(marasebu),other,19-08-2025,1000,1400,1200
punjab,tarntaran,patti,potato,other,19-08-2025,1000,1400,1200
punjab,tarntaran,tarantaran,onion,other,19-08-2025,1300,1500,1400
rajasthan,baran,nahargarh,mustard,other,19-08-2025,6605,7075,6840
rajasthan,bikaner,bikaner (f&v),beetroot,other,19-08-2025,1900,2100,2000
rajasthan,bikaner,bikaner (f&v),guar,other,19-08-2025,5400,5600,5500
rajasthan,bikaner,bikaner (f&v),mint(pudina),other,19-08-2025,2700,2900,2800
rajasthan,bikaner,bikaner (f&v),onion,other,19-08-2025,1300,1500,1400
rajasthan,bikaner,bikaner (f&v),papaya,other,19-08-2025,2900,3100,3000
rajasthan,bikaner,bikaner (f&v),ridgeguard(tori),other,19-08-2025,2400,2600,2500
rajasthan,bikaner,bikaner (f&v),spinach,other,19-08-2025,1400,1600,1500
rajasthan,dausa,lalsot,mustard,other,19-08-2025,6760,7150,6831
rajasthan,ganganagar,sriganganagar (f&v),bhindi(ladies finger),other,19-08-2025,2000,2400,2200
rajasthan,ganganagar,sriganganagar (f&v),cucumbar(kheera),other,19-08-2025,1000,1400,1200
rajasthan,ganganagar,sriganganagar (f&v),guava,guava,19-08-2025,3300,3700,3500
rajasthan,ganganagar,sriganganagar (f&v),lime,other,19-08-2025,2800,3200,3000
rajasthan,ganganagar,sriganganagar (f&v),pineapple,other,19-08-2025,4300,4700,4500
rajasthan,ganganagar,suratgarh,potato,(red nanital),19-08-2025,1500,1600,1550
rajasthan,hanumangarh,bhadara,potato,(red nanital),19-08-2025,1000,2000,1960
rajasthan,hanumangarh,bhadara,tomato,deshi,19-08-2025,4500,5500,4871
rajasthan,hanumangarh,bhadara,wheat,other,19-08-2025,2300,2350,2325
rajasthan,jaipur,jaipur (f&v),bitter gourd,bitter gourd,19-08-2025,3400,4000,3700
rajasthan,jaipur,jaipur (f&v),cabbage,cabbage,19-08-2025,1700,1800,1750
rajasthan,jaipur,jaipur (f&v),chikoos(sapota),other,19-08-2025,1000,4000,2500
rajasthan,jaipur,jaipur (f&v),cluster beans,cluster beans,19-08-2025,3000,5000,4000
rajasthan,jaipur,jaipur (f&v),garlic,average,19-08-2025,2500,7000,4750
rajasthan,jaipur,jaipur (f&v),ginger(green),green ginger,19-08-2025,3800,7000,5400
rajasthan,jaipur,jaipur (f&v),green chilli,green chilly,19-08-2025,2000,3000,2500
rajasthan,jaipur,jaipur (f&v),pineapple,other,19-08-2025,2000,3500,2750
rajasthan,jaipur,jaipur (f&v),plum,other,19-08-2025,4000,8000,6000
rajasthan,jaipur,jaipur (f&v),potato,other,19-08-2025,500,1300,900
rajasthan,jaipur,jaipur (f&v),ridgeguard(tori),ridgeguard(tori),19-08-2025,2000,2200,2100
rajasthan,jaipur,jaipur (f&v),tender coconut,tender coconut,19-08-2025,3500,6000,4750
rajasthan,jaipur,jaipur (f&v),water melon,other,19-08-2025,800,2500,1650
rajasthan,jaipur rural,bassi,barley (jau),other,19-08-2025,2260,2340,2300
rajasthan,jaipur rural,bassi,potato,other,19-08-2025,1600,2000,1800
rajasthan,jaipur rural,bassi,tomato,other,19-08-2025,5800,6200,6000
rajasthan,jalore,jalore,brinjal,other,19-08-2025,1200,1500,1300
rajasthan,jalore,jalore,green chilli,other,19-08-2025,2500,3000,2800
rajasthan,jodhpur,jodhpur (f&v),apple,other,19-08-2025,4000,8000,6000
rajasthan,jodhpur,jodhpur (f&v),guava,other,19-08-2025,1000,2000,1500
rajasthan,jodhpur,jodhpur (f&v),pear(marasebu),other,19-08-2025,1000,2000,1500
rajasthan,jodhpur,jodhpur (f&v),potato,other,19-08-2025,600,1300,950
rajasthan,jodhpur,jodhpur(f&v)(paota),bhindi(ladies finger),other,19-08-2025,1000,2500,2000
rajasthan,jodhpur,jodhpur(f&v)(paota),bitter gourd,other,19-08-2025,1000,2000,1500
rajasthan,jodhpur,jodhpur(f&v)(paota),cauliflower,other,19-08-2025,2000,3000,2500
rajasthan,jodhpur,jodhpur(f&v)(paota),onion green,other,19-08-2025,1000,2500,2000
rajasthan,jodhpur,jodhpur(f&v)(paota),pointed gourd (parval),other,19-08-2025,2000,3000,2500
rajasthan,jodhpur,jodhpur(f&v)(paota),rose(loose)),rose(loose),19-08-2025,3500,4500,4000
rajasthan,jodhpur rural,ositan mathania,groundnut,other,19-08-2025,5000,5400,5200
rajasthan,sanchore,sanchore,potato,other,19-08-2025,1000,1500,1200
telangana,adilabad,adilabad(rythu bazar),green chilli,green chilly,19-08-2025,7000,7200,7000
telangana,hyderabad,l b nagar,brinjal,arkasheela mattigulla,19-08-2025,1000,1500,1200
telangana,hyderabad,l b nagar,cabbage,cabbage,19-08-2025,600,1000,800
telangana,hyderabad,l b nagar,carrot,carrot,19-08-2025,3000,3500,3200
telangana,hyderabad,l b nagar,drumstick,drumstick,19-08-2025,2000,3000,2500
telangana,hyderabad,l b nagar,french beans (frasbean),french beans (frasbean),19-08-2025,4000,6000,5000
telangana,hyderabad,l b nagar,potato,(red nanital),19-08-2025,1800,2000,1900
telangana,hyderabad,mahboob manison,garlic,average,19-08-2025,2500,7000,4500
telangana,hyderabad,mahboob manison,tamarind fruit,chapathi,19-08-2025,8500,11000,9000
telangana,karimnagar,dharmaram,paddy(dhan)(common),1001,19-08-2025,2300,2300,2300
telangana,karimnagar,karimnagar,bitter gourd,bitter gourd,19-08-2025,2000,2000,2000
telangana,karimnagar,karimnagar,capsicum,capsicum,19-08-2025,4500,4500,4500
telangana,karimnagar,karimnagar,carrot,carrot,19-08-2025,3500,3500,3500
telangana,khammam,wyra,paddy(dhan)(common),swarna masuri (new),19-08-2025,2280,2320,2300
telangana,nalgonda,aler,arhar (tur/red gram)(whole),777 new ind,19-08-2025,7550,7550,7550
telangana,nalgonda,choutuppal,paddy(dhan)(common),i.r. 64,19-08-2025,2000,2200,2100
telangana,nalgonda,devarkonda(dindi),paddy(dhan)(common),mtu-1010,19-08-2025,2300,2300,2300
telangana,nalgonda,huzurnagar,paddy(dhan)(common),b p t,19-08-2025,2320,2320,2320
telangana,nalgonda,suryapeta,arhar (tur/red gram)(whole),local,19-08-2025,3359,6059,6029
telangana,ranga reddy,chevella,tomato,deshi,19-08-2025,2500,2500,2500
telangana,ranga reddy,kukatpally(rythu bazar),banana - green,banana - green,19-08-2025,1100,1100,1100
telangana,ranga reddy,kukatpally(rythu bazar),bottle gourd,bottle gourd,19-08-2025,1100,1100,1100
telangana,ranga reddy,kukatpally(rythu bazar),cabbage,cabbage,19-08-2025,1300,1300,1300
telangana,ranga reddy,kukatpally(rythu bazar),field pea,field pea,19-08-2025,4000,4000,4000
telangana,ranga reddy,kukatpally(rythu bazar),french beans (frasbean),french beans (frasbean),19-08-2025,5500,5500,5500
telangana,ranga reddy,kukatpally(rythu bazar),tomato,deshi,19-08-2025,3500,3500,3500
telangana,warangal,jangaon,maize,local,19-08-2025,2225,2225,2225
tripura,north tripura,dasda,bhindi(ladies finger),bhindi,19-08-2025,3000,3500,3250
tripura,north tripura,dasda,rice,masuri,19-08-2025,3300,3500,3400
tripura,sepahijala,melaghar,pointed gourd (parval),other,19-08-2025,5500,6200,6000
tripura,sepahijala,melaghar,rice,masuri,19-08-2025,3900,4100,4000
uttar pradesh,agra,achnera,bhindi(ladies finger),bhindi,19-08-2025,1350,1450,1400
uttar pradesh,agra,achnera,bottle gourd,bottle gourd,19-08-2025,1300,1400,1350
uttar pradesh,agra,achnera,green gram (moong)(whole),green (whole),19-08-2025,8650,8750,8700
uttar pradesh,agra,achnera,onion,red,19-08-2025,1420,1500,1460
uttar pradesh,agra,fatehabad,green chilli,green chilly,19-08-2025,2500,3000,2700
uttar pradesh,agra,fatehabad,onion,red,19-08-2025,1000,1400,1200
uttar pradesh,aligarh,aligarh,banana - green,banana - green,19-08-2025,1800,1870,1830
uttar pradesh,aligarh,aligarh,brinjal,round,19-08-2025,1600,1710,1650
uttar pradesh,aligarh,aligarh,ghee,ghee,19-08-2025,53700,53800,53760
uttar pradesh,aligarh,aligarh,mousambi(sweet lime),mousambi,19-08-2025,3470,3600,3520
uttar pradesh,aligarh,aligarh,onion,red,19-08-2025,1300,1450,1370
uttar pradesh,aligarh,aligarh,pomegranate,pomogranate,19-08-2025,7000,7110,7050
uttar pradesh,aligarh,charra,cabbage,cabbage,19-08-2025,1400,1600,1500
uttar pradesh,amethi,sultanpur,apple,delicious,19-08-2025,8050,8130,8100
uttar pradesh,amethi,sultanpur,bitter gourd,bitter gourd,19-08-2025,2380,2435,2400
uttar pradesh,amethi,sultanpur,mousambi(sweet lime),mousambi,19-08-2025,3360,3425,3400
uttar pradesh,amethi,sultanpur,pomegranate,pomogranate,19-08-2025,6750,6835,6800
uttar pradesh,amroha,hasanpur,banana,other,19-08-2025,2100,3000,2520
uttar pradesh,amroha,hasanpur,bhindi(ladies finger),bhindi,19-08-2025,1410,1500,1450
uttar pradesh,amroha,hasanpur,brinjal,arkasheela mattigulla,19-08-2025,1410,1500,1450
uttar pradesh,amroha,hasanpur,cabbage,cabbage,19-08-2025,1410,1500,1450
uttar pradesh,amroha,hasanpur,capsicum,capsicum,19-08-2025,1410,1500,1450
uttar pradesh,amroha,hasanpur,cauliflower,local,19-08-2025,2100,3000,2520
uttar pradesh,amroha,hasanpur,ginger(green),green ginger,19-08-2025,2100,3000,2520
uttar pradesh,amroha,hasanpur,green chilli,green chilly,19-08-2025,1810,2000,1850
uttar pradesh,amroha,hasanpur,tomato,deshi,19-08-2025,1410,1500,1450
uttar pradesh,ayodhya,faizabad,brinjal,round/long,19-08-2025,1540,1700,1600
uttar pradesh,ayodhya,faizabad,green chilli,green chilly,19-08-2025,4900,5100,4950
uttar pradesh,ayodhya,faizabad,potato,desi,19-08-2025,1130,1260,1185
uttar pradesh,ayodhya,faizabad,wheat,dara,19-08-2025,2400,2470,2430
uttar pradesh,badaun,badayoun,cucumbar(kheera),cucumbar,19-08-2025,1900,2040,1960
uttar pradesh,badaun,badayoun,potato,desi,19-08-2025,900,980,940
uttar pradesh,badaun,badayoun,tomato,deshi,19-08-2025,4000,4200,4100
uttar pradesh,badaun,badayoun,wheat,dara,19-08-2025,2460,2570,2500
uttar pradesh,badaun,shahaswan,potato,potato,19-08-2025,900,1100,1000
uttar pradesh,badaun,wazirganj,apple,delicious,19-08-2025,7900,8000,7925
uttar pradesh,badaun,wazirganj,colacasia,colacasia,19-08-2025,2225,2275,2250
uttar pradesh,badaun,wazirganj,onion,red,19-08-2025,1250,1275,1265
uttar pradesh,baghpat,baraut,arhar dal(tur dal),arhar dal(tur),19-08-2025,10100,10350,10210
uttar pradesh,baghpat,baraut,bottle gourd,bottle gourd,19-08-2025,1400,1500,1450
uttar pradesh,baghpat,baraut,brinjal,round/long,19-08-2025,1650,1750,1700
uttar pradesh,baghpat,baraut,green chilli,green chilly,19-08-2025,4400,4620,4520
uttar pradesh,baghpat,baraut,rice,iii,19-08-2025,3200,3400,3300
uttar pradesh,baghpat,baraut,sugar,medium,19-08-2025,4200,4200,4200
uttar pradesh,balrampur,tulsipur,green chilli,green chilly,19-08-2025,1550,1640,1600
uttar pradesh,barabanki,barabanki,apple,delicious,19-08-2025,8610,8700,8660
uttar pradesh,barabanki,barabanki,cucumbar(kheera),cucumbar,19-08-2025,1960,2060,2010
uttar pradesh,barabanki,barabanki,pumpkin,pumpkin,19-08-2025,1510,1600,1560
uttar pradesh,bareilly,anwala,brinjal,brinjal,19-08-2025,1400,1600,1500
uttar pradesh,bareilly,bareilly,onion,red,19-08-2025,1275,1320,1300
uttar pradesh,bareilly,bareilly,potato,potato,19-08-2025,975,1000,990
uttar pradesh,bareilly,bareilly,wheat,dara,19-08-2025,2425,2450,2435
uttar pradesh,basti,basti,mousambi(sweet lime),mousambi,19-08-2025,3375,3575,3475
uttar pradesh,basti,basti,onion,red,19-08-2025,1350,1450,1400
uttar pradesh,basti,basti,rice,iii,19-08-2025,3215,3315,3265
uttar pradesh,bijnor,bijnaur,onion,red,19-08-2025,1360,1400,1380
uttar pradesh,bijnor,najibabad,bitter gourd,bitter gourd,19-08-2025,2000,2400,2200
uttar pradesh,bijnor,najibabad,brinjal,brinjal,19-08-2025,800,1000,900
uttar pradesh,bulandshahar,buland shahr,apple,delicious,19-08-2025,8700,9100,8900
uttar pradesh,bulandshahar,buland shahr,banana - green,banana - green,19-08-2025,1700,2000,1800
uttar pradesh,bulandshahar,buland shahr,brinjal,round/long,19-08-2025,1500,1900,1700
uttar pradesh,bulandshahar,buland shahr,colacasia,colacasia,19-08-2025,1850,2100,2000
uttar pradesh,bulandshahar,buland shahr,ginger(green),green ginger,19-08-2025,4390,4690,4590
uttar pradesh,bulandshahar,buland shahr,maize,yellow,19-08-2025,2250,2280,2270
uttar pradesh,bulandshahar,buland shahr,spinach,spinach,19-08-2025,1300,1700,1500
uttar pradesh,bulandshahar,gulavati,bhindi(ladies finger),other,19-08-2025,2100,2300,2200
uttar pradesh,bulandshahar,gulavati,bitter gourd,bitter gourd,19-08-2025,1500,1700,1600
uttar pradesh,bulandshahar,gulavati,onion,red,19-08-2025,1500,1700,1600
uttar pradesh,bulandshahar,gulavati,potato,desi,19-08-2025,1200,1400,1300
uttar pradesh,bulandshahar,gulavati,sponge gourd,other,19-08-2025,1300,1500,1400
uttar pradesh,bulandshahar,jahangirabad,bengal gram dal (chana dal),bengal gram dal,19-08-2025,7455,7695,7575
uttar pradesh,bulandshahar,jahangirabad,cucumbar(kheera),cucumbar,19-08-2025,1860,2070,1965
uttar pradesh,bulandshahar,jahangirabad,maize,yellow,19-08-2025,2260,2290,2275
uttar pradesh,bulandshahar,jahangirabad,onion,red,19-08-2025,1320,1500,1410
uttar pradesh,bulandshahar,jahangirabad,papaya,papaya,19-08-2025,2633,2840,2735
uttar pradesh,bulandshahar,jahangirabad,tomato,deshi,19-08-2025,3920,4100,4010
uttar pradesh,bulandshahar,jahangirabad,wheat,dara,19-08-2025,2545,2590,2570
uttar pradesh,bulandshahar,khurja,apple,delicious,19-08-2025,8700,9100,8900
uttar pradesh,bulandshahar,khurja,onion,red,19-08-2025,1300,1460,1380
uttar pradesh,bulandshahar,khurja,paddy(dhan)(basmati),basmati 1509,19-08-2025,2900,3050,3005
uttar pradesh,bulandshahar,khurja,rice,iii,19-08-2025,3150,3350,3250
uttar pradesh,etah,aliganj,wheat,dara,19-08-2025,2450,2465,2455
uttar pradesh,etawah,etawah,black gram dal (urd dal),black gram dal,19-08-2025,11400,11700,11600
uttar pradesh,etawah,etawah,bottle gourd,bottle gourd,19-08-2025,800,1100,1000
uttar pradesh,etawah,etawah,capsicum,capsicum,19-08-2025,5200,5500,5400
uttar pradesh,etawah,etawah,colacasia,arabi,19-08-2025,1200,1500,1400
uttar pradesh,etawah,etawah,cucumbar(kheera),cucumbar,19-08-2025,1600,1900,1800
uttar pradesh,etawah,etawah,ginger(green),green ginger,19-08-2025,3450,3750,3650
uttar pradesh,etawah,etawah,gur(jaggery),red,19-08-2025,4100,4400,4300
uttar pradesh,etawah,etawah,lemon,lemon,19-08-2025,3100,3400,3300
uttar pradesh,etawah,etawah,mustard,lohi black,19-08-2025,6900,7200,7100
uttar pradesh,etawah,etawah,pomegranate,pomogranate,19-08-2025,4300,4600,4500
uttar pradesh,etawah,etawah,rice,iii,19-08-2025,3050,3350,3250
uttar pradesh,etawah,etawah,tomato,hybrid,19-08-2025,3450,3750,3650
uttar pradesh,etawah,jasvantnagar,maize,yellow,19-08-2025,2200,2250,2225
uttar pradesh,farukhabad,farukhabad,banana,banana - ripe,19-08-2025,2800,2925,2850
uttar pradesh,farukhabad,farukhabad,gur(jaggery),red,19-08-2025,4000,4100,4050
uttar pradesh,farukhabad,farukhabad,maize,hybrid,19-08-2025,2100,2200,2160
uttar pradesh,farukhabad,farukhabad,onion,red,19-08-2025,1350,1500,1450
uttar pradesh,farukhabad,farukhabad,pomegranate,pomogranate,19-08-2025,5700,5850,5750
uttar pradesh,farukhabad,farukhabad,potato,local,19-08-2025,750,970,860
uttar pradesh,farukhabad,farukhabad,wheat,dara,19-08-2025,2480,2540,2515
uttar pradesh,farukhabad,kamlaganj,apple,apple,19-08-2025,8000,8020,8010
uttar pradesh,farukhabad,kamlaganj,maize,yellow,19-08-2025,2100,2150,2130
uttar pradesh,farukhabad,kamlaganj,tomato,hybrid,19-08-2025,4100,4200,4150
uttar pradesh,fatehpur,fatehpur,bengal gram(gram)(whole),desi (whole),19-08-2025,6400,6600,6510
uttar pradesh,fatehpur,fatehpur,bhindi(ladies finger),bhindi,19-08-2025,1600,1800,1700
uttar pradesh,fatehpur,fatehpur,cucumbar(kheera),cucumbar,19-08-2025,2050,2240,2150
uttar pradesh,fatehpur,fatehpur,potato,desi,19-08-2025,900,1100,1005
uttar pradesh,fatehpur,fatehpur,rice,iii,19-08-2025,2870,3085,2980
uttar pradesh,fatehpur,jahanabad,wood,eucalyptus,19-08-2025,400,420,410
uttar pradesh,fatehpur,khaga,apple,kasmir/shimla - ii,19-08-2025,8825,9100,9000
uttar pradesh,fatehpur,khaga,bottle gourd,bottle gourd,19-08-2025,1500,1625,1560
uttar pradesh,fatehpur,khaga,ginger(green),green ginger,19-08-2025,4100,4300,4175
uttar pradesh,fatehpur,khaga,green chilli,green chilly,19-08-2025,4650,4850,4730
uttar pradesh,fatehpur,khaga,pointed gourd (parval),pointed gourd (parval),19-08-2025,3350,3500,3400
uttar pradesh,fatehpur,khaga,sponge gourd,sponge gourd,19-08-2025,1800,2000,1870
uttar pradesh,fatehpur,khaga,wheat,dara,19-08-2025,2445,2590,2565
uttar pradesh,fatehpur,kishunpur,wheat,dara,19-08-2025,2450,2550,2500
uttar pradesh,firozabad,tundla,apple,apple,19-08-2025,8300,8550,8500
uttar pradesh,firozabad,tundla,bottle gourd,bottle gourd,19-08-2025,1075,1120,1100
uttar pradesh,firozabad,tundla,pumpkin,pumpkin,19-08-2025,1000,1050,1025
uttar pradesh,firozabad,tundla,tomato,deshi,19-08-2025,3975,4050,4000
uttar pradesh,gorakhpur,chorichora,arhar dal(tur dal),arhar dal(tur),19-08-2025,9200,9400,9300
uttar pradesh,gorakhpur,chorichora,green chilli,green chilly,19-08-2025,4500,4800,4600
uttar pradesh,gorakhpur,gorakhpur,apple,delicious,19-08-2025,8400,8750,8550
uttar pradesh,hardoi,shahabad(new mandi),onion,red,19-08-2025,1350,1450,1400
uttar pradesh,hathras,haathras,ginger(green),green ginger,19-08-2025,3500,3700,3640
uttar pradesh,hathras,haathras,green gram (moong)(whole),green (whole),19-08-2025,7200,7260,7240
uttar pradesh,hathras,haathras,mustard,sarson(black),19-08-2025,6700,6900,6820
uttar pradesh,hathras,haathras,paddy(dhan)(basmati),basmati 1509,19-08-2025,2750,2850,2820
uttar pradesh,jaunpur,mugrabaadshahpur,bengal gram dal (chana dal),bengal gram (split),19-08-2025,7450,7650,7550
uttar pradesh,jaunpur,mugrabaadshahpur,bengal gram(gram)(whole),desi (whole),19-08-2025,6570,6770,6670
uttar pradesh,jaunpur,mugrabaadshahpur,brinjal,brinjal,19-08-2025,1560,1760,1660
uttar pradesh,jaunpur,mugrabaadshahpur,green chilli,green chilly,19-08-2025,4885,5085,4985
uttar pradesh,jaunpur,mugrabaadshahpur,gur(jaggery),red,19-08-2025,4580,4780,4680
uttar pradesh,jaunpur,mugrabaadshahpur,lentil (masur)(whole),kala masoor new,19-08-2025,6825,7025,6925
uttar pradesh,jaunpur,mugrabaadshahpur,onion,red,19-08-2025,1310,1510,1410
uttar pradesh,jaunpur,mugrabaadshahpur,tomato,deshi,19-08-2025,4020,4220,4120
uttar pradesh,jhansi,jhansi,apple,delicious,19-08-2025,7200,7580,7480
uttar pradesh,jhansi,jhansi,ginger(green),green ginger,19-08-2025,3200,3800,3265
uttar pradesh,jhansi,jhansi,pumpkin,pumpkin,19-08-2025,1600,1750,1680
uttar pradesh,jhansi,jhansi,tomato,hybrid,19-08-2025,4200,4500,4250
uttar pradesh,kannuj,chhibramau,banana,banana - ripe,19-08-2025,2750,2950,2850
uttar pradesh,kannuj,chhibramau,bottle gourd,bottle gourd,19-08-2025,1050,1150,1100
uttar pradesh,kannuj,chhibramau,green chilli,green chilly,19-08-2025,4650,4850,4750
uttar pradesh,kannuj,chhibramau,lime,lime,19-08-2025,3900,4100,4000
uttar pradesh,kanpur,choubepur,bajra(pearl millet/cumbu),hybrid,19-08-2025,2200,2300,2235
uttar pradesh,kanpur,choubepur,bottle gourd,bottle gourd,19-08-2025,1100,1300,1200
uttar pradesh,kanpur,choubepur,cucumbar(kheera),cucumbar,19-08-2025,1900,2100,2000
uttar pradesh,kanpur,choubepur,green gram (moong)(whole),green (whole),19-08-2025,8600,8700,8682
uttar pradesh,kanpur,choubepur,maize,yellow,19-08-2025,2180,2275,2225
uttar pradesh,kanpur,choubepur,onion,red,19-08-2025,1350,1450,1400
uttar pradesh,kanpur,choubepur,tomato,hybrid,19-08-2025,3900,4100,4000
uttar pradesh,kanpur,kanpur(grain),arhar (tur/red gram)(whole),arhar (whole),19-08-2025,7580,7680,7630
uttar pradesh,kanpur,kanpur(grain),brinjal,round/long,19-08-2025,1540,1740,1640
uttar pradesh,kanpur,kanpur(grain),green chilli,green chilly,19-08-2025,5050,5250,5150
uttar pradesh,kanpur,kanpur(grain),mousambi(sweet lime),mousambi,19-08-2025,2700,2900,2800
uttar pradesh,kanpur,kanpur(grain),peas(dry),peas(dry),19-08-2025,4010,4110,4060
uttar pradesh,kanpur,kanpur(grain),rice,iii,19-08-2025,3120,3220,3170
uttar pradesh,kanpur,kanpur(grain),tomato,deshi,19-08-2025,4000,4200,4100
uttar pradesh,kaushambi,manjhanpur,potato,desi,19-08-2025,925,1085,1005
uttar pradesh,khiri (lakhimpur),maigalganj,green chilli,green chilly,19-08-2025,5600,5640,5620
uttar pradesh,khiri (lakhimpur),maigalganj,lemon,lemon,19-08-2025,4200,4265,4235
uttar pradesh,lalitpur,lalitpur,apple,kasmir/shimla - ii,19-08-2025,7250,7350,7300
uttar pradesh,lalitpur,lalitpur,cucumbar(kheera),cucumbar,19-08-2025,1700,1780,1740
uttar pradesh,lalitpur,lalitpur,mousambi(sweet lime),mousambi,19-08-2025,3730,3800,3760
uttar pradesh,lalitpur,lalitpur,onion,red,19-08-2025,1270,1330,1300
uttar pradesh,lucknow,lucknow,bengal gram dal (chana dal),bengal gram dal,19-08-2025,7450,7600,7520
uttar pradesh,lucknow,lucknow,black gram dal (urd dal),black gram dal,19-08-2025,10000,10200,10100
uttar pradesh,lucknow,lucknow,bottle gourd,bottle gourd,19-08-2025,1500,1620,1570
uttar pradesh,lucknow,lucknow,brinjal,round/long,19-08-2025,1780,1870,1830
uttar pradesh,lucknow,lucknow,ginger(green),green ginger,19-08-2025,3850,4000,3930
uttar pradesh,lucknow,lucknow,lemon,lemon,19-08-2025,4550,4750,4650
uttar pradesh,lucknow,lucknow,pomegranate,pomogranate,19-08-2025,6700,6850,6760
uttar pradesh,lucknow,lucknow,white peas,white peas,19-08-2025,4050,4150,4100
uttar pradesh,maharajganj,anandnagar,rice,iii,19-08-2025,2600,3000,2800
uttar pradesh,maharajganj,anandnagar,tomato,deshi,19-08-2025,1500,2200,1800
uttar pradesh,maharajganj,anandnagar,wheat,dara,19-08-2025,2450,2500,2500
uttar pradesh,maharajganj,gadaura,bottle gourd,bottle gourd,19-08-2025,1300,1500,1400
uttar pradesh,maharajganj,gadaura,onion,red,19-08-2025,1200,1400,1300
uttar pradesh,maharajganj,nautnava,garlic,average,19-08-2025,2000,2200,2100
uttar pradesh,maharajganj,nautnava,ginger(green),green ginger,19-08-2025,2000,2200,2100
uttar pradesh,maharajganj,nautnava,potato,desi,19-08-2025,800,1100,900
uttar pradesh,mainpuri,ghiraur,apple,delicious,19-08-2025,8200,8700,8500
uttar pradesh,mainpuri,ghiraur,bottle gourd,bottle gourd,19-08-2025,1075,1275,1175
uttar pradesh,mainpuri,ghiraur,cucumbar(kheera),cucumbar,19-08-2025,1500,1700,1600
uttar pradesh,mainpuri,ghiraur,potato,local,19-08-2025,875,1075,975
uttar pradesh,mainpuri,ghiraur,pumpkin,pumpkin,19-08-2025,1050,1250,1150
uttar pradesh,mainpuri,mainpuri,arhar dal(tur dal),arhar dal(tur),19-08-2025,9700,9800,9750
uttar pradesh,mainpuri,mainpuri,garlic,garlic,19-08-2025,5600,5800,5700
uttar pradesh,mainpuri,mainpuri,ginger(green),green ginger,19-08-2025,3600,3800,3700
uttar pradesh,mainpuri,mainpuri,green chilli,green chilly,19-08-2025,4400,4600,4500
uttar pradesh,mainpuri,mainpuri,groundnut,hybrid,19-08-2025,5900,6100,6000
uttar pradesh,mainpuri,mainpuri,tomato,deshi,19-08-2025,3900,4100,4030
uttar pradesh,mathura,kosikalan,brinjal,brinjal,19-08-2025,1300,1390,1345
uttar pradesh,mathura,kosikalan,garlic,desi,19-08-2025,5500,5600,5560
uttar pradesh,mathura,kosikalan,ginger(green),green ginger,19-08-2025,3300,3400,3360
uttar pradesh,mathura,kosikalan,green chilli,green chilly,19-08-2025,4700,4800,4760
uttar pradesh,mathura,kosikalan,green gram (moong)(whole),green (whole),19-08-2025,8600,8730,8670
uttar pradesh,mathura,kosikalan,lemon,lemon,19-08-2025,3500,3580,3540
uttar pradesh,mathura,kosikalan,mousambi(sweet lime),mousambi,19-08-2025,2700,2800,2760
uttar pradesh,mathura,kosikalan,sponge gourd,sponge gourd,19-08-2025,1500,1600,1550
uttar pradesh,mathura,kosikalan,wheat,dara,19-08-2025,2500,2600,2560
uttar pradesh,mathura,mathura,arhar dal(tur dal),arhar dal(tur),19-08-2025,9200,9500,9400
uttar pradesh,mathura,mathura,banana - green,banana - green,19-08-2025,1900,2100,2000
uttar pradesh,mathura,mathura,bhindi(ladies finger),bhindi,19-08-2025,1400,1600,1500
uttar pradesh,mathura,mathura,cabbage,cabbage,19-08-2025,1800,2100,2000
uttar pradesh,mathura,mathura,cauliflower,cauliflower,19-08-2025,3400,3800,3600
uttar pradesh,mathura,mathura,green chilli,green chilly,19-08-2025,4600,4900,4700
uttar pradesh,mathura,mathura,green gram (moong)(whole),green (whole),19-08-2025,8600,8750,8700
uttar pradesh,mathura,mathura,papaya,papaya,19-08-2025,3100,3500,3300
uttar pradesh,mau(maunathbhanjan),doharighat,cauliflower,other,19-08-2025,2400,2500,2450
uttar pradesh,mau(maunathbhanjan),doharighat,rice,1009 kar,19-08-2025,3900,4000,3965
uttar pradesh,mau(maunathbhanjan),kopaganj,apple,delicious,19-08-2025,7000,7200,7100
uttar pradesh,mau(maunathbhanjan),kopaganj,banana,medium,19-08-2025,1000,1200,1100
uttar pradesh,mau(maunathbhanjan),kopaganj,bitter gourd,bitter gourd,19-08-2025,1000,1200,1100
uttar pradesh,mau(maunathbhanjan),kopaganj,bottle gourd,bottle gourd,19-08-2025,1000,1200,1100
uttar pradesh,mau(maunathbhanjan),kopaganj,potato,desi,19-08-2025,900,1000,950
uttar pradesh,mau(maunathbhanjan),kopaganj,tomato,hybrid,19-08-2025,2000,2100,2050
uttar pradesh,meerut,meerut,apple,delicious,19-08-2025,9100,9300,9200
uttar pradesh,meerut,meerut,arhar dal(tur dal),arhar dal(tur),19-08-2025,9670,9770,9720
uttar pradesh,meerut,meerut,black gram (urd beans)(whole),black gram (whole),19-08-2025,8300,8500,8400
uttar pradesh,meerut,meerut,cabbage,cabbage,19-08-2025,1500,1700,1600
uttar pradesh,mirzapur,mirzapur,arhar dal(tur dal),arhar dal(tur),19-08-2025,9675,9765,9725
uttar pradesh,mirzapur,mirzapur,bengal gram dal (chana dal),bengal gram dal,19-08-2025,7425,7525,7480
uttar pradesh,mirzapur,mirzapur,bitter gourd,bitter gourd,19-08-2025,2345,2415,2380
uttar pradesh,mirzapur,mirzapur,cucumbar(kheera),cucumbar,19-08-2025,2100,2175,2145
uttar pradesh,mirzapur,mirzapur,lentil (masur)(whole),masoor gola,19-08-2025,6800,6900,6850
uttar pradesh,mirzapur,mirzapur,mustard,sarson(black),19-08-2025,6900,7025,6985
uttar pradesh,mirzapur,mirzapur,papaya,papaya,19-08-2025,2750,2845,2800
uttar pradesh,mirzapur,mirzapur,peas(dry),peas(dry),19-08-2025,4145,4200,4175
uttar pradesh,mirzapur,mirzapur,pumpkin,pumpkin,19-08-2025,1350,1400,1375
uttar pradesh,mirzapur,mirzapur,raddish,raddish,19-08-2025,2185,2300,2250
uttar pradesh,mirzapur,mirzapur,tomato,hybrid,19-08-2025,3900,4025,3965
uttar pradesh,pillibhit,puranpur,banana,banana - ripe,19-08-2025,2740,2820,2780
uttar pradesh,pillibhit,puranpur,bitter gourd,bitter gourd,19-08-2025,2145,2230,2185
uttar pradesh,pillibhit,puranpur,bottle gourd,bottle gourd,19-08-2025,1330,1400,1370
uttar pradesh,pillibhit,puranpur,brinjal,brinjal,19-08-2025,1655,1735,1699
uttar pradesh,pillibhit,puranpur,green chilli,green chilly,19-08-2025,4330,4410,4370
uttar pradesh,pillibhit,vishalpur,arhar dal(tur dal),arhar dal(tur),19-08-2025,10200,10300,10250
uttar pradesh,pillibhit,vishalpur,banana,banana - ripe,19-08-2025,2740,2785,2760
uttar pradesh,pillibhit,vishalpur,onion,red,19-08-2025,1190,1235,1210
uttar pradesh,pillibhit,vishalpur,potato,desi,19-08-2025,890,915,900
uttar pradesh,pratapgarh,pratapgarh,arhar dal(tur dal),arhar dal(tur),19-08-2025,10350,10650,10450
uttar pradesh,pratapgarh,pratapgarh,green chilli,green chilly,19-08-2025,4600,4800,4640
uttar pradesh,prayagraj,sirsa,fish,bata putti,19-08-2025,3200,3400,3300
uttar pradesh,raebarelli,bachranwa,bengal gram dal (chana dal),bengal gram dal,19-08-2025,7500,7525,7515
uttar pradesh,raebarelli,bachranwa,bottle gourd,bottle gourd,19-08-2025,1550,1650,1600
uttar pradesh,raebarelli,bachranwa,paddy(dhan)(common),common,19-08-2025,2275,2315,2300
uttar pradesh,raebarelli,bachranwa,rice,common,19-08-2025,3165,3200,3175
uttar pradesh,raebarelli,jayas,ginger(green),green ginger,19-08-2025,3860,3900,3875
uttar pradesh,raebarelli,jayas,onion,red,19-08-2025,1350,1375,1360
uttar pradesh,raebarelli,jayas,rice,common,19-08-2025,3260,3300,3275
uttar pradesh,raebarelli,jayas,tomato,hybrid,19-08-2025,4050,4150,4100
uttar pradesh,raebarelli,lalganj,paddy(dhan)(common),common,19-08-2025,2320,2450,2400
uttar pradesh,raebarelli,lalganj,potato,desi,19-08-2025,900,1100,1000
uttar pradesh,raebarelli,lalganj,wheat,dara,19-08-2025,2450,2590,2550
uttar pradesh,raebarelli,raibareilly,barley (jau),dara,19-08-2025,2325,2375,2350
uttar pradesh,raebarelli,raibareilly,bitter gourd,bitter gourd,19-08-2025,2260,2350,2300
uttar pradesh,raebarelli,raibareilly,guava,guava,19-08-2025,2300,2350,2325
uttar pradesh,raebarelli,raibareilly,mustard oil,mustard oil,19-08-2025,15375,15425,15400
uttar pradesh,raebarelli,raibareilly,paddy(dhan)(common),common,19-08-2025,2250,2305,2300
uttar pradesh,raebarelli,raibareilly,papaya,papaya,19-08-2025,2700,2800,2760
uttar pradesh,raebarelli,raibareilly,wheat,dara,19-08-2025,2480,2500,2490
uttar pradesh,rampur,rampur,banana,desi(bontha),19-08-2025,2750,2850,2800
uttar pradesh,rampur,rampur,mousambi(sweet lime),mousambi,19-08-2025,3400,3500,3450
uttar pradesh,rampur,rampur,rice,common,19-08-2025,3210,3310,3260
uttar pradesh,rampur,rampur,wheat,dara,19-08-2025,2520,2610,2560
uttar pradesh,saharanpur,chutmalpur,brinjal,brinjal,19-08-2025,900,1100,1000
uttar pradesh,saharanpur,chutmalpur,cauliflower,cauliflower,19-08-2025,1550,1750,1650
uttar pradesh,saharanpur,chutmalpur,ginger(green),green ginger,19-08-2025,4100,4300,4200
uttar pradesh,saharanpur,chutmalpur,raddish,raddish,19-08-2025,1300,1500,1400
uttar pradesh,saharanpur,chutmalpur,spinach,spinach,19-08-2025,1600,1800,1700
uttar pradesh,saharanpur,gangoh,garlic,garlic,19-08-2025,5000,5500,5400
uttar pradesh,saharanpur,saharanpur,apple,kasmir/shimla - ii,19-08-2025,7500,9000,8400
uttar pradesh,saharanpur,saharanpur,barley (jau),dara,19-08-2025,2300,2500,2400
uttar pradesh,saharanpur,saharanpur,garlic,garlic,19-08-2025,5800,6600,6200
uttar pradesh,saharanpur,saharanpur,lemon,lemon,19-08-2025,3900,4500,4200
uttar pradesh,saharanpur,saharanpur,onion,red,19-08-2025,1000,1300,1150
uttar pradesh,sambhal,sambhal,cauliflower,cauliflower,19-08-2025,1000,1750,1500
uttar pradesh,sant kabir nagar,khalilabad,bhindi(ladies finger),bhindi,19-08-2025,1400,1500,1425
uttar pradesh,sant kabir nagar,khalilabad,green chilli,green chilly,19-08-2025,1700,2000,1800
uttar pradesh,shahjahanpur,puwaha,bhindi(ladies finger),bhindi,19-08-2025,1650,1800,1725
uttar pradesh,shahjahanpur,puwaha,brinjal,round/long,19-08-2025,1600,1800,1700
uttar pradesh,shahjahanpur,puwaha,pumpkin,pumpkin,19-08-2025,1300,1400,1340
uttar pradesh,shahjahanpur,shahjahanpur,potato,desi,19-08-2025,1000,1100,1050
uttar pradesh,shahjahanpur,shahjahanpur,wheat,dara,19-08-2025,2480,2570,2540
uttar pradesh,shahjahanpur,tilhar,maize,yellow,19-08-2025,1980,2015,2000
uttar pradesh,shahjahanpur,tilhar,onion,red,19-08-2025,1330,1410,1370
uttar pradesh,shahjahanpur,tilhar,potato,desi,19-08-2025,1000,1080,1040
uttar pradesh,shahjahanpur,tilhar,raddish,raddish,19-08-2025,2060,2160,2110
uttar pradesh,shahjahanpur,tilhar,wheat,dara,19-08-2025,2490,2540,2520
uttar pradesh,shamli,kairana,cucumbar(kheera),cucumbar,19-08-2025,1500,1600,1550
uttar pradesh,shamli,kairana,onion,red,19-08-2025,1200,1300,1250
uttar pradesh,shamli,khandhla,bitter gourd,bitter gourd,19-08-2025,3200,3300,3250
uttar pradesh,shamli,khandhla,ginger(green),green ginger,19-08-2025,4800,4950,4850
uttar pradesh,shamli,khandhla,sponge gourd,sponge gourd,19-08-2025,2800,2900,2850
uttar pradesh,shamli,shamli,banana - green,banana - green,19-08-2025,1780,1880,1830
uttar pradesh,shamli,shamli,bitter gourd,bitter gourd,19-08-2025,2600,2700,2650
uttar pradesh,shamli,shamli,green gram dal (moong dal),green gram dal,19-08-2025,9600,9700,9650
uttar pradesh,shamli,shamli,gur(jaggery),yellow,19-08-2025,4150,4250,4200
uttar pradesh,shamli,shamli,maize,yellow,19-08-2025,2360,2440,2400
uttar pradesh,shamli,shamli,ridgeguard(tori),ridgeguard(tori),19-08-2025,2200,2300,2250
uttar pradesh,shravasti,payagpur,ginger(green),green ginger,19-08-2025,3700,4000,3800
uttar pradesh,shravasti,payagpur,little gourd (kundru),little gourd (kundru),19-08-2025,3400,3600,3500
uttar pradesh,sitapur,hargaon (laharpur),gur(jaggery),yellow,19-08-2025,3000,3200,3100
uttar pradesh,sitapur,hargaon (laharpur),onion,nasik,19-08-2025,1100,1200,1150
uttar pradesh,sitapur,hargaon (laharpur),wood, subabul,19-08-2025,500,600,550
uttar pradesh,sitapur,sitapur,potato,desi,19-08-2025,1000,1200,1155
uttar pradesh,sitapur,sitapur,pumpkin,pumpkin,19-08-2025,1420,1650,1500
uttar pradesh,sitapur,sitapur,white peas,white peas,19-08-2025,3800,4100,4030
uttar pradesh,unnao,bangarmau,apple,kasmir/shimla - ii,19-08-2025,8850,8950,8900
uttar pradesh,unnao,bangarmau,green chilli,green chilly,19-08-2025,4500,4600,4550
uttrakhand,dehradoon,dehradoon,banana,other,19-08-2025,1800,2500,2000
uttrakhand,dehradoon,dehradoon,bitter gourd,other,19-08-2025,1100,1450,1250
uttrakhand,dehradoon,dehradoon,potato,chips,19-08-2025,680,1000,800
uttrakhand,dehradoon,rishikesh,brinjal,brinjal,19-08-2025,1200,2000,1500
uttrakhand,dehradoon,rishikesh,colacasia,other,19-08-2025,1500,2200,1800
uttrakhand,dehradoon,rishikesh,green chilli,green chilly,19-08-2025,3200,4500,3800
uttrakhand,dehradoon,rishikesh,mango,chausa,19-08-2025,4500,6500,5500
uttrakhand,dehradoon,rishikesh,pomegranate,other,19-08-2025,8500,12500,11500
uttrakhand,dehradoon,rishikesh,potato,other,19-08-2025,1200,1550,1400
uttrakhand,garhwal (pauri),kotadwara,bhindi(ladies finger),other,19-08-2025,900,1100,1000
uttrakhand,haridwar,haridwar union,apple,other,19-08-2025,1200,2800,1500
uttrakhand,haridwar,haridwar union,bhindi(ladies finger),bhindi,19-08-2025,1000,1400,1200
uttrakhand,haridwar,haridwar union,papaya,other,19-08-2025,1800,2200,2000
uttrakhand,haridwar,haridwar union,tomato,hybrid,19-08-2025,3500,5000,4500
uttrakhand,haridwar,manglaur,guava,other,19-08-2025,1500,2000,1800
uttrakhand,haridwar,manglaur,potato,other,19-08-2025,1000,1300,1100
uttrakhand,haridwar,roorkee,carrot,other,19-08-2025,700,1000,800
uttrakhand,nanital,haldwani,banana,other,19-08-2025,800,1400,1200
uttrakhand,nanital,haldwani,mango,other,19-08-2025,2500,3000,2800
uttrakhand,nanital,ramnagar,onion,other,19-08-2025,1400,1500,1450
uttrakhand,nanital,ramnagar,paddy(dhan)(common),common,19-08-2025,2000,2300,2000
uttrakhand,udhamsinghnagar,bazpur,bottle gourd,other,19-08-2025,1500,1500,1500
uttrakhand,udhamsinghnagar,gadarpur,banana,other,19-08-2025,1200,1200,1200
uttrakhand,udhamsinghnagar,gadarpur,rice,other,19-08-2025,2495,3475,2950
uttrakhand,udhamsinghnagar,rudrapur,cabbage,other,19-08-2025,5000,7000,6000
uttrakhand,udhamsinghnagar,rudrapur,cucumbar(kheera),other,19-08-2025,2000,3000,2500
uttrakhand,udhamsinghnagar,rudrapur,green chilli,other,19-08-2025,5000,8000,7000
uttrakhand,udhamsinghnagar,rudrapur,potato,other,19-08-2025,800,1300,900
uttrakhand,udhamsinghnagar,rudrapur,pumpkin,other,19-08-2025,1500,2000,1800
west bengal,bankura,bankura sadar,masur dal,masur dal,19-08-2025,8500,9700,9600
west bengal,bankura,bankura sadar,mustard,mustard,19-08-2025,5850,6500,5950
west bengal,bankura,bankura sadar,potato,jyoti,19-08-2025,1160,1200,1180
west bengal,bankura,indus(bankura sadar),potato,jyoti,19-08-2025,1180,1220,1200
west bengal,bankura,indus(bankura sadar),rice,fine,19-08-2025,4550,4650,4600
west bengal,birbhum,rampurhat,paddy(dhan)(common),common,19-08-2025,2300,2320,2310
west bengal,coochbehar,baxirhat,bitter gourd,bitter gourd,19-08-2025,3600,3900,3700
west bengal,coochbehar,haldibari,pointed gourd (parval),other,19-08-2025,3400,3800,3600
west bengal,darjeeling,karsiyang(matigara),french beans (frasbean),other,19-08-2025,7000,8000,7500
west bengal,darjeeling,siliguri,arhar dal(tur dal),arhar dal(tur),19-08-2025,10900,11100,11000
west bengal,darjeeling,siliguri,green chilli,green chilly,19-08-2025,7000,8000,7500
west bengal,darjeeling,siliguri,green gram dal (moong dal),green gram dal,19-08-2025,9600,9800,9700
west bengal,darjeeling,siliguri,onion,other,19-08-2025,1800,2000,1900
west bengal,malda,english bazar,rice,common,19-08-2025,4100,4300,4200
west bengal,malda,samsi,rice,fine,19-08-2025,5100,5300,5200
west bengal,medinipur(w),ghatal,mustard,yellow (black),19-08-2025,6000,6200,6100
west bengal,medinipur(w),ghatal,potato,jyoti,19-08-2025,1400,1450,1420
west bengal,nadia,kalyani,brinjal,brinjal,19-08-2025,5000,6000,5500
west bengal,nadia,kalyani,cabbage,other,19-08-2025,3000,4000,3500
west bengal,nadia,kalyani,rice,fine,19-08-2025,4600,5000,4800
west bengal,nadia,kalyani,rice,sona,19-08-2025,3200,3400,3300
west bengal,nadia,kalyani,sweet pumpkin,sweet pumpkin,19-08-2025,2000,2200,2100
west bengal,north 24 parganas,barasat,bitter gourd,other,19-08-2025,5000,5000,5000
west bengal,north 24 parganas,barasat,potato,other,19-08-2025,1460,1460,1460
west bengal,paschim bardhaman,asansol,ginger(dry),other,19-08-2025,6250,6450,6400
west bengal,paschim bardhaman,asansol,mustard,other,19-08-2025,6850,7200,7050
west bengal,paschim bardhaman,asansol,mustard,other,19-08-2025,6200,6500,6365
west bengal,paschim bardhaman,durgapur,mustard oil,other,19-08-2025,15500,15700,15650
west bengal,paschim bardhaman,durgapur,rice,fine,19-08-2025,4350,4600,4500
west bengal,uttar dinajpur,kaliaganj,jute,td-5,19-08-2025,7400,7600,7500
west bengal,uttar dinajpur,raiganj,rice,fine,19-08-2025,3900,4100,4000
